{
  "type": "FeatureCollection",
  "features": [
    {
      "type": "Feature",
      "geometry": {
        "type": "Polygon",
        "coordinates": [
          [
            [
              17.385,
              78.486
            ],
            [
              17.38509009009009,
              78.486
            ],
            [
              17.38509009009009,
              78.48609440253135
            ],
            [
              17.385,
              78.48609440253135
            ],
            [
              17.385,
              78.486
            ]
          ]
        ]
      },
      "properties": {
        "tile_id": 0,
        "score": 0,
        "disease": null,
        "severity": "none",
        "last_seen": null,
        "detection_count": 0,
        "center_lat": 17.385045045045047,
        "center_lng": 78.48604720126568
      }
    },
    {
      "type": "Feature",
      "geometry": {
        "type": "Polygon",
        "coordinates": [
          [
            [
              17.385,
              78.48609440253135
            ],
            [
              17.38509009009009,
              78.48609440253135
            ],
            [
              17.38509009009009,
              78.4861888050627
            ],
            [
              17.385,
              78.4861888050627
            ],
            [
              17.385,
              78.48609440253135
            ]
          ]
        ]
      },
      "properties": {
        "tile_id": 1,
        "score": 0,
        "disease": null,
        "severity": "none",
        "last_seen": null,
        "detection_count": 0,
        "center_lat": 17.385045045045047,
        "center_lng": 78.48614160379702
      }
    },
    {
      "type": "Feature",
      "geometry": {
        "type": "Polygon",
        "coordinates": [
          [
            [
              17.385,
              78.4861888050627
            ],
            [
              17.38509009009009,
              78.4861888050627
            ],
            [
              17.38509009009009,
              78.48628320759404
            ],
            [
              17.385,
              78.48628320759404
            ],
            [
              17.385,
              78.4861888050627
            ]
          ]
        ]
      },
      "properties": {
        "tile_id": 2,
        "score": 0,
        "disease": null,
        "severity": "none",
        "last_seen": null,
        "detection_count": 0,
        "center_lat": 17.385045045045047,
        "center_lng": 78.48623600632837
      }
    },
    {
      "type": "Feature",
      "geometry": {
        "type": "Polygon",
        "coordinates": [
          [
            [
              17.385,
              78.48628320759404
            ],
            [
              17.38509009009009,
              78.48628320759404
            ],
            [
              17.38509009009009,
              78.48637761012539
            ],
            [
              17.385,
              78.48637761012539
            ],
            [
              17.385,
              78.48628320759404
            ]
          ]
        ]
      },
      "properties": {
        "tile_id": 3,
        "score": 0,
        "disease": null,
        "severity": "none",
        "last_seen": null,
        "detection_count": 0,
        "center_lat": 17.385045045045047,
        "center_lng": 78.48633040885971
      }
    },
    {
      "type": "Feature",
      "geometry": {
        "type": "Polygon",
        "coordinates": [
          [
            [
              17.385,
              78.48637761012539
            ],
            [
              17.38509009009009,
              78.48637761012539
            ],
            [
              17.38509009009009,
              78.48647201265673
            ],
            [
              17.385,
              78.48647201265673
            ],
            [
              17.385,
              78.48637761012539
            ]
          ]
        ]
      },
      "properties": {
        "tile_id": 4,
        "score": 0,
        "disease": null,
        "severity": "none",
        "last_seen": null,
        "detection_count": 0,
        "center_lat": 17.385045045045047,
        "center_lng": 78.48642481139106
      }
    },
    {
      "type": "Feature",
      "geometry": {
        "type": "Polygon",
        "coordinates": [
          [
            [
              17.385,
              78.48647201265673
            ],
            [
              17.38509009009009,
              78.48647201265673
            ],
            [
              17.38509009009009,
              78.48656641518808
            ],
            [
              17.385,
              78.48656641518808
            ],
            [
              17.385,
              78.48647201265673
            ]
          ]
        ]
      },
      "properties": {
        "tile_id": 5,
        "score": 0,
        "disease": null,
        "severity": "none",
        "last_seen": null,
        "detection_count": 0,
        "center_lat": 17.385045045045047,
        "center_lng": 78.4865192139224
      }
    },
    {
      "type": "Feature",
      "geometry": {
        "type": "Polygon",
        "coordinates": [
          [
            [
              17.385,
              78.48656641518808
            ],
            [
              17.38509009009009,
              78.48656641518808
            ],
            [
              17.38509009009009,
              78.48666081771943
            ],
            [
              17.385,
              78.48666081771943
            ],
            [
              17.385,
              78.48656641518808
            ]
          ]
        ]
      },
      "properties": {
        "tile_id": 6,
        "score": 0,
        "disease": null,
        "severity": "none",
        "last_seen": null,
        "detection_count": 0,
        "center_lat": 17.385045045045047,
        "center_lng": 78.48661361645375
      }
    },
    {
      "type": "Feature",
      "geometry": {
        "type": "Polygon",
        "coordinates": [
          [
            [
              17.385,
              78.48666081771943
            ],
            [
              17.38509009009009,
              78.48666081771943
            ],
            [
              17.38509009009009,
              78.48675522025077
            ],
            [
              17.385,
              78.48675522025077
            ],
            [
              17.385,
              78.48666081771943
            ]
          ]
        ]
      },
      "properties": {
        "tile_id": 7,
        "score": 0,
        "disease": null,
        "severity": "none",
        "last_seen": null,
        "detection_count": 0,
        "center_lat": 17.385045045045047,
        "center_lng": 78.4867080189851
      }
    },
    {
      "type": "Feature",
      "geometry": {
        "type": "Polygon",
        "coordinates": [
          [
            [
              17.385,
              78.48675522025077
            ],
            [
              17.38509009009009,
              78.48675522025077
            ],
            [
              17.38509009009009,
              78.48684962278212
            ],
            [
              17.385,
              78.48684962278212
            ],
            [
              17.385,
              78.48675522025077
            ]
          ]
        ]
      },
      "properties": {
        "tile_id": 8,
        "score": 0,
        "disease": null,
        "severity": "none",
        "last_seen": null,
        "detection_count": 0,
        "center_lat": 17.385045045045047,
        "center_lng": 78.48680242151644
      }
    },
    {
      "type": "Feature",
      "geometry": {
        "type": "Polygon",
        "coordinates": [
          [
            [
              17.385,
              78.48684962278212
            ],
            [
              17.38509009009009,
              78.48684962278212
            ],
            [
              17.38509009009009,
              78.48694402531346
            ],
            [
              17.385,
              78.48694402531346
            ],
            [
              17.385,
              78.48684962278212
            ]
          ]
        ]
      },
      "properties": {
        "tile_id": 9,
        "score": 0,
        "disease": null,
        "severity": "none",
        "last_seen": null,
        "detection_count": 0,
        "center_lat": 17.385045045045047,
        "center_lng": 78.48689682404779
      }
    },
    {
      "type": "Feature",
      "geometry": {
        "type": "Polygon",
        "coordinates": [
          [
            [
              17.385,
              78.48694402531346
            ],
            [
              17.38509009009009,
              78.48694402531346
            ],
            [
              17.38509009009009,
              78.48703842784481
            ],
            [
              17.385,
              78.48703842784481
            ],
            [
              17.385,
              78.48694402531346
            ]
          ]
        ]
      },
      "properties": {
        "tile_id": 10,
        "score": 0,
        "disease": null,
        "severity": "none",
        "last_seen": null,
        "detection_count": 0,
        "center_lat": 17.385045045045047,
        "center_lng": 78.48699122657914
      }
    },
    {
      "type": "Feature",
      "geometry": {
        "type": "Polygon",
        "coordinates": [
          [
            [
              17.385,
              78.48703842784481
            ],
            [
              17.38509009009009,
              78.48703842784481
            ],
            [
              17.38509009009009,
              78.48713283037615
            ],
            [
              17.385,
              78.48713283037615
            ],
            [
              17.385,
              78.48703842784481
            ]
          ]
        ]
      },
      "properties": {
        "tile_id": 11,
        "score": 0,
        "disease": null,
        "severity": "none",
        "last_seen": null,
        "detection_count": 0,
        "center_lat": 17.385045045045047,
        "center_lng": 78.48708562911048
      }
    },
    {
      "type": "Feature",
      "geometry": {
        "type": "Polygon",
        "coordinates": [
          [
            [
              17.385,
              78.48713283037615
            ],
            [
              17.38509009009009,
              78.48713283037615
            ],
            [
              17.38509009009009,
              78.4872272329075
            ],
            [
              17.385,
              78.4872272329075
            ],
            [
              17.385,
              78.48713283037615
            ]
          ]
        ]
      },
      "properties": {
        "tile_id": 12,
        "score": 0,
        "disease": null,
        "severity": "none",
        "last_seen": null,
        "detection_count": 0,
        "center_lat": 17.385045045045047,
        "center_lng": 78.48718003164183
      }
    },
    {
      "type": "Feature",
      "geometry": {
        "type": "Polygon",
        "coordinates": [
          [
            [
              17.385,
              78.4872272329075
            ],
            [
              17.38509009009009,
              78.4872272329075
            ],
            [
              17.38509009009009,
              78.48732163543885
            ],
            [
              17.385,
              78.48732163543885
            ],
            [
              17.385,
              78.4872272329075
            ]
          ]
        ]
      },
      "properties": {
        "tile_id": 13,
        "score": 0,
        "disease": null,
        "severity": "none",
        "last_seen": null,
        "detection_count": 0,
        "center_lat": 17.385045045045047,
        "center_lng": 78.48727443417317
      }
    },
    {
      "type": "Feature",
      "geometry": {
        "type": "Polygon",
        "coordinates": [
          [
            [
              17.385,
              78.48732163543885
            ],
            [
              17.38509009009009,
              78.48732163543885
            ],
            [
              17.38509009009009,
              78.48741603797019
            ],
            [
              17.385,
              78.48741603797019
            ],
            [
              17.385,
              78.48732163543885
            ]
          ]
        ]
      },
      "properties": {
        "tile_id": 14,
        "score": 0,
        "disease": null,
        "severity": "none",
        "last_seen": null,
        "detection_count": 0,
        "center_lat": 17.385045045045047,
        "center_lng": 78.48736883670452
      }
    },
    {
      "type": "Feature",
      "geometry": {
        "type": "Polygon",
        "coordinates": [
          [
            [
              17.385,
              78.48741603797019
            ],
            [
              17.38509009009009,
              78.48741603797019
            ],
            [
              17.38509009009009,
              78.48751044050154
            ],
            [
              17.385,
              78.48751044050154
            ],
            [
              17.385,
              78.48741603797019
            ]
          ]
        ]
      },
      "properties": {
        "tile_id": 15,
        "score": 0,
        "disease": null,
        "severity": "none",
        "last_seen": null,
        "detection_count": 0,
        "center_lat": 17.385045045045047,
        "center_lng": 78.48746323923586
      }
    },
    {
      "type": "Feature",
      "geometry": {
        "type": "Polygon",
        "coordinates": [
          [
            [
              17.385,
              78.48751044050154
            ],
            [
              17.38509009009009,
              78.48751044050154
            ],
            [
              17.38509009009009,
              78.48760484303288
            ],
            [
              17.385,
              78.48760484303288
            ],
            [
              17.385,
              78.48751044050154
            ]
          ]
        ]
      },
      "properties": {
        "tile_id": 16,
        "score": 0,
        "disease": null,
        "severity": "none",
        "last_seen": null,
        "detection_count": 0,
        "center_lat": 17.385045045045047,
        "center_lng": 78.48755764176721
      }
    },
    {
      "type": "Feature",
      "geometry": {
        "type": "Polygon",
        "coordinates": [
          [
            [
              17.385,
              78.48760484303288
            ],
            [
              17.38509009009009,
              78.48760484303288
            ],
            [
              17.38509009009009,
              78.48769924556423
            ],
            [
              17.385,
              78.48769924556423
            ],
            [
              17.385,
              78.48760484303288
            ]
          ]
        ]
      },
      "properties": {
        "tile_id": 17,
        "score": 0,
        "disease": null,
        "severity": "none",
        "last_seen": null,
        "detection_count": 0,
        "center_lat": 17.385045045045047,
        "center_lng": 78.48765204429856
      }
    },
    {
      "type": "Feature",
      "geometry": {
        "type": "Polygon",
        "coordinates": [
          [
            [
              17.385,
              78.48769924556423
            ],
            [
              17.38509009009009,
              78.48769924556423
            ],
            [
              17.38509009009009,
              78.48779364809558
            ],
            [
              17.385,
              78.48779364809558
            ],
            [
              17.385,
              78.48769924556423
            ]
          ]
        ]
      },
      "properties": {
        "tile_id": 18,
        "score": 0,
        "disease": null,
        "severity": "none",
        "last_seen": null,
        "detection_count": 0,
        "center_lat": 17.385045045045047,
        "center_lng": 78.4877464468299
      }
    },
    {
      "type": "Feature",
      "geometry": {
        "type": "Polygon",
        "coordinates": [
          [
            [
              17.385,
              78.48779364809558
            ],
            [
              17.38509009009009,
              78.48779364809558
            ],
            [
              17.38509009009009,
              78.48788805062692
            ],
            [
              17.385,
              78.48788805062692
            ],
            [
              17.385,
              78.48779364809558
            ]
          ]
        ]
      },
      "properties": {
        "tile_id": 19,
        "score": 0,
        "disease": null,
        "severity": "none",
        "last_seen": null,
        "detection_count": 0,
        "center_lat": 17.385045045045047,
        "center_lng": 78.48784084936125
      }
    },
    {
      "type": "Feature",
      "geometry": {
        "type": "Polygon",
        "coordinates": [
          [
            [
              17.385,
              78.48788805062692
            ],
            [
              17.38509009009009,
              78.48788805062692
            ],
            [
              17.38509009009009,
              78.48798245315827
            ],
            [
              17.385,
              78.48798245315827
            ],
            [
              17.385,
              78.48788805062692
            ]
          ]
        ]
      },
      "properties": {
        "tile_id": 20,
        "score": 0,
        "disease": null,
        "severity": "none",
        "last_seen": null,
        "detection_count": 0,
        "center_lat": 17.385045045045047,
        "center_lng": 78.4879352518926
      }
    },
    {
      "type": "Feature",
      "geometry": {
        "type": "Polygon",
        "coordinates": [
          [
            [
              17.385,
              78.48798245315827
            ],
            [
              17.38509009009009,
              78.48798245315827
            ],
            [
              17.38509009009009,
              78.48807685568961
            ],
            [
              17.385,
              78.48807685568961
            ],
            [
              17.385,
              78.48798245315827
            ]
          ]
        ]
      },
      "properties": {
        "tile_id": 21,
        "score": 0,
        "disease": null,
        "severity": "none",
        "last_seen": null,
        "detection_count": 0,
        "center_lat": 17.385045045045047,
        "center_lng": 78.48802965442394
      }
    },
    {
      "type": "Feature",
      "geometry": {
        "type": "Polygon",
        "coordinates": [
          [
            [
              17.385,
              78.48807685568961
            ],
            [
              17.38509009009009,
              78.48807685568961
            ],
            [
              17.38509009009009,
              78.48817125822096
            ],
            [
              17.385,
              78.48817125822096
            ],
            [
              17.385,
              78.48807685568961
            ]
          ]
        ]
      },
      "properties": {
        "tile_id": 22,
        "score": 0,
        "disease": null,
        "severity": "none",
        "last_seen": null,
        "detection_count": 0,
        "center_lat": 17.385045045045047,
        "center_lng": 78.48812405695529
      }
    },
    {
      "type": "Feature",
      "geometry": {
        "type": "Polygon",
        "coordinates": [
          [
            [
              17.385,
              78.48817125822096
            ],
            [
              17.38509009009009,
              78.48817125822096
            ],
            [
              17.38509009009009,
              78.4882656607523
            ],
            [
              17.385,
              78.4882656607523
            ],
            [
              17.385,
              78.48817125822096
            ]
          ]
        ]
      },
      "properties": {
        "tile_id": 23,
        "score": 0,
        "disease": null,
        "severity": "none",
        "last_seen": null,
        "detection_count": 0,
        "center_lat": 17.385045045045047,
        "center_lng": 78.48821845948663
      }
    },
    {
      "type": "Feature",
      "geometry": {
        "type": "Polygon",
        "coordinates": [
          [
            [
              17.385,
              78.4882656607523
            ],
            [
              17.38509009009009,
              78.4882656607523
            ],
            [
              17.38509009009009,
              78.48836006328365
            ],
            [
              17.385,
              78.48836006328365
            ],
            [
              17.385,
              78.4882656607523
            ]
          ]
        ]
      },
      "properties": {
        "tile_id": 24,
        "score": 0,
        "disease": null,
        "severity": "none",
        "last_seen": null,
        "detection_count": 0,
        "center_lat": 17.385045045045047,
        "center_lng": 78.48831286201798
      }
    },
    {
      "type": "Feature",
      "geometry": {
        "type": "Polygon",
        "coordinates": [
          [
            [
              17.385,
              78.48836006328365
            ],
            [
              17.38509009009009,
              78.48836006328365
            ],
            [
              17.38509009009009,
              78.488454465815
            ],
            [
              17.385,
              78.488454465815
            ],
            [
              17.385,
              78.48836006328365
            ]
          ]
        ]
      },
      "properties": {
        "tile_id": 25,
        "score": 0,
        "disease": null,
        "severity": "none",
        "last_seen": null,
        "detection_count": 0,
        "center_lat": 17.385045045045047,
        "center_lng": 78.48840726454932
      }
    },
    {
      "type": "Feature",
      "geometry": {
        "type": "Polygon",
        "coordinates": [
          [
            [
              17.385,
              78.488454465815
            ],
            [
              17.38509009009009,
              78.488454465815
            ],
            [
              17.38509009009009,
              78.48854886834634
            ],
            [
              17.385,
              78.48854886834634
            ],
            [
              17.385,
              78.488454465815
            ]
          ]
        ]
      },
      "properties": {
        "tile_id": 26,
        "score": 0,
        "disease": null,
        "severity": "none",
        "last_seen": null,
        "detection_count": 0,
        "center_lat": 17.385045045045047,
        "center_lng": 78.48850166708067
      }
    },
    {
      "type": "Feature",
      "geometry": {
        "type": "Polygon",
        "coordinates": [
          [
            [
              17.385,
              78.48854886834634
            ],
            [
              17.38509009009009,
              78.48854886834634
            ],
            [
              17.38509009009009,
              78.48864327087769
            ],
            [
              17.385,
              78.48864327087769
            ],
            [
              17.385,
              78.48854886834634
            ]
          ]
        ]
      },
      "properties": {
        "tile_id": 27,
        "score": 0,
        "disease": null,
        "severity": "none",
        "last_seen": null,
        "detection_count": 0,
        "center_lat": 17.385045045045047,
        "center_lng": 78.48859606961202
      }
    },
    {
      "type": "Feature",
      "geometry": {
        "type": "Polygon",
        "coordinates": [
          [
            [
              17.385,
              78.48864327087769
            ],
            [
              17.38509009009009,
              78.48864327087769
            ],
            [
              17.38509009009009,
              78.48873767340903
            ],
            [
              17.385,
              78.48873767340903
            ],
            [
              17.385,
              78.48864327087769
            ]
          ]
        ]
      },
      "properties": {
        "tile_id": 28,
        "score": 0,
        "disease": null,
        "severity": "none",
        "last_seen": null,
        "detection_count": 0,
        "center_lat": 17.385045045045047,
        "center_lng": 78.48869047214336
      }
    },
    {
      "type": "Feature",
      "geometry": {
        "type": "Polygon",
        "coordinates": [
          [
            [
              17.385,
              78.48873767340903
            ],
            [
              17.38509009009009,
              78.48873767340903
            ],
            [
              17.38509009009009,
              78.48883207594038
            ],
            [
              17.385,
              78.48883207594038
            ],
            [
              17.385,
              78.48873767340903
            ]
          ]
        ]
      },
      "properties": {
        "tile_id": 29,
        "score": 0,
        "disease": null,
        "severity": "none",
        "last_seen": null,
        "detection_count": 0,
        "center_lat": 17.385045045045047,
        "center_lng": 78.4887848746747
      }
    },
    {
      "type": "Feature",
      "geometry": {
        "type": "Polygon",
        "coordinates": [
          [
            [
              17.385,
              78.48883207594038
            ],
            [
              17.38509009009009,
              78.48883207594038
            ],
            [
              17.38509009009009,
              78.48892647847173
            ],
            [
              17.385,
              78.48892647847173
            ],
            [
              17.385,
              78.48883207594038
            ]
          ]
        ]
      },
      "properties": {
        "tile_id": 30,
        "score": 0,
        "disease": null,
        "severity": "none",
        "last_seen": null,
        "detection_count": 0,
        "center_lat": 17.385045045045047,
        "center_lng": 78.48887927720605
      }
    },
    {
      "type": "Feature",
      "geometry": {
        "type": "Polygon",
        "coordinates": [
          [
            [
              17.385,
              78.48892647847173
            ],
            [
              17.38509009009009,
              78.48892647847173
            ],
            [
              17.38509009009009,
              78.48902088100307
            ],
            [
              17.385,
              78.48902088100307
            ],
            [
              17.385,
              78.48892647847173
            ]
          ]
        ]
      },
      "properties": {
        "tile_id": 31,
        "score": 0,
        "disease": null,
        "severity": "none",
        "last_seen": null,
        "detection_count": 0,
        "center_lat": 17.385045045045047,
        "center_lng": 78.4889736797374
      }
    },
    {
      "type": "Feature",
      "geometry": {
        "type": "Polygon",
        "coordinates": [
          [
            [
              17.38509009009009,
              78.486
            ],
            [
              17.385180180180182,
              78.486
            ],
            [
              17.385180180180182,
              78.48609440253135
            ],
            [
              17.38509009009009,
              78.48609440253135
            ],
            [
              17.38509009009009,
              78.486
            ]
          ]
        ]
      },
      "properties": {
        "tile_id": 32,
        "score": 0,
        "disease": null,
        "severity": "none",
        "last_seen": null,
        "detection_count": 0,
        "center_lat": 17.385135135135137,
        "center_lng": 78.48604720126568
      }
    },
    {
      "type": "Feature",
      "geometry": {
        "type": "Polygon",
        "coordinates": [
          [
            [
              17.38509009009009,
              78.48609440253135
            ],
            [
              17.385180180180182,
              78.48609440253135
            ],
            [
              17.385180180180182,
              78.4861888050627
            ],
            [
              17.38509009009009,
              78.4861888050627
            ],
            [
              17.38509009009009,
              78.48609440253135
            ]
          ]
        ]
      },
      "properties": {
        "tile_id": 33,
        "score": 0,
        "disease": null,
        "severity": "none",
        "last_seen": null,
        "detection_count": 0,
        "center_lat": 17.385135135135137,
        "center_lng": 78.48614160379702
      }
    },
    {
      "type": "Feature",
      "geometry": {
        "type": "Polygon",
        "coordinates": [
          [
            [
              17.38509009009009,
              78.4861888050627
            ],
            [
              17.385180180180182,
              78.4861888050627
            ],
            [
              17.385180180180182,
              78.48628320759404
            ],
            [
              17.38509009009009,
              78.48628320759404
            ],
            [
              17.38509009009009,
              78.4861888050627
            ]
          ]
        ]
      },
      "properties": {
        "tile_id": 34,
        "score": 0,
        "disease": null,
        "severity": "none",
        "last_seen": null,
        "detection_count": 0,
        "center_lat": 17.385135135135137,
        "center_lng": 78.48623600632837
      }
    },
    {
      "type": "Feature",
      "geometry": {
        "type": "Polygon",
        "coordinates": [
          [
            [
              17.38509009009009,
              78.48628320759404
            ],
            [
              17.385180180180182,
              78.48628320759404
            ],
            [
              17.385180180180182,
              78.48637761012539
            ],
            [
              17.38509009009009,
              78.48637761012539
            ],
            [
              17.38509009009009,
              78.48628320759404
            ]
          ]
        ]
      },
      "properties": {
        "tile_id": 35,
        "score": 0,
        "disease": null,
        "severity": "none",
        "last_seen": null,
        "detection_count": 0,
        "center_lat": 17.385135135135137,
        "center_lng": 78.48633040885971
      }
    },
    {
      "type": "Feature",
      "geometry": {
        "type": "Polygon",
        "coordinates": [
          [
            [
              17.38509009009009,
              78.48637761012539
            ],
            [
              17.385180180180182,
              78.48637761012539
            ],
            [
              17.385180180180182,
              78.48647201265673
            ],
            [
              17.38509009009009,
              78.48647201265673
            ],
            [
              17.38509009009009,
              78.48637761012539
            ]
          ]
        ]
      },
      "properties": {
        "tile_id": 36,
        "score": 0,
        "disease": null,
        "severity": "none",
        "last_seen": null,
        "detection_count": 0,
        "center_lat": 17.385135135135137,
        "center_lng": 78.48642481139106
      }
    },
    {
      "type": "Feature",
      "geometry": {
        "type": "Polygon",
        "coordinates": [
          [
            [
              17.38509009009009,
              78.48647201265673
            ],
            [
              17.385180180180182,
              78.48647201265673
            ],
            [
              17.385180180180182,
              78.48656641518808
            ],
            [
              17.38509009009009,
              78.48656641518808
            ],
            [
              17.38509009009009,
              78.48647201265673
            ]
          ]
        ]
      },
      "properties": {
        "tile_id": 37,
        "score": 0,
        "disease": null,
        "severity": "none",
        "last_seen": null,
        "detection_count": 0,
        "center_lat": 17.385135135135137,
        "center_lng": 78.4865192139224
      }
    },
    {
      "type": "Feature",
      "geometry": {
        "type": "Polygon",
        "coordinates": [
          [
            [
              17.38509009009009,
              78.48656641518808
            ],
            [
              17.385180180180182,
              78.48656641518808
            ],
            [
              17.385180180180182,
              78.48666081771943
            ],
            [
              17.38509009009009,
              78.48666081771943
            ],
            [
              17.38509009009009,
              78.48656641518808
            ]
          ]
        ]
      },
      "properties": {
        "tile_id": 38,
        "score": 0,
        "disease": null,
        "severity": "none",
        "last_seen": null,
        "detection_count": 0,
        "center_lat": 17.385135135135137,
        "center_lng": 78.48661361645375
      }
    },
    {
      "type": "Feature",
      "geometry": {
        "type": "Polygon",
        "coordinates": [
          [
            [
              17.38509009009009,
              78.48666081771943
            ],
            [
              17.385180180180182,
              78.48666081771943
            ],
            [
              17.385180180180182,
              78.48675522025077
            ],
            [
              17.38509009009009,
              78.48675522025077
            ],
            [
              17.38509009009009,
              78.48666081771943
            ]
          ]
        ]
      },
      "properties": {
        "tile_id": 39,
        "score": 0,
        "disease": null,
        "severity": "none",
        "last_seen": null,
        "detection_count": 0,
        "center_lat": 17.385135135135137,
        "center_lng": 78.4867080189851
      }
    },
    {
      "type": "Feature",
      "geometry": {
        "type": "Polygon",
        "coordinates": [
          [
            [
              17.38509009009009,
              78.48675522025077
            ],
            [
              17.385180180180182,
              78.48675522025077
            ],
            [
              17.385180180180182,
              78.48684962278212
            ],
            [
              17.38509009009009,
              78.48684962278212
            ],
            [
              17.38509009009009,
              78.48675522025077
            ]
          ]
        ]
      },
      "properties": {
        "tile_id": 40,
        "score": 0,
        "disease": null,
        "severity": "none",
        "last_seen": null,
        "detection_count": 0,
        "center_lat": 17.385135135135137,
        "center_lng": 78.48680242151644
      }
    },
    {
      "type": "Feature",
      "geometry": {
        "type": "Polygon",
        "coordinates": [
          [
            [
              17.38509009009009,
              78.48684962278212
            ],
            [
              17.385180180180182,
              78.48684962278212
            ],
            [
              17.385180180180182,
              78.48694402531346
            ],
            [
              17.38509009009009,
              78.48694402531346
            ],
            [
              17.38509009009009,
              78.48684962278212
            ]
          ]
        ]
      },
      "properties": {
        "tile_id": 41,
        "score": 0,
        "disease": null,
        "severity": "none",
        "last_seen": null,
        "detection_count": 0,
        "center_lat": 17.385135135135137,
        "center_lng": 78.48689682404779
      }
    },
    {
      "type": "Feature",
      "geometry": {
        "type": "Polygon",
        "coordinates": [
          [
            [
              17.38509009009009,
              78.48694402531346
            ],
            [
              17.385180180180182,
              78.48694402531346
            ],
            [
              17.385180180180182,
              78.48703842784481
            ],
            [
              17.38509009009009,
              78.48703842784481
            ],
            [
              17.38509009009009,
              78.48694402531346
            ]
          ]
        ]
      },
      "properties": {
        "tile_id": 42,
        "score": 0,
        "disease": null,
        "severity": "none",
        "last_seen": null,
        "detection_count": 0,
        "center_lat": 17.385135135135137,
        "center_lng": 78.48699122657914
      }
    },
    {
      "type": "Feature",
      "geometry": {
        "type": "Polygon",
        "coordinates": [
          [
            [
              17.38509009009009,
              78.48703842784481
            ],
            [
              17.385180180180182,
              78.48703842784481
            ],
            [
              17.385180180180182,
              78.48713283037615
            ],
            [
              17.38509009009009,
              78.48713283037615
            ],
            [
              17.38509009009009,
              78.48703842784481
            ]
          ]
        ]
      },
      "properties": {
        "tile_id": 43,
        "score": 0,
        "disease": null,
        "severity": "none",
        "last_seen": null,
        "detection_count": 0,
        "center_lat": 17.385135135135137,
        "center_lng": 78.48708562911048
      }
    },
    {
      "type": "Feature",
      "geometry": {
        "type": "Polygon",
        "coordinates": [
          [
            [
              17.38509009009009,
              78.48713283037615
            ],
            [
              17.385180180180182,
              78.48713283037615
            ],
            [
              17.385180180180182,
              78.4872272329075
            ],
            [
              17.38509009009009,
              78.4872272329075
            ],
            [
              17.38509009009009,
              78.48713283037615
            ]
          ]
        ]
      },
      "properties": {
        "tile_id": 44,
        "score": 0,
        "disease": null,
        "severity": "none",
        "last_seen": null,
        "detection_count": 0,
        "center_lat": 17.385135135135137,
        "center_lng": 78.48718003164183
      }
    },
    {
      "type": "Feature",
      "geometry": {
        "type": "Polygon",
        "coordinates": [
          [
            [
              17.38509009009009,
              78.4872272329075
            ],
            [
              17.385180180180182,
              78.4872272329075
            ],
            [
              17.385180180180182,
              78.48732163543885
            ],
            [
              17.38509009009009,
              78.48732163543885
            ],
            [
              17.38509009009009,
              78.4872272329075
            ]
          ]
        ]
      },
      "properties": {
        "tile_id": 45,
        "score": 0,
        "disease": null,
        "severity": "none",
        "last_seen": null,
        "detection_count": 0,
        "center_lat": 17.385135135135137,
        "center_lng": 78.48727443417317
      }
    },
    {
      "type": "Feature",
      "geometry": {
        "type": "Polygon",
        "coordinates": [
          [
            [
              17.38509009009009,
              78.48732163543885
            ],
            [
              17.385180180180182,
              78.48732163543885
            ],
            [
              17.385180180180182,
              78.48741603797019
            ],
            [
              17.38509009009009,
              78.48741603797019
            ],
            [
              17.38509009009009,
              78.48732163543885
            ]
          ]
        ]
      },
      "properties": {
        "tile_id": 46,
        "score": 0,
        "disease": null,
        "severity": "none",
        "last_seen": null,
        "detection_count": 0,
        "center_lat": 17.385135135135137,
        "center_lng": 78.48736883670452
      }
    },
    {
      "type": "Feature",
      "geometry": {
        "type": "Polygon",
        "coordinates": [
          [
            [
              17.38509009009009,
              78.48741603797019
            ],
            [
              17.385180180180182,
              78.48741603797019
            ],
            [
              17.385180180180182,
              78.48751044050154
            ],
            [
              17.38509009009009,
              78.48751044050154
            ],
            [
              17.38509009009009,
              78.48741603797019
            ]
          ]
        ]
      },
      "properties": {
        "tile_id": 47,
        "score": 0,
        "disease": null,
        "severity": "none",
        "last_seen": null,
        "detection_count": 0,
        "center_lat": 17.385135135135137,
        "center_lng": 78.48746323923586
      }
    },
    {
      "type": "Feature",
      "geometry": {
        "type": "Polygon",
        "coordinates": [
          [
            [
              17.38509009009009,
              78.48751044050154
            ],
            [
              17.385180180180182,
              78.48751044050154
            ],
            [
              17.385180180180182,
              78.48760484303288
            ],
            [
              17.38509009009009,
              78.48760484303288
            ],
            [
              17.38509009009009,
              78.48751044050154
            ]
          ]
        ]
      },
      "properties": {
        "tile_id": 48,
        "score": 0,
        "disease": null,
        "severity": "none",
        "last_seen": null,
        "detection_count": 0,
        "center_lat": 17.385135135135137,
        "center_lng": 78.48755764176721
      }
    },
    {
      "type": "Feature",
      "geometry": {
        "type": "Polygon",
        "coordinates": [
          [
            [
              17.38509009009009,
              78.48760484303288
            ],
            [
              17.385180180180182,
              78.48760484303288
            ],
            [
              17.385180180180182,
              78.48769924556423
            ],
            [
              17.38509009009009,
              78.48769924556423
            ],
            [
              17.38509009009009,
              78.48760484303288
            ]
          ]
        ]
      },
      "properties": {
        "tile_id": 49,
        "score": 0,
        "disease": null,
        "severity": "none",
        "last_seen": null,
        "detection_count": 0,
        "center_lat": 17.385135135135137,
        "center_lng": 78.48765204429856
      }
    },
    {
      "type": "Feature",
      "geometry": {
        "type": "Polygon",
        "coordinates": [
          [
            [
              17.38509009009009,
              78.48769924556423
            ],
            [
              17.385180180180182,
              78.48769924556423
            ],
            [
              17.385180180180182,
              78.48779364809558
            ],
            [
              17.38509009009009,
              78.48779364809558
            ],
            [
              17.38509009009009,
              78.48769924556423
            ]
          ]
        ]
      },
      "properties": {
        "tile_id": 50,
        "score": 0,
        "disease": null,
        "severity": "none",
        "last_seen": null,
        "detection_count": 0,
        "center_lat": 17.385135135135137,
        "center_lng": 78.4877464468299
      }
    },
    {
      "type": "Feature",
      "geometry": {
        "type": "Polygon",
        "coordinates": [
          [
            [
              17.38509009009009,
              78.48779364809558
            ],
            [
              17.385180180180182,
              78.48779364809558
            ],
            [
              17.385180180180182,
              78.48788805062692
            ],
            [
              17.38509009009009,
              78.48788805062692
            ],
            [
              17.38509009009009,
              78.48779364809558
            ]
          ]
        ]
      },
      "properties": {
        "tile_id": 51,
        "score": 0,
        "disease": null,
        "severity": "none",
        "last_seen": null,
        "detection_count": 0,
        "center_lat": 17.385135135135137,
        "center_lng": 78.48784084936125
      }
    },
    {
      "type": "Feature",
      "geometry": {
        "type": "Polygon",
        "coordinates": [
          [
            [
              17.38509009009009,
              78.48788805062692
            ],
            [
              17.385180180180182,
              78.48788805062692
            ],
            [
              17.385180180180182,
              78.48798245315827
            ],
            [
              17.38509009009009,
              78.48798245315827
            ],
            [
              17.38509009009009,
              78.48788805062692
            ]
          ]
        ]
      },
      "properties": {
        "tile_id": 52,
        "score": 0,
        "disease": null,
        "severity": "none",
        "last_seen": null,
        "detection_count": 0,
        "center_lat": 17.385135135135137,
        "center_lng": 78.4879352518926
      }
    },
    {
      "type": "Feature",
      "geometry": {
        "type": "Polygon",
        "coordinates": [
          [
            [
              17.38509009009009,
              78.48798245315827
            ],
            [
              17.385180180180182,
              78.48798245315827
            ],
            [
              17.385180180180182,
              78.48807685568961
            ],
            [
              17.38509009009009,
              78.48807685568961
            ],
            [
              17.38509009009009,
              78.48798245315827
            ]
          ]
        ]
      },
      "properties": {
        "tile_id": 53,
        "score": 0,
        "disease": null,
        "severity": "none",
        "last_seen": null,
        "detection_count": 0,
        "center_lat": 17.385135135135137,
        "center_lng": 78.48802965442394
      }
    },
    {
      "type": "Feature",
      "geometry": {
        "type": "Polygon",
        "coordinates": [
          [
            [
              17.38509009009009,
              78.48807685568961
            ],
            [
              17.385180180180182,
              78.48807685568961
            ],
            [
              17.385180180180182,
              78.48817125822096
            ],
            [
              17.38509009009009,
              78.48817125822096
            ],
            [
              17.38509009009009,
              78.48807685568961
            ]
          ]
        ]
      },
      "properties": {
        "tile_id": 54,
        "score": 0,
        "disease": null,
        "severity": "none",
        "last_seen": null,
        "detection_count": 0,
        "center_lat": 17.385135135135137,
        "center_lng": 78.48812405695529
      }
    },
    {
      "type": "Feature",
      "geometry": {
        "type": "Polygon",
        "coordinates": [
          [
            [
              17.38509009009009,
              78.48817125822096
            ],
            [
              17.385180180180182,
              78.48817125822096
            ],
            [
              17.385180180180182,
              78.4882656607523
            ],
            [
              17.38509009009009,
              78.4882656607523
            ],
            [
              17.38509009009009,
              78.48817125822096
            ]
          ]
        ]
      },
      "properties": {
        "tile_id": 55,
        "score": 0,
        "disease": null,
        "severity": "none",
        "last_seen": null,
        "detection_count": 0,
        "center_lat": 17.385135135135137,
        "center_lng": 78.48821845948663
      }
    },
    {
      "type": "Feature",
      "geometry": {
        "type": "Polygon",
        "coordinates": [
          [
            [
              17.38509009009009,
              78.4882656607523
            ],
            [
              17.385180180180182,
              78.4882656607523
            ],
            [
              17.385180180180182,
              78.48836006328365
            ],
            [
              17.38509009009009,
              78.48836006328365
            ],
            [
              17.38509009009009,
              78.4882656607523
            ]
          ]
        ]
      },
      "properties": {
        "tile_id": 56,
        "score": 0,
        "disease": null,
        "severity": "none",
        "last_seen": null,
        "detection_count": 0,
        "center_lat": 17.385135135135137,
        "center_lng": 78.48831286201798
      }
    },
    {
      "type": "Feature",
      "geometry": {
        "type": "Polygon",
        "coordinates": [
          [
            [
              17.38509009009009,
              78.48836006328365
            ],
            [
              17.385180180180182,
              78.48836006328365
            ],
            [
              17.385180180180182,
              78.488454465815
            ],
            [
              17.38509009009009,
              78.488454465815
            ],
            [
              17.38509009009009,
              78.48836006328365
            ]
          ]
        ]
      },
      "properties": {
        "tile_id": 57,
        "score": 0,
        "disease": null,
        "severity": "none",
        "last_seen": null,
        "detection_count": 0,
        "center_lat": 17.385135135135137,
        "center_lng": 78.48840726454932
      }
    },
    {
      "type": "Feature",
      "geometry": {
        "type": "Polygon",
        "coordinates": [
          [
            [
              17.38509009009009,
              78.488454465815
            ],
            [
              17.385180180180182,
              78.488454465815
            ],
            [
              17.385180180180182,
              78.48854886834634
            ],
            [
              17.38509009009009,
              78.48854886834634
            ],
            [
              17.38509009009009,
              78.488454465815
            ]
          ]
        ]
      },
      "properties": {
        "tile_id": 58,
        "score": 0,
        "disease": null,
        "severity": "none",
        "last_seen": null,
        "detection_count": 0,
        "center_lat": 17.385135135135137,
        "center_lng": 78.48850166708067
      }
    },
    {
      "type": "Feature",
      "geometry": {
        "type": "Polygon",
        "coordinates": [
          [
            [
              17.38509009009009,
              78.48854886834634
            ],
            [
              17.385180180180182,
              78.48854886834634
            ],
            [
              17.385180180180182,
              78.48864327087769
            ],
            [
              17.38509009009009,
              78.48864327087769
            ],
            [
              17.38509009009009,
              78.48854886834634
            ]
          ]
        ]
      },
      "properties": {
        "tile_id": 59,
        "score": 0,
        "disease": null,
        "severity": "none",
        "last_seen": null,
        "detection_count": 0,
        "center_lat": 17.385135135135137,
        "center_lng": 78.48859606961202
      }
    },
    {
      "type": "Feature",
      "geometry": {
        "type": "Polygon",
        "coordinates": [
          [
            [
              17.38509009009009,
              78.48864327087769
            ],
            [
              17.385180180180182,
              78.48864327087769
            ],
            [
              17.385180180180182,
              78.48873767340903
            ],
            [
              17.38509009009009,
              78.48873767340903
            ],
            [
              17.38509009009009,
              78.48864327087769
            ]
          ]
        ]
      },
      "properties": {
        "tile_id": 60,
        "score": 0,
        "disease": null,
        "severity": "none",
        "last_seen": null,
        "detection_count": 0,
        "center_lat": 17.385135135135137,
        "center_lng": 78.48869047214336
      }
    },
    {
      "type": "Feature",
      "geometry": {
        "type": "Polygon",
        "coordinates": [
          [
            [
              17.38509009009009,
              78.48873767340903
            ],
            [
              17.385180180180182,
              78.48873767340903
            ],
            [
              17.385180180180182,
              78.48883207594038
            ],
            [
              17.38509009009009,
              78.48883207594038
            ],
            [
              17.38509009009009,
              78.48873767340903
            ]
          ]
        ]
      },
      "properties": {
        "tile_id": 61,
        "score": 0,
        "disease": null,
        "severity": "none",
        "last_seen": null,
        "detection_count": 0,
        "center_lat": 17.385135135135137,
        "center_lng": 78.4887848746747
      }
    },
    {
      "type": "Feature",
      "geometry": {
        "type": "Polygon",
        "coordinates": [
          [
            [
              17.38509009009009,
              78.48883207594038
            ],
            [
              17.385180180180182,
              78.48883207594038
            ],
            [
              17.385180180180182,
              78.48892647847173
            ],
            [
              17.38509009009009,
              78.48892647847173
            ],
            [
              17.38509009009009,
              78.48883207594038
            ]
          ]
        ]
      },
      "properties": {
        "tile_id": 62,
        "score": 0,
        "disease": null,
        "severity": "none",
        "last_seen": null,
        "detection_count": 0,
        "center_lat": 17.385135135135137,
        "center_lng": 78.48887927720605
      }
    },
    {
      "type": "Feature",
      "geometry": {
        "type": "Polygon",
        "coordinates": [
          [
            [
              17.38509009009009,
              78.48892647847173
            ],
            [
              17.385180180180182,
              78.48892647847173
            ],
            [
              17.385180180180182,
              78.48902088100307
            ],
            [
              17.38509009009009,
              78.48902088100307
            ],
            [
              17.38509009009009,
              78.48892647847173
            ]
          ]
        ]
      },
      "properties": {
        "tile_id": 63,
        "score": 0,
        "disease": null,
        "severity": "none",
        "last_seen": null,
        "detection_count": 0,
        "center_lat": 17.385135135135137,
        "center_lng": 78.4889736797374
      }
    },
    {
      "type": "Feature",
      "geometry": {
        "type": "Polygon",
        "coordinates": [
          [
            [
              17.385180180180182,
              78.486
            ],
            [
              17.385270270270272,
              78.486
            ],
            [
              17.385270270270272,
              78.48609440253135
            ],
            [
              17.385180180180182,
              78.48609440253135
            ],
            [
              17.385180180180182,
              78.486
            ]
          ]
        ]
      },
      "properties": {
        "tile_id": 64,
        "score": 0,
        "disease": null,
        "severity": "none",
        "last_seen": null,
        "detection_count": 0,
        "center_lat": 17.385225225225227,
        "center_lng": 78.48604720126568
      }
    },
    {
      "type": "Feature",
      "geometry": {
        "type": "Polygon",
        "coordinates": [
          [
            [
              17.385180180180182,
              78.48609440253135
            ],
            [
              17.385270270270272,
              78.48609440253135
            ],
            [
              17.385270270270272,
              78.4861888050627
            ],
            [
              17.385180180180182,
              78.4861888050627
            ],
            [
              17.385180180180182,
              78.48609440253135
            ]
          ]
        ]
      },
      "properties": {
        "tile_id": 65,
        "score": 0,
        "disease": null,
        "severity": "none",
        "last_seen": null,
        "detection_count": 0,
        "center_lat": 17.385225225225227,
        "center_lng": 78.48614160379702
      }
    },
    {
      "type": "Feature",
      "geometry": {
        "type": "Polygon",
        "coordinates": [
          [
            [
              17.385180180180182,
              78.4861888050627
            ],
            [
              17.385270270270272,
              78.4861888050627
            ],
            [
              17.385270270270272,
              78.48628320759404
            ],
            [
              17.385180180180182,
              78.48628320759404
            ],
            [
              17.385180180180182,
              78.4861888050627
            ]
          ]
        ]
      },
      "properties": {
        "tile_id": 66,
        "score": 0,
        "disease": null,
        "severity": "none",
        "last_seen": null,
        "detection_count": 0,
        "center_lat": 17.385225225225227,
        "center_lng": 78.48623600632837
      }
    },
    {
      "type": "Feature",
      "geometry": {
        "type": "Polygon",
        "coordinates": [
          [
            [
              17.385180180180182,
              78.48628320759404
            ],
            [
              17.385270270270272,
              78.48628320759404
            ],
            [
              17.385270270270272,
              78.48637761012539
            ],
            [
              17.385180180180182,
              78.48637761012539
            ],
            [
              17.385180180180182,
              78.48628320759404
            ]
          ]
        ]
      },
      "properties": {
        "tile_id": 67,
        "score": 0,
        "disease": null,
        "severity": "none",
        "last_seen": null,
        "detection_count": 0,
        "center_lat": 17.385225225225227,
        "center_lng": 78.48633040885971
      }
    },
    {
      "type": "Feature",
      "geometry": {
        "type": "Polygon",
        "coordinates": [
          [
            [
              17.385180180180182,
              78.48637761012539
            ],
            [
              17.385270270270272,
              78.48637761012539
            ],
            [
              17.385270270270272,
              78.48647201265673
            ],
            [
              17.385180180180182,
              78.48647201265673
            ],
            [
              17.385180180180182,
              78.48637761012539
            ]
          ]
        ]
      },
      "properties": {
        "tile_id": 68,
        "score": 0,
        "disease": null,
        "severity": "none",
        "last_seen": null,
        "detection_count": 0,
        "center_lat": 17.385225225225227,
        "center_lng": 78.48642481139106
      }
    },
    {
      "type": "Feature",
      "geometry": {
        "type": "Polygon",
        "coordinates": [
          [
            [
              17.385180180180182,
              78.48647201265673
            ],
            [
              17.385270270270272,
              78.48647201265673
            ],
            [
              17.385270270270272,
              78.48656641518808
            ],
            [
              17.385180180180182,
              78.48656641518808
            ],
            [
              17.385180180180182,
              78.48647201265673
            ]
          ]
        ]
      },
      "properties": {
        "tile_id": 69,
        "score": 0,
        "disease": null,
        "severity": "none",
        "last_seen": null,
        "detection_count": 0,
        "center_lat": 17.385225225225227,
        "center_lng": 78.4865192139224
      }
    },
    {
      "type": "Feature",
      "geometry": {
        "type": "Polygon",
        "coordinates": [
          [
            [
              17.385180180180182,
              78.48656641518808
            ],
            [
              17.385270270270272,
              78.48656641518808
            ],
            [
              17.385270270270272,
              78.48666081771943
            ],
            [
              17.385180180180182,
              78.48666081771943
            ],
            [
              17.385180180180182,
              78.48656641518808
            ]
          ]
        ]
      },
      "properties": {
        "tile_id": 70,
        "score": 0,
        "disease": null,
        "severity": "none",
        "last_seen": null,
        "detection_count": 0,
        "center_lat": 17.385225225225227,
        "center_lng": 78.48661361645375
      }
    },
    {
      "type": "Feature",
      "geometry": {
        "type": "Polygon",
        "coordinates": [
          [
            [
              17.385180180180182,
              78.48666081771943
            ],
            [
              17.385270270270272,
              78.48666081771943
            ],
            [
              17.385270270270272,
              78.48675522025077
            ],
            [
              17.385180180180182,
              78.48675522025077
            ],
            [
              17.385180180180182,
              78.48666081771943
            ]
          ]
        ]
      },
      "properties": {
        "tile_id": 71,
        "score": 0,
        "disease": null,
        "severity": "none",
        "last_seen": null,
        "detection_count": 0,
        "center_lat": 17.385225225225227,
        "center_lng": 78.4867080189851
      }
    },
    {
      "type": "Feature",
      "geometry": {
        "type": "Polygon",
        "coordinates": [
          [
            [
              17.385180180180182,
              78.48675522025077
            ],
            [
              17.385270270270272,
              78.48675522025077
            ],
            [
              17.385270270270272,
              78.48684962278212
            ],
            [
              17.385180180180182,
              78.48684962278212
            ],
            [
              17.385180180180182,
              78.48675522025077
            ]
          ]
        ]
      },
      "properties": {
        "tile_id": 72,
        "score": 0,
        "disease": null,
        "severity": "none",
        "last_seen": null,
        "detection_count": 0,
        "center_lat": 17.385225225225227,
        "center_lng": 78.48680242151644
      }
    },
    {
      "type": "Feature",
      "geometry": {
        "type": "Polygon",
        "coordinates": [
          [
            [
              17.385180180180182,
              78.48684962278212
            ],
            [
              17.385270270270272,
              78.48684962278212
            ],
            [
              17.385270270270272,
              78.48694402531346
            ],
            [
              17.385180180180182,
              78.48694402531346
            ],
            [
              17.385180180180182,
              78.48684962278212
            ]
          ]
        ]
      },
      "properties": {
        "tile_id": 73,
        "score": 0,
        "disease": null,
        "severity": "none",
        "last_seen": null,
        "detection_count": 0,
        "center_lat": 17.385225225225227,
        "center_lng": 78.48689682404779
      }
    },
    {
      "type": "Feature",
      "geometry": {
        "type": "Polygon",
        "coordinates": [
          [
            [
              17.385180180180182,
              78.48694402531346
            ],
            [
              17.385270270270272,
              78.48694402531346
            ],
            [
              17.385270270270272,
              78.48703842784481
            ],
            [
              17.385180180180182,
              78.48703842784481
            ],
            [
              17.385180180180182,
              78.48694402531346
            ]
          ]
        ]
      },
      "properties": {
        "tile_id": 74,
        "score": 0,
        "disease": null,
        "severity": "none",
        "last_seen": null,
        "detection_count": 0,
        "center_lat": 17.385225225225227,
        "center_lng": 78.48699122657914
      }
    },
    {
      "type": "Feature",
      "geometry": {
        "type": "Polygon",
        "coordinates": [
          [
            [
              17.385180180180182,
              78.48703842784481
            ],
            [
              17.385270270270272,
              78.48703842784481
            ],
            [
              17.385270270270272,
              78.48713283037615
            ],
            [
              17.385180180180182,
              78.48713283037615
            ],
            [
              17.385180180180182,
              78.48703842784481
            ]
          ]
        ]
      },
      "properties": {
        "tile_id": 75,
        "score": 0,
        "disease": null,
        "severity": "none",
        "last_seen": null,
        "detection_count": 0,
        "center_lat": 17.385225225225227,
        "center_lng": 78.48708562911048
      }
    },
    {
      "type": "Feature",
      "geometry": {
        "type": "Polygon",
        "coordinates": [
          [
            [
              17.385180180180182,
              78.48713283037615
            ],
            [
              17.385270270270272,
              78.48713283037615
            ],
            [
              17.385270270270272,
              78.4872272329075
            ],
            [
              17.385180180180182,
              78.4872272329075
            ],
            [
              17.385180180180182,
              78.48713283037615
            ]
          ]
        ]
      },
      "properties": {
        "tile_id": 76,
        "score": 0,
        "disease": null,
        "severity": "none",
        "last_seen": null,
        "detection_count": 0,
        "center_lat": 17.385225225225227,
        "center_lng": 78.48718003164183
      }
    },
    {
      "type": "Feature",
      "geometry": {
        "type": "Polygon",
        "coordinates": [
          [
            [
              17.385180180180182,
              78.4872272329075
            ],
            [
              17.385270270270272,
              78.4872272329075
            ],
            [
              17.385270270270272,
              78.48732163543885
            ],
            [
              17.385180180180182,
              78.48732163543885
            ],
            [
              17.385180180180182,
              78.4872272329075
            ]
          ]
        ]
      },
      "properties": {
        "tile_id": 77,
        "score": 0,
        "disease": null,
        "severity": "none",
        "last_seen": null,
        "detection_count": 0,
        "center_lat": 17.385225225225227,
        "center_lng": 78.48727443417317
      }
    },
    {
      "type": "Feature",
      "geometry": {
        "type": "Polygon",
        "coordinates": [
          [
            [
              17.385180180180182,
              78.48732163543885
            ],
            [
              17.385270270270272,
              78.48732163543885
            ],
            [
              17.385270270270272,
              78.48741603797019
            ],
            [
              17.385180180180182,
              78.48741603797019
            ],
            [
              17.385180180180182,
              78.48732163543885
            ]
          ]
        ]
      },
      "properties": {
        "tile_id": 78,
        "score": 0,
        "disease": null,
        "severity": "none",
        "last_seen": null,
        "detection_count": 0,
        "center_lat": 17.385225225225227,
        "center_lng": 78.48736883670452
      }
    },
    {
      "type": "Feature",
      "geometry": {
        "type": "Polygon",
        "coordinates": [
          [
            [
              17.385180180180182,
              78.48741603797019
            ],
            [
              17.385270270270272,
              78.48741603797019
            ],
            [
              17.385270270270272,
              78.48751044050154
            ],
            [
              17.385180180180182,
              78.48751044050154
            ],
            [
              17.385180180180182,
              78.48741603797019
            ]
          ]
        ]
      },
      "properties": {
        "tile_id": 79,
        "score": 0,
        "disease": null,
        "severity": "none",
        "last_seen": null,
        "detection_count": 0,
        "center_lat": 17.385225225225227,
        "center_lng": 78.48746323923586
      }
    },
    {
      "type": "Feature",
      "geometry": {
        "type": "Polygon",
        "coordinates": [
          [
            [
              17.385180180180182,
              78.48751044050154
            ],
            [
              17.385270270270272,
              78.48751044050154
            ],
            [
              17.385270270270272,
              78.48760484303288
            ],
            [
              17.385180180180182,
              78.48760484303288
            ],
            [
              17.385180180180182,
              78.48751044050154
            ]
          ]
        ]
      },
      "properties": {
        "tile_id": 80,
        "score": 0,
        "disease": null,
        "severity": "none",
        "last_seen": null,
        "detection_count": 0,
        "center_lat": 17.385225225225227,
        "center_lng": 78.48755764176721
      }
    },
    {
      "type": "Feature",
      "geometry": {
        "type": "Polygon",
        "coordinates": [
          [
            [
              17.385180180180182,
              78.48760484303288
            ],
            [
              17.385270270270272,
              78.48760484303288
            ],
            [
              17.385270270270272,
              78.48769924556423
            ],
            [
              17.385180180180182,
              78.48769924556423
            ],
            [
              17.385180180180182,
              78.48760484303288
            ]
          ]
        ]
      },
      "properties": {
        "tile_id": 81,
        "score": 0,
        "disease": null,
        "severity": "none",
        "last_seen": null,
        "detection_count": 0,
        "center_lat": 17.385225225225227,
        "center_lng": 78.48765204429856
      }
    },
    {
      "type": "Feature",
      "geometry": {
        "type": "Polygon",
        "coordinates": [
          [
            [
              17.385180180180182,
              78.48769924556423
            ],
            [
              17.385270270270272,
              78.48769924556423
            ],
            [
              17.385270270270272,
              78.48779364809558
            ],
            [
              17.385180180180182,
              78.48779364809558
            ],
            [
              17.385180180180182,
              78.48769924556423
            ]
          ]
        ]
      },
      "properties": {
        "tile_id": 82,
        "score": 0,
        "disease": null,
        "severity": "none",
        "last_seen": null,
        "detection_count": 0,
        "center_lat": 17.385225225225227,
        "center_lng": 78.4877464468299
      }
    },
    {
      "type": "Feature",
      "geometry": {
        "type": "Polygon",
        "coordinates": [
          [
            [
              17.385180180180182,
              78.48779364809558
            ],
            [
              17.385270270270272,
              78.48779364809558
            ],
            [
              17.385270270270272,
              78.48788805062692
            ],
            [
              17.385180180180182,
              78.48788805062692
            ],
            [
              17.385180180180182,
              78.48779364809558
            ]
          ]
        ]
      },
      "properties": {
        "tile_id": 83,
        "score": 0,
        "disease": null,
        "severity": "none",
        "last_seen": null,
        "detection_count": 0,
        "center_lat": 17.385225225225227,
        "center_lng": 78.48784084936125
      }
    },
    {
      "type": "Feature",
      "geometry": {
        "type": "Polygon",
        "coordinates": [
          [
            [
              17.385180180180182,
              78.48788805062692
            ],
            [
              17.385270270270272,
              78.48788805062692
            ],
            [
              17.385270270270272,
              78.48798245315827
            ],
            [
              17.385180180180182,
              78.48798245315827
            ],
            [
              17.385180180180182,
              78.48788805062692
            ]
          ]
        ]
      },
      "properties": {
        "tile_id": 84,
        "score": 0,
        "disease": null,
        "severity": "none",
        "last_seen": null,
        "detection_count": 0,
        "center_lat": 17.385225225225227,
        "center_lng": 78.4879352518926
      }
    },
    {
      "type": "Feature",
      "geometry": {
        "type": "Polygon",
        "coordinates": [
          [
            [
              17.385180180180182,
              78.48798245315827
            ],
            [
              17.385270270270272,
              78.48798245315827
            ],
            [
              17.385270270270272,
              78.48807685568961
            ],
            [
              17.385180180180182,
              78.48807685568961
            ],
            [
              17.385180180180182,
              78.48798245315827
            ]
          ]
        ]
      },
      "properties": {
        "tile_id": 85,
        "score": 0,
        "disease": null,
        "severity": "none",
        "last_seen": null,
        "detection_count": 0,
        "center_lat": 17.385225225225227,
        "center_lng": 78.48802965442394
      }
    },
    {
      "type": "Feature",
      "geometry": {
        "type": "Polygon",
        "coordinates": [
          [
            [
              17.385180180180182,
              78.48807685568961
            ],
            [
              17.385270270270272,
              78.48807685568961
            ],
            [
              17.385270270270272,
              78.48817125822096
            ],
            [
              17.385180180180182,
              78.48817125822096
            ],
            [
              17.385180180180182,
              78.48807685568961
            ]
          ]
        ]
      },
      "properties": {
        "tile_id": 86,
        "score": 0,
        "disease": null,
        "severity": "none",
        "last_seen": null,
        "detection_count": 0,
        "center_lat": 17.385225225225227,
        "center_lng": 78.48812405695529
      }
    },
    {
      "type": "Feature",
      "geometry": {
        "type": "Polygon",
        "coordinates": [
          [
            [
              17.385180180180182,
              78.48817125822096
            ],
            [
              17.385270270270272,
              78.48817125822096
            ],
            [
              17.385270270270272,
              78.4882656607523
            ],
            [
              17.385180180180182,
              78.4882656607523
            ],
            [
              17.385180180180182,
              78.48817125822096
            ]
          ]
        ]
      },
      "properties": {
        "tile_id": 87,
        "score": 0,
        "disease": null,
        "severity": "none",
        "last_seen": null,
        "detection_count": 0,
        "center_lat": 17.385225225225227,
        "center_lng": 78.48821845948663
      }
    },
    {
      "type": "Feature",
      "geometry": {
        "type": "Polygon",
        "coordinates": [
          [
            [
              17.385180180180182,
              78.4882656607523
            ],
            [
              17.385270270270272,
              78.4882656607523
            ],
            [
              17.385270270270272,
              78.48836006328365
            ],
            [
              17.385180180180182,
              78.48836006328365
            ],
            [
              17.385180180180182,
              78.4882656607523
            ]
          ]
        ]
      },
      "properties": {
        "tile_id": 88,
        "score": 0,
        "disease": null,
        "severity": "none",
        "last_seen": null,
        "detection_count": 0,
        "center_lat": 17.385225225225227,
        "center_lng": 78.48831286201798
      }
    },
    {
      "type": "Feature",
      "geometry": {
        "type": "Polygon",
        "coordinates": [
          [
            [
              17.385180180180182,
              78.48836006328365
            ],
            [
              17.385270270270272,
              78.48836006328365
            ],
            [
              17.385270270270272,
              78.488454465815
            ],
            [
              17.385180180180182,
              78.488454465815
            ],
            [
              17.385180180180182,
              78.48836006328365
            ]
          ]
        ]
      },
      "properties": {
        "tile_id": 89,
        "score": 0,
        "disease": null,
        "severity": "none",
        "last_seen": null,
        "detection_count": 0,
        "center_lat": 17.385225225225227,
        "center_lng": 78.48840726454932
      }
    },
    {
      "type": "Feature",
      "geometry": {
        "type": "Polygon",
        "coordinates": [
          [
            [
              17.385180180180182,
              78.488454465815
            ],
            [
              17.385270270270272,
              78.488454465815
            ],
            [
              17.385270270270272,
              78.48854886834634
            ],
            [
              17.385180180180182,
              78.48854886834634
            ],
            [
              17.385180180180182,
              78.488454465815
            ]
          ]
        ]
      },
      "properties": {
        "tile_id": 90,
        "score": 0,
        "disease": null,
        "severity": "none",
        "last_seen": null,
        "detection_count": 0,
        "center_lat": 17.385225225225227,
        "center_lng": 78.48850166708067
      }
    },
    {
      "type": "Feature",
      "geometry": {
        "type": "Polygon",
        "coordinates": [
          [
            [
              17.385180180180182,
              78.48854886834634
            ],
            [
              17.385270270270272,
              78.48854886834634
            ],
            [
              17.385270270270272,
              78.48864327087769
            ],
            [
              17.385180180180182,
              78.48864327087769
            ],
            [
              17.385180180180182,
              78.48854886834634
            ]
          ]
        ]
      },
      "properties": {
        "tile_id": 91,
        "score": 0,
        "disease": null,
        "severity": "none",
        "last_seen": null,
        "detection_count": 0,
        "center_lat": 17.385225225225227,
        "center_lng": 78.48859606961202
      }
    },
    {
      "type": "Feature",
      "geometry": {
        "type": "Polygon",
        "coordinates": [
          [
            [
              17.385180180180182,
              78.48864327087769
            ],
            [
              17.385270270270272,
              78.48864327087769
            ],
            [
              17.385270270270272,
              78.48873767340903
            ],
            [
              17.385180180180182,
              78.48873767340903
            ],
            [
              17.385180180180182,
              78.48864327087769
            ]
          ]
        ]
      },
      "properties": {
        "tile_id": 92,
        "score": 0,
        "disease": null,
        "severity": "none",
        "last_seen": null,
        "detection_count": 0,
        "center_lat": 17.385225225225227,
        "center_lng": 78.48869047214336
      }
    },
    {
      "type": "Feature",
      "geometry": {
        "type": "Polygon",
        "coordinates": [
          [
            [
              17.385180180180182,
              78.48873767340903
            ],
            [
              17.385270270270272,
              78.48873767340903
            ],
            [
              17.385270270270272,
              78.48883207594038
            ],
            [
              17.385180180180182,
              78.48883207594038
            ],
            [
              17.385180180180182,
              78.48873767340903
            ]
          ]
        ]
      },
      "properties": {
        "tile_id": 93,
        "score": 0,
        "disease": null,
        "severity": "none",
        "last_seen": null,
        "detection_count": 0,
        "center_lat": 17.385225225225227,
        "center_lng": 78.4887848746747
      }
    },
    {
      "type": "Feature",
      "geometry": {
        "type": "Polygon",
        "coordinates": [
          [
            [
              17.385180180180182,
              78.48883207594038
            ],
            [
              17.385270270270272,
              78.48883207594038
            ],
            [
              17.385270270270272,
              78.48892647847173
            ],
            [
              17.385180180180182,
              78.48892647847173
            ],
            [
              17.385180180180182,
              78.48883207594038
            ]
          ]
        ]
      },
      "properties": {
        "tile_id": 94,
        "score": 0,
        "disease": null,
        "severity": "none",
        "last_seen": null,
        "detection_count": 0,
        "center_lat": 17.385225225225227,
        "center_lng": 78.48887927720605
      }
    },
    {
      "type": "Feature",
      "geometry": {
        "type": "Polygon",
        "coordinates": [
          [
            [
              17.385180180180182,
              78.48892647847173
            ],
            [
              17.385270270270272,
              78.48892647847173
            ],
            [
              17.385270270270272,
              78.48902088100307
            ],
            [
              17.385180180180182,
              78.48902088100307
            ],
            [
              17.385180180180182,
              78.48892647847173
            ]
          ]
        ]
      },
      "properties": {
        "tile_id": 95,
        "score": 0,
        "disease": null,
        "severity": "none",
        "last_seen": null,
        "detection_count": 0,
        "center_lat": 17.385225225225227,
        "center_lng": 78.4889736797374
      }
    },
    {
      "type": "Feature",
      "geometry": {
        "type": "Polygon",
        "coordinates": [
          [
            [
              17.385270270270272,
              78.486
            ],
            [
              17.385360360360362,
              78.486
            ],
            [
              17.385360360360362,
              78.48609440253135
            ],
            [
              17.385270270270272,
              78.48609440253135
            ],
            [
              17.385270270270272,
              78.486
            ]
          ]
        ]
      },
      "properties": {
        "tile_id": 96,
        "score": 0,
        "disease": null,
        "severity": "none",
        "last_seen": null,
        "detection_count": 0,
        "center_lat": 17.385315315315317,
        "center_lng": 78.48604720126568
      }
    },
    {
      "type": "Feature",
      "geometry": {
        "type": "Polygon",
        "coordinates": [
          [
            [
              17.385270270270272,
              78.48609440253135
            ],
            [
              17.385360360360362,
              78.48609440253135
            ],
            [
              17.385360360360362,
              78.4861888050627
            ],
            [
              17.385270270270272,
              78.4861888050627
            ],
            [
              17.385270270270272,
              78.48609440253135
            ]
          ]
        ]
      },
      "properties": {
        "tile_id": 97,
        "score": 0,
        "disease": null,
        "severity": "none",
        "last_seen": null,
        "detection_count": 0,
        "center_lat": 17.385315315315317,
        "center_lng": 78.48614160379702
      }
    },
    {
      "type": "Feature",
      "geometry": {
        "type": "Polygon",
        "coordinates": [
          [
            [
              17.385270270270272,
              78.4861888050627
            ],
            [
              17.385360360360362,
              78.4861888050627
            ],
            [
              17.385360360360362,
              78.48628320759404
            ],
            [
              17.385270270270272,
              78.48628320759404
            ],
            [
              17.385270270270272,
              78.4861888050627
            ]
          ]
        ]
      },
      "properties": {
        "tile_id": 98,
        "score": 0,
        "disease": null,
        "severity": "none",
        "last_seen": null,
        "detection_count": 0,
        "center_lat": 17.385315315315317,
        "center_lng": 78.48623600632837
      }
    },
    {
      "type": "Feature",
      "geometry": {
        "type": "Polygon",
        "coordinates": [
          [
            [
              17.385270270270272,
              78.48628320759404
            ],
            [
              17.385360360360362,
              78.48628320759404
            ],
            [
              17.385360360360362,
              78.48637761012539
            ],
            [
              17.385270270270272,
              78.48637761012539
            ],
            [
              17.385270270270272,
              78.48628320759404
            ]
          ]
        ]
      },
      "properties": {
        "tile_id": 99,
        "score": 0,
        "disease": null,
        "severity": "none",
        "last_seen": null,
        "detection_count": 0,
        "center_lat": 17.385315315315317,
        "center_lng": 78.48633040885971
      }
    },
    {
      "type": "Feature",
      "geometry": {
        "type": "Polygon",
        "coordinates": [
          [
            [
              17.385270270270272,
              78.48637761012539
            ],
            [
              17.385360360360362,
              78.48637761012539
            ],
            [
              17.385360360360362,
              78.48647201265673
            ],
            [
              17.385270270270272,
              78.48647201265673
            ],
            [
              17.385270270270272,
              78.48637761012539
            ]
          ]
        ]
      },
      "properties": {
        "tile_id": 100,
        "score": 0,
        "disease": null,
        "severity": "none",
        "last_seen": null,
        "detection_count": 0,
        "center_lat": 17.385315315315317,
        "center_lng": 78.48642481139106
      }
    },
    {
      "type": "Feature",
      "geometry": {
        "type": "Polygon",
        "coordinates": [
          [
            [
              17.385270270270272,
              78.48647201265673
            ],
            [
              17.385360360360362,
              78.48647201265673
            ],
            [
              17.385360360360362,
              78.48656641518808
            ],
            [
              17.385270270270272,
              78.48656641518808
            ],
            [
              17.385270270270272,
              78.48647201265673
            ]
          ]
        ]
      },
      "properties": {
        "tile_id": 101,
        "score": 0,
        "disease": null,
        "severity": "none",
        "last_seen": null,
        "detection_count": 0,
        "center_lat": 17.385315315315317,
        "center_lng": 78.4865192139224
      }
    },
    {
      "type": "Feature",
      "geometry": {
        "type": "Polygon",
        "coordinates": [
          [
            [
              17.385270270270272,
              78.48656641518808
            ],
            [
              17.385360360360362,
              78.48656641518808
            ],
            [
              17.385360360360362,
              78.48666081771943
            ],
            [
              17.385270270270272,
              78.48666081771943
            ],
            [
              17.385270270270272,
              78.48656641518808
            ]
          ]
        ]
      },
      "properties": {
        "tile_id": 102,
        "score": 0,
        "disease": null,
        "severity": "none",
        "last_seen": null,
        "detection_count": 0,
        "center_lat": 17.385315315315317,
        "center_lng": 78.48661361645375
      }
    },
    {
      "type": "Feature",
      "geometry": {
        "type": "Polygon",
        "coordinates": [
          [
            [
              17.385270270270272,
              78.48666081771943
            ],
            [
              17.385360360360362,
              78.48666081771943
            ],
            [
              17.385360360360362,
              78.48675522025077
            ],
            [
              17.385270270270272,
              78.48675522025077
            ],
            [
              17.385270270270272,
              78.48666081771943
            ]
          ]
        ]
      },
      "properties": {
        "tile_id": 103,
        "score": 0,
        "disease": null,
        "severity": "none",
        "last_seen": null,
        "detection_count": 0,
        "center_lat": 17.385315315315317,
        "center_lng": 78.4867080189851
      }
    },
    {
      "type": "Feature",
      "geometry": {
        "type": "Polygon",
        "coordinates": [
          [
            [
              17.385270270270272,
              78.48675522025077
            ],
            [
              17.385360360360362,
              78.48675522025077
            ],
            [
              17.385360360360362,
              78.48684962278212
            ],
            [
              17.385270270270272,
              78.48684962278212
            ],
            [
              17.385270270270272,
              78.48675522025077
            ]
          ]
        ]
      },
      "properties": {
        "tile_id": 104,
        "score": 0,
        "disease": null,
        "severity": "none",
        "last_seen": null,
        "detection_count": 0,
        "center_lat": 17.385315315315317,
        "center_lng": 78.48680242151644
      }
    },
    {
      "type": "Feature",
      "geometry": {
        "type": "Polygon",
        "coordinates": [
          [
            [
              17.385270270270272,
              78.48684962278212
            ],
            [
              17.385360360360362,
              78.48684962278212
            ],
            [
              17.385360360360362,
              78.48694402531346
            ],
            [
              17.385270270270272,
              78.48694402531346
            ],
            [
              17.385270270270272,
              78.48684962278212
            ]
          ]
        ]
      },
      "properties": {
        "tile_id": 105,
        "score": 0,
        "disease": null,
        "severity": "none",
        "last_seen": null,
        "detection_count": 0,
        "center_lat": 17.385315315315317,
        "center_lng": 78.48689682404779
      }
    },
    {
      "type": "Feature",
      "geometry": {
        "type": "Polygon",
        "coordinates": [
          [
            [
              17.385270270270272,
              78.48694402531346
            ],
            [
              17.385360360360362,
              78.48694402531346
            ],
            [
              17.385360360360362,
              78.48703842784481
            ],
            [
              17.385270270270272,
              78.48703842784481
            ],
            [
              17.385270270270272,
              78.48694402531346
            ]
          ]
        ]
      },
      "properties": {
        "tile_id": 106,
        "score": 0,
        "disease": null,
        "severity": "none",
        "last_seen": null,
        "detection_count": 0,
        "center_lat": 17.385315315315317,
        "center_lng": 78.48699122657914
      }
    },
    {
      "type": "Feature",
      "geometry": {
        "type": "Polygon",
        "coordinates": [
          [
            [
              17.385270270270272,
              78.48703842784481
            ],
            [
              17.385360360360362,
              78.48703842784481
            ],
            [
              17.385360360360362,
              78.48713283037615
            ],
            [
              17.385270270270272,
              78.48713283037615
            ],
            [
              17.385270270270272,
              78.48703842784481
            ]
          ]
        ]
      },
      "properties": {
        "tile_id": 107,
        "score": 0,
        "disease": null,
        "severity": "none",
        "last_seen": null,
        "detection_count": 0,
        "center_lat": 17.385315315315317,
        "center_lng": 78.48708562911048
      }
    },
    {
      "type": "Feature",
      "geometry": {
        "type": "Polygon",
        "coordinates": [
          [
            [
              17.385270270270272,
              78.48713283037615
            ],
            [
              17.385360360360362,
              78.48713283037615
            ],
            [
              17.385360360360362,
              78.4872272329075
            ],
            [
              17.385270270270272,
              78.4872272329075
            ],
            [
              17.385270270270272,
              78.48713283037615
            ]
          ]
        ]
      },
      "properties": {
        "tile_id": 108,
        "score": 0,
        "disease": null,
        "severity": "none",
        "last_seen": null,
        "detection_count": 0,
        "center_lat": 17.385315315315317,
        "center_lng": 78.48718003164183
      }
    },
    {
      "type": "Feature",
      "geometry": {
        "type": "Polygon",
        "coordinates": [
          [
            [
              17.385270270270272,
              78.4872272329075
            ],
            [
              17.385360360360362,
              78.4872272329075
            ],
            [
              17.385360360360362,
              78.48732163543885
            ],
            [
              17.385270270270272,
              78.48732163543885
            ],
            [
              17.385270270270272,
              78.4872272329075
            ]
          ]
        ]
      },
      "properties": {
        "tile_id": 109,
        "score": 0,
        "disease": null,
        "severity": "none",
        "last_seen": null,
        "detection_count": 0,
        "center_lat": 17.385315315315317,
        "center_lng": 78.48727443417317
      }
    },
    {
      "type": "Feature",
      "geometry": {
        "type": "Polygon",
        "coordinates": [
          [
            [
              17.385270270270272,
              78.48732163543885
            ],
            [
              17.385360360360362,
              78.48732163543885
            ],
            [
              17.385360360360362,
              78.48741603797019
            ],
            [
              17.385270270270272,
              78.48741603797019
            ],
            [
              17.385270270270272,
              78.48732163543885
            ]
          ]
        ]
      },
      "properties": {
        "tile_id": 110,
        "score": 0,
        "disease": null,
        "severity": "none",
        "last_seen": null,
        "detection_count": 0,
        "center_lat": 17.385315315315317,
        "center_lng": 78.48736883670452
      }
    },
    {
      "type": "Feature",
      "geometry": {
        "type": "Polygon",
        "coordinates": [
          [
            [
              17.385270270270272,
              78.48741603797019
            ],
            [
              17.385360360360362,
              78.48741603797019
            ],
            [
              17.385360360360362,
              78.48751044050154
            ],
            [
              17.385270270270272,
              78.48751044050154
            ],
            [
              17.385270270270272,
              78.48741603797019
            ]
          ]
        ]
      },
      "properties": {
        "tile_id": 111,
        "score": 0,
        "disease": null,
        "severity": "none",
        "last_seen": null,
        "detection_count": 0,
        "center_lat": 17.385315315315317,
        "center_lng": 78.48746323923586
      }
    },
    {
      "type": "Feature",
      "geometry": {
        "type": "Polygon",
        "coordinates": [
          [
            [
              17.385270270270272,
              78.48751044050154
            ],
            [
              17.385360360360362,
              78.48751044050154
            ],
            [
              17.385360360360362,
              78.48760484303288
            ],
            [
              17.385270270270272,
              78.48760484303288
            ],
            [
              17.385270270270272,
              78.48751044050154
            ]
          ]
        ]
      },
      "properties": {
        "tile_id": 112,
        "score": 0,
        "disease": null,
        "severity": "none",
        "last_seen": null,
        "detection_count": 0,
        "center_lat": 17.385315315315317,
        "center_lng": 78.48755764176721
      }
    },
    {
      "type": "Feature",
      "geometry": {
        "type": "Polygon",
        "coordinates": [
          [
            [
              17.385270270270272,
              78.48760484303288
            ],
            [
              17.385360360360362,
              78.48760484303288
            ],
            [
              17.385360360360362,
              78.48769924556423
            ],
            [
              17.385270270270272,
              78.48769924556423
            ],
            [
              17.385270270270272,
              78.48760484303288
            ]
          ]
        ]
      },
      "properties": {
        "tile_id": 113,
        "score": 0,
        "disease": null,
        "severity": "none",
        "last_seen": null,
        "detection_count": 0,
        "center_lat": 17.385315315315317,
        "center_lng": 78.48765204429856
      }
    },
    {
      "type": "Feature",
      "geometry": {
        "type": "Polygon",
        "coordinates": [
          [
            [
              17.385270270270272,
              78.48769924556423
            ],
            [
              17.385360360360362,
              78.48769924556423
            ],
            [
              17.385360360360362,
              78.48779364809558
            ],
            [
              17.385270270270272,
              78.48779364809558
            ],
            [
              17.385270270270272,
              78.48769924556423
            ]
          ]
        ]
      },
      "properties": {
        "tile_id": 114,
        "score": 0,
        "disease": null,
        "severity": "none",
        "last_seen": null,
        "detection_count": 0,
        "center_lat": 17.385315315315317,
        "center_lng": 78.4877464468299
      }
    },
    {
      "type": "Feature",
      "geometry": {
        "type": "Polygon",
        "coordinates": [
          [
            [
              17.385270270270272,
              78.48779364809558
            ],
            [
              17.385360360360362,
              78.48779364809558
            ],
            [
              17.385360360360362,
              78.48788805062692
            ],
            [
              17.385270270270272,
              78.48788805062692
            ],
            [
              17.385270270270272,
              78.48779364809558
            ]
          ]
        ]
      },
      "properties": {
        "tile_id": 115,
        "score": 0,
        "disease": null,
        "severity": "none",
        "last_seen": null,
        "detection_count": 0,
        "center_lat": 17.385315315315317,
        "center_lng": 78.48784084936125
      }
    },
    {
      "type": "Feature",
      "geometry": {
        "type": "Polygon",
        "coordinates": [
          [
            [
              17.385270270270272,
              78.48788805062692
            ],
            [
              17.385360360360362,
              78.48788805062692
            ],
            [
              17.385360360360362,
              78.48798245315827
            ],
            [
              17.385270270270272,
              78.48798245315827
            ],
            [
              17.385270270270272,
              78.48788805062692
            ]
          ]
        ]
      },
      "properties": {
        "tile_id": 116,
        "score": 0,
        "disease": null,
        "severity": "none",
        "last_seen": null,
        "detection_count": 0,
        "center_lat": 17.385315315315317,
        "center_lng": 78.4879352518926
      }
    },
    {
      "type": "Feature",
      "geometry": {
        "type": "Polygon",
        "coordinates": [
          [
            [
              17.385270270270272,
              78.48798245315827
            ],
            [
              17.385360360360362,
              78.48798245315827
            ],
            [
              17.385360360360362,
              78.48807685568961
            ],
            [
              17.385270270270272,
              78.48807685568961
            ],
            [
              17.385270270270272,
              78.48798245315827
            ]
          ]
        ]
      },
      "properties": {
        "tile_id": 117,
        "score": 0,
        "disease": null,
        "severity": "none",
        "last_seen": null,
        "detection_count": 0,
        "center_lat": 17.385315315315317,
        "center_lng": 78.48802965442394
      }
    },
    {
      "type": "Feature",
      "geometry": {
        "type": "Polygon",
        "coordinates": [
          [
            [
              17.385270270270272,
              78.48807685568961
            ],
            [
              17.385360360360362,
              78.48807685568961
            ],
            [
              17.385360360360362,
              78.48817125822096
            ],
            [
              17.385270270270272,
              78.48817125822096
            ],
            [
              17.385270270270272,
              78.48807685568961
            ]
          ]
        ]
      },
      "properties": {
        "tile_id": 118,
        "score": 0,
        "disease": null,
        "severity": "none",
        "last_seen": null,
        "detection_count": 0,
        "center_lat": 17.385315315315317,
        "center_lng": 78.48812405695529
      }
    },
    {
      "type": "Feature",
      "geometry": {
        "type": "Polygon",
        "coordinates": [
          [
            [
              17.385270270270272,
              78.48817125822096
            ],
            [
              17.385360360360362,
              78.48817125822096
            ],
            [
              17.385360360360362,
              78.4882656607523
            ],
            [
              17.385270270270272,
              78.4882656607523
            ],
            [
              17.385270270270272,
              78.48817125822096
            ]
          ]
        ]
      },
      "properties": {
        "tile_id": 119,
        "score": 0,
        "disease": null,
        "severity": "none",
        "last_seen": null,
        "detection_count": 0,
        "center_lat": 17.385315315315317,
        "center_lng": 78.48821845948663
      }
    },
    {
      "type": "Feature",
      "geometry": {
        "type": "Polygon",
        "coordinates": [
          [
            [
              17.385270270270272,
              78.4882656607523
            ],
            [
              17.385360360360362,
              78.4882656607523
            ],
            [
              17.385360360360362,
              78.48836006328365
            ],
            [
              17.385270270270272,
              78.48836006328365
            ],
            [
              17.385270270270272,
              78.4882656607523
            ]
          ]
        ]
      },
      "properties": {
        "tile_id": 120,
        "score": 0,
        "disease": null,
        "severity": "none",
        "last_seen": null,
        "detection_count": 0,
        "center_lat": 17.385315315315317,
        "center_lng": 78.48831286201798
      }
    },
    {
      "type": "Feature",
      "geometry": {
        "type": "Polygon",
        "coordinates": [
          [
            [
              17.385270270270272,
              78.48836006328365
            ],
            [
              17.385360360360362,
              78.48836006328365
            ],
            [
              17.385360360360362,
              78.488454465815
            ],
            [
              17.385270270270272,
              78.488454465815
            ],
            [
              17.385270270270272,
              78.48836006328365
            ]
          ]
        ]
      },
      "properties": {
        "tile_id": 121,
        "score": 0,
        "disease": null,
        "severity": "none",
        "last_seen": null,
        "detection_count": 0,
        "center_lat": 17.385315315315317,
        "center_lng": 78.48840726454932
      }
    },
    {
      "type": "Feature",
      "geometry": {
        "type": "Polygon",
        "coordinates": [
          [
            [
              17.385270270270272,
              78.488454465815
            ],
            [
              17.385360360360362,
              78.488454465815
            ],
            [
              17.385360360360362,
              78.48854886834634
            ],
            [
              17.385270270270272,
              78.48854886834634
            ],
            [
              17.385270270270272,
              78.488454465815
            ]
          ]
        ]
      },
      "properties": {
        "tile_id": 122,
        "score": 0,
        "disease": null,
        "severity": "none",
        "last_seen": null,
        "detection_count": 0,
        "center_lat": 17.385315315315317,
        "center_lng": 78.48850166708067
      }
    },
    {
      "type": "Feature",
      "geometry": {
        "type": "Polygon",
        "coordinates": [
          [
            [
              17.385270270270272,
              78.48854886834634
            ],
            [
              17.385360360360362,
              78.48854886834634
            ],
            [
              17.385360360360362,
              78.48864327087769
            ],
            [
              17.385270270270272,
              78.48864327087769
            ],
            [
              17.385270270270272,
              78.48854886834634
            ]
          ]
        ]
      },
      "properties": {
        "tile_id": 123,
        "score": 0,
        "disease": null,
        "severity": "none",
        "last_seen": null,
        "detection_count": 0,
        "center_lat": 17.385315315315317,
        "center_lng": 78.48859606961202
      }
    },
    {
      "type": "Feature",
      "geometry": {
        "type": "Polygon",
        "coordinates": [
          [
            [
              17.385270270270272,
              78.48864327087769
            ],
            [
              17.385360360360362,
              78.48864327087769
            ],
            [
              17.385360360360362,
              78.48873767340903
            ],
            [
              17.385270270270272,
              78.48873767340903
            ],
            [
              17.385270270270272,
              78.48864327087769
            ]
          ]
        ]
      },
      "properties": {
        "tile_id": 124,
        "score": 0,
        "disease": null,
        "severity": "none",
        "last_seen": null,
        "detection_count": 0,
        "center_lat": 17.385315315315317,
        "center_lng": 78.48869047214336
      }
    },
    {
      "type": "Feature",
      "geometry": {
        "type": "Polygon",
        "coordinates": [
          [
            [
              17.385270270270272,
              78.48873767340903
            ],
            [
              17.385360360360362,
              78.48873767340903
            ],
            [
              17.385360360360362,
              78.48883207594038
            ],
            [
              17.385270270270272,
              78.48883207594038
            ],
            [
              17.385270270270272,
              78.48873767340903
            ]
          ]
        ]
      },
      "properties": {
        "tile_id": 125,
        "score": 0,
        "disease": null,
        "severity": "none",
        "last_seen": null,
        "detection_count": 0,
        "center_lat": 17.385315315315317,
        "center_lng": 78.4887848746747
      }
    },
    {
      "type": "Feature",
      "geometry": {
        "type": "Polygon",
        "coordinates": [
          [
            [
              17.385270270270272,
              78.48883207594038
            ],
            [
              17.385360360360362,
              78.48883207594038
            ],
            [
              17.385360360360362,
              78.48892647847173
            ],
            [
              17.385270270270272,
              78.48892647847173
            ],
            [
              17.385270270270272,
              78.48883207594038
            ]
          ]
        ]
      },
      "properties": {
        "tile_id": 126,
        "score": 0,
        "disease": null,
        "severity": "none",
        "last_seen": null,
        "detection_count": 0,
        "center_lat": 17.385315315315317,
        "center_lng": 78.48887927720605
      }
    },
    {
      "type": "Feature",
      "geometry": {
        "type": "Polygon",
        "coordinates": [
          [
            [
              17.385270270270272,
              78.48892647847173
            ],
            [
              17.385360360360362,
              78.48892647847173
            ],
            [
              17.385360360360362,
              78.48902088100307
            ],
            [
              17.385270270270272,
              78.48902088100307
            ],
            [
              17.385270270270272,
              78.48892647847173
            ]
          ]
        ]
      },
      "properties": {
        "tile_id": 127,
        "score": 0,
        "disease": null,
        "severity": "none",
        "last_seen": null,
        "detection_count": 0,
        "center_lat": 17.385315315315317,
        "center_lng": 78.4889736797374
      }
    },
    {
      "type": "Feature",
      "geometry": {
        "type": "Polygon",
        "coordinates": [
          [
            [
              17.385360360360362,
              78.486
            ],
            [
              17.385450450450453,
              78.486
            ],
            [
              17.385450450450453,
              78.48609440253135
            ],
            [
              17.385360360360362,
              78.48609440253135
            ],
            [
              17.385360360360362,
              78.486
            ]
          ]
        ]
      },
      "properties": {
        "tile_id": 128,
        "score": 0,
        "disease": null,
        "severity": "none",
        "last_seen": null,
        "detection_count": 0,
        "center_lat": 17.385405405405407,
        "center_lng": 78.48604720126568
      }
    },
    {
      "type": "Feature",
      "geometry": {
        "type": "Polygon",
        "coordinates": [
          [
            [
              17.385360360360362,
              78.48609440253135
            ],
            [
              17.385450450450453,
              78.48609440253135
            ],
            [
              17.385450450450453,
              78.4861888050627
            ],
            [
              17.385360360360362,
              78.4861888050627
            ],
            [
              17.385360360360362,
              78.48609440253135
            ]
          ]
        ]
      },
      "properties": {
        "tile_id": 129,
        "score": 0,
        "disease": null,
        "severity": "none",
        "last_seen": null,
        "detection_count": 0,
        "center_lat": 17.385405405405407,
        "center_lng": 78.48614160379702
      }
    },
    {
      "type": "Feature",
      "geometry": {
        "type": "Polygon",
        "coordinates": [
          [
            [
              17.385360360360362,
              78.4861888050627
            ],
            [
              17.385450450450453,
              78.4861888050627
            ],
            [
              17.385450450450453,
              78.48628320759404
            ],
            [
              17.385360360360362,
              78.48628320759404
            ],
            [
              17.385360360360362,
              78.4861888050627
            ]
          ]
        ]
      },
      "properties": {
        "tile_id": 130,
        "score": 0,
        "disease": null,
        "severity": "none",
        "last_seen": null,
        "detection_count": 0,
        "center_lat": 17.385405405405407,
        "center_lng": 78.48623600632837
      }
    },
    {
      "type": "Feature",
      "geometry": {
        "type": "Polygon",
        "coordinates": [
          [
            [
              17.385360360360362,
              78.48628320759404
            ],
            [
              17.385450450450453,
              78.48628320759404
            ],
            [
              17.385450450450453,
              78.48637761012539
            ],
            [
              17.385360360360362,
              78.48637761012539
            ],
            [
              17.385360360360362,
              78.48628320759404
            ]
          ]
        ]
      },
      "properties": {
        "tile_id": 131,
        "score": 0,
        "disease": null,
        "severity": "none",
        "last_seen": null,
        "detection_count": 0,
        "center_lat": 17.385405405405407,
        "center_lng": 78.48633040885971
      }
    },
    {
      "type": "Feature",
      "geometry": {
        "type": "Polygon",
        "coordinates": [
          [
            [
              17.385360360360362,
              78.48637761012539
            ],
            [
              17.385450450450453,
              78.48637761012539
            ],
            [
              17.385450450450453,
              78.48647201265673
            ],
            [
              17.385360360360362,
              78.48647201265673
            ],
            [
              17.385360360360362,
              78.48637761012539
            ]
          ]
        ]
      },
      "properties": {
        "tile_id": 132,
        "score": 0,
        "disease": null,
        "severity": "none",
        "last_seen": null,
        "detection_count": 0,
        "center_lat": 17.385405405405407,
        "center_lng": 78.48642481139106
      }
    },
    {
      "type": "Feature",
      "geometry": {
        "type": "Polygon",
        "coordinates": [
          [
            [
              17.385360360360362,
              78.48647201265673
            ],
            [
              17.385450450450453,
              78.48647201265673
            ],
            [
              17.385450450450453,
              78.48656641518808
            ],
            [
              17.385360360360362,
              78.48656641518808
            ],
            [
              17.385360360360362,
              78.48647201265673
            ]
          ]
        ]
      },
      "properties": {
        "tile_id": 133,
        "score": 0,
        "disease": null,
        "severity": "none",
        "last_seen": null,
        "detection_count": 0,
        "center_lat": 17.385405405405407,
        "center_lng": 78.4865192139224
      }
    },
    {
      "type": "Feature",
      "geometry": {
        "type": "Polygon",
        "coordinates": [
          [
            [
              17.385360360360362,
              78.48656641518808
            ],
            [
              17.385450450450453,
              78.48656641518808
            ],
            [
              17.385450450450453,
              78.48666081771943
            ],
            [
              17.385360360360362,
              78.48666081771943
            ],
            [
              17.385360360360362,
              78.48656641518808
            ]
          ]
        ]
      },
      "properties": {
        "tile_id": 134,
        "score": 0,
        "disease": null,
        "severity": "none",
        "last_seen": null,
        "detection_count": 0,
        "center_lat": 17.385405405405407,
        "center_lng": 78.48661361645375
      }
    },
    {
      "type": "Feature",
      "geometry": {
        "type": "Polygon",
        "coordinates": [
          [
            [
              17.385360360360362,
              78.48666081771943
            ],
            [
              17.385450450450453,
              78.48666081771943
            ],
            [
              17.385450450450453,
              78.48675522025077
            ],
            [
              17.385360360360362,
              78.48675522025077
            ],
            [
              17.385360360360362,
              78.48666081771943
            ]
          ]
        ]
      },
      "properties": {
        "tile_id": 135,
        "score": 0,
        "disease": null,
        "severity": "none",
        "last_seen": null,
        "detection_count": 0,
        "center_lat": 17.385405405405407,
        "center_lng": 78.4867080189851
      }
    },
    {
      "type": "Feature",
      "geometry": {
        "type": "Polygon",
        "coordinates": [
          [
            [
              17.385360360360362,
              78.48675522025077
            ],
            [
              17.385450450450453,
              78.48675522025077
            ],
            [
              17.385450450450453,
              78.48684962278212
            ],
            [
              17.385360360360362,
              78.48684962278212
            ],
            [
              17.385360360360362,
              78.48675522025077
            ]
          ]
        ]
      },
      "properties": {
        "tile_id": 136,
        "score": 0,
        "disease": null,
        "severity": "none",
        "last_seen": null,
        "detection_count": 0,
        "center_lat": 17.385405405405407,
        "center_lng": 78.48680242151644
      }
    },
    {
      "type": "Feature",
      "geometry": {
        "type": "Polygon",
        "coordinates": [
          [
            [
              17.385360360360362,
              78.48684962278212
            ],
            [
              17.385450450450453,
              78.48684962278212
            ],
            [
              17.385450450450453,
              78.48694402531346
            ],
            [
              17.385360360360362,
              78.48694402531346
            ],
            [
              17.385360360360362,
              78.48684962278212
            ]
          ]
        ]
      },
      "properties": {
        "tile_id": 137,
        "score": 0,
        "disease": null,
        "severity": "none",
        "last_seen": null,
        "detection_count": 0,
        "center_lat": 17.385405405405407,
        "center_lng": 78.48689682404779
      }
    },
    {
      "type": "Feature",
      "geometry": {
        "type": "Polygon",
        "coordinates": [
          [
            [
              17.385360360360362,
              78.48694402531346
            ],
            [
              17.385450450450453,
              78.48694402531346
            ],
            [
              17.385450450450453,
              78.48703842784481
            ],
            [
              17.385360360360362,
              78.48703842784481
            ],
            [
              17.385360360360362,
              78.48694402531346
            ]
          ]
        ]
      },
      "properties": {
        "tile_id": 138,
        "score": 0,
        "disease": null,
        "severity": "none",
        "last_seen": null,
        "detection_count": 0,
        "center_lat": 17.385405405405407,
        "center_lng": 78.48699122657914
      }
    },
    {
      "type": "Feature",
      "geometry": {
        "type": "Polygon",
        "coordinates": [
          [
            [
              17.385360360360362,
              78.48703842784481
            ],
            [
              17.385450450450453,
              78.48703842784481
            ],
            [
              17.385450450450453,
              78.48713283037615
            ],
            [
              17.385360360360362,
              78.48713283037615
            ],
            [
              17.385360360360362,
              78.48703842784481
            ]
          ]
        ]
      },
      "properties": {
        "tile_id": 139,
        "score": 0,
        "disease": null,
        "severity": "none",
        "last_seen": null,
        "detection_count": 0,
        "center_lat": 17.385405405405407,
        "center_lng": 78.48708562911048
      }
    },
    {
      "type": "Feature",
      "geometry": {
        "type": "Polygon",
        "coordinates": [
          [
            [
              17.385360360360362,
              78.48713283037615
            ],
            [
              17.385450450450453,
              78.48713283037615
            ],
            [
              17.385450450450453,
              78.4872272329075
            ],
            [
              17.385360360360362,
              78.4872272329075
            ],
            [
              17.385360360360362,
              78.48713283037615
            ]
          ]
        ]
      },
      "properties": {
        "tile_id": 140,
        "score": 0,
        "disease": null,
        "severity": "none",
        "last_seen": null,
        "detection_count": 0,
        "center_lat": 17.385405405405407,
        "center_lng": 78.48718003164183
      }
    },
    {
      "type": "Feature",
      "geometry": {
        "type": "Polygon",
        "coordinates": [
          [
            [
              17.385360360360362,
              78.4872272329075
            ],
            [
              17.385450450450453,
              78.4872272329075
            ],
            [
              17.385450450450453,
              78.48732163543885
            ],
            [
              17.385360360360362,
              78.48732163543885
            ],
            [
              17.385360360360362,
              78.4872272329075
            ]
          ]
        ]
      },
      "properties": {
        "tile_id": 141,
        "score": 0,
        "disease": null,
        "severity": "none",
        "last_seen": null,
        "detection_count": 0,
        "center_lat": 17.385405405405407,
        "center_lng": 78.48727443417317
      }
    },
    {
      "type": "Feature",
      "geometry": {
        "type": "Polygon",
        "coordinates": [
          [
            [
              17.385360360360362,
              78.48732163543885
            ],
            [
              17.385450450450453,
              78.48732163543885
            ],
            [
              17.385450450450453,
              78.48741603797019
            ],
            [
              17.385360360360362,
              78.48741603797019
            ],
            [
              17.385360360360362,
              78.48732163543885
            ]
          ]
        ]
      },
      "properties": {
        "tile_id": 142,
        "score": 0,
        "disease": null,
        "severity": "none",
        "last_seen": null,
        "detection_count": 0,
        "center_lat": 17.385405405405407,
        "center_lng": 78.48736883670452
      }
    },
    {
      "type": "Feature",
      "geometry": {
        "type": "Polygon",
        "coordinates": [
          [
            [
              17.385360360360362,
              78.48741603797019
            ],
            [
              17.385450450450453,
              78.48741603797019
            ],
            [
              17.385450450450453,
              78.48751044050154
            ],
            [
              17.385360360360362,
              78.48751044050154
            ],
            [
              17.385360360360362,
              78.48741603797019
            ]
          ]
        ]
      },
      "properties": {
        "tile_id": 143,
        "score": 0,
        "disease": null,
        "severity": "none",
        "last_seen": null,
        "detection_count": 0,
        "center_lat": 17.385405405405407,
        "center_lng": 78.48746323923586
      }
    },
    {
      "type": "Feature",
      "geometry": {
        "type": "Polygon",
        "coordinates": [
          [
            [
              17.385360360360362,
              78.48751044050154
            ],
            [
              17.385450450450453,
              78.48751044050154
            ],
            [
              17.385450450450453,
              78.48760484303288
            ],
            [
              17.385360360360362,
              78.48760484303288
            ],
            [
              17.385360360360362,
              78.48751044050154
            ]
          ]
        ]
      },
      "properties": {
        "tile_id": 144,
        "score": 0,
        "disease": null,
        "severity": "none",
        "last_seen": null,
        "detection_count": 0,
        "center_lat": 17.385405405405407,
        "center_lng": 78.48755764176721
      }
    },
    {
      "type": "Feature",
      "geometry": {
        "type": "Polygon",
        "coordinates": [
          [
            [
              17.385360360360362,
              78.48760484303288
            ],
            [
              17.385450450450453,
              78.48760484303288
            ],
            [
              17.385450450450453,
              78.48769924556423
            ],
            [
              17.385360360360362,
              78.48769924556423
            ],
            [
              17.385360360360362,
              78.48760484303288
            ]
          ]
        ]
      },
      "properties": {
        "tile_id": 145,
        "score": 0,
        "disease": null,
        "severity": "none",
        "last_seen": null,
        "detection_count": 0,
        "center_lat": 17.385405405405407,
        "center_lng": 78.48765204429856
      }
    },
    {
      "type": "Feature",
      "geometry": {
        "type": "Polygon",
        "coordinates": [
          [
            [
              17.385360360360362,
              78.48769924556423
            ],
            [
              17.385450450450453,
              78.48769924556423
            ],
            [
              17.385450450450453,
              78.48779364809558
            ],
            [
              17.385360360360362,
              78.48779364809558
            ],
            [
              17.385360360360362,
              78.48769924556423
            ]
          ]
        ]
      },
      "properties": {
        "tile_id": 146,
        "score": 0,
        "disease": null,
        "severity": "none",
        "last_seen": null,
        "detection_count": 0,
        "center_lat": 17.385405405405407,
        "center_lng": 78.4877464468299
      }
    },
    {
      "type": "Feature",
      "geometry": {
        "type": "Polygon",
        "coordinates": [
          [
            [
              17.385360360360362,
              78.48779364809558
            ],
            [
              17.385450450450453,
              78.48779364809558
            ],
            [
              17.385450450450453,
              78.48788805062692
            ],
            [
              17.385360360360362,
              78.48788805062692
            ],
            [
              17.385360360360362,
              78.48779364809558
            ]
          ]
        ]
      },
      "properties": {
        "tile_id": 147,
        "score": 0,
        "disease": null,
        "severity": "none",
        "last_seen": null,
        "detection_count": 0,
        "center_lat": 17.385405405405407,
        "center_lng": 78.48784084936125
      }
    },
    {
      "type": "Feature",
      "geometry": {
        "type": "Polygon",
        "coordinates": [
          [
            [
              17.385360360360362,
              78.48788805062692
            ],
            [
              17.385450450450453,
              78.48788805062692
            ],
            [
              17.385450450450453,
              78.48798245315827
            ],
            [
              17.385360360360362,
              78.48798245315827
            ],
            [
              17.385360360360362,
              78.48788805062692
            ]
          ]
        ]
      },
      "properties": {
        "tile_id": 148,
        "score": 0,
        "disease": null,
        "severity": "none",
        "last_seen": null,
        "detection_count": 0,
        "center_lat": 17.385405405405407,
        "center_lng": 78.4879352518926
      }
    },
    {
      "type": "Feature",
      "geometry": {
        "type": "Polygon",
        "coordinates": [
          [
            [
              17.385360360360362,
              78.48798245315827
            ],
            [
              17.385450450450453,
              78.48798245315827
            ],
            [
              17.385450450450453,
              78.48807685568961
            ],
            [
              17.385360360360362,
              78.48807685568961
            ],
            [
              17.385360360360362,
              78.48798245315827
            ]
          ]
        ]
      },
      "properties": {
        "tile_id": 149,
        "score": 0,
        "disease": null,
        "severity": "none",
        "last_seen": null,
        "detection_count": 0,
        "center_lat": 17.385405405405407,
        "center_lng": 78.48802965442394
      }
    },
    {
      "type": "Feature",
      "geometry": {
        "type": "Polygon",
        "coordinates": [
          [
            [
              17.385360360360362,
              78.48807685568961
            ],
            [
              17.385450450450453,
              78.48807685568961
            ],
            [
              17.385450450450453,
              78.48817125822096
            ],
            [
              17.385360360360362,
              78.48817125822096
            ],
            [
              17.385360360360362,
              78.48807685568961
            ]
          ]
        ]
      },
      "properties": {
        "tile_id": 150,
        "score": 0,
        "disease": null,
        "severity": "none",
        "last_seen": null,
        "detection_count": 0,
        "center_lat": 17.385405405405407,
        "center_lng": 78.48812405695529
      }
    },
    {
      "type": "Feature",
      "geometry": {
        "type": "Polygon",
        "coordinates": [
          [
            [
              17.385360360360362,
              78.48817125822096
            ],
            [
              17.385450450450453,
              78.48817125822096
            ],
            [
              17.385450450450453,
              78.4882656607523
            ],
            [
              17.385360360360362,
              78.4882656607523
            ],
            [
              17.385360360360362,
              78.48817125822096
            ]
          ]
        ]
      },
      "properties": {
        "tile_id": 151,
        "score": 0,
        "disease": null,
        "severity": "none",
        "last_seen": null,
        "detection_count": 0,
        "center_lat": 17.385405405405407,
        "center_lng": 78.48821845948663
      }
    },
    {
      "type": "Feature",
      "geometry": {
        "type": "Polygon",
        "coordinates": [
          [
            [
              17.385360360360362,
              78.4882656607523
            ],
            [
              17.385450450450453,
              78.4882656607523
            ],
            [
              17.385450450450453,
              78.48836006328365
            ],
            [
              17.385360360360362,
              78.48836006328365
            ],
            [
              17.385360360360362,
              78.4882656607523
            ]
          ]
        ]
      },
      "properties": {
        "tile_id": 152,
        "score": 0,
        "disease": null,
        "severity": "none",
        "last_seen": null,
        "detection_count": 0,
        "center_lat": 17.385405405405407,
        "center_lng": 78.48831286201798
      }
    },
    {
      "type": "Feature",
      "geometry": {
        "type": "Polygon",
        "coordinates": [
          [
            [
              17.385360360360362,
              78.48836006328365
            ],
            [
              17.385450450450453,
              78.48836006328365
            ],
            [
              17.385450450450453,
              78.488454465815
            ],
            [
              17.385360360360362,
              78.488454465815
            ],
            [
              17.385360360360362,
              78.48836006328365
            ]
          ]
        ]
      },
      "properties": {
        "tile_id": 153,
        "score": 0,
        "disease": null,
        "severity": "none",
        "last_seen": null,
        "detection_count": 0,
        "center_lat": 17.385405405405407,
        "center_lng": 78.48840726454932
      }
    },
    {
      "type": "Feature",
      "geometry": {
        "type": "Polygon",
        "coordinates": [
          [
            [
              17.385360360360362,
              78.488454465815
            ],
            [
              17.385450450450453,
              78.488454465815
            ],
            [
              17.385450450450453,
              78.48854886834634
            ],
            [
              17.385360360360362,
              78.48854886834634
            ],
            [
              17.385360360360362,
              78.488454465815
            ]
          ]
        ]
      },
      "properties": {
        "tile_id": 154,
        "score": 0,
        "disease": null,
        "severity": "none",
        "last_seen": null,
        "detection_count": 0,
        "center_lat": 17.385405405405407,
        "center_lng": 78.48850166708067
      }
    },
    {
      "type": "Feature",
      "geometry": {
        "type": "Polygon",
        "coordinates": [
          [
            [
              17.385360360360362,
              78.48854886834634
            ],
            [
              17.385450450450453,
              78.48854886834634
            ],
            [
              17.385450450450453,
              78.48864327087769
            ],
            [
              17.385360360360362,
              78.48864327087769
            ],
            [
              17.385360360360362,
              78.48854886834634
            ]
          ]
        ]
      },
      "properties": {
        "tile_id": 155,
        "score": 0,
        "disease": null,
        "severity": "none",
        "last_seen": null,
        "detection_count": 0,
        "center_lat": 17.385405405405407,
        "center_lng": 78.48859606961202
      }
    },
    {
      "type": "Feature",
      "geometry": {
        "type": "Polygon",
        "coordinates": [
          [
            [
              17.385360360360362,
              78.48864327087769
            ],
            [
              17.385450450450453,
              78.48864327087769
            ],
            [
              17.385450450450453,
              78.48873767340903
            ],
            [
              17.385360360360362,
              78.48873767340903
            ],
            [
              17.385360360360362,
              78.48864327087769
            ]
          ]
        ]
      },
      "properties": {
        "tile_id": 156,
        "score": 0,
        "disease": null,
        "severity": "none",
        "last_seen": null,
        "detection_count": 0,
        "center_lat": 17.385405405405407,
        "center_lng": 78.48869047214336
      }
    },
    {
      "type": "Feature",
      "geometry": {
        "type": "Polygon",
        "coordinates": [
          [
            [
              17.385360360360362,
              78.48873767340903
            ],
            [
              17.385450450450453,
              78.48873767340903
            ],
            [
              17.385450450450453,
              78.48883207594038
            ],
            [
              17.385360360360362,
              78.48883207594038
            ],
            [
              17.385360360360362,
              78.48873767340903
            ]
          ]
        ]
      },
      "properties": {
        "tile_id": 157,
        "score": 0,
        "disease": null,
        "severity": "none",
        "last_seen": null,
        "detection_count": 0,
        "center_lat": 17.385405405405407,
        "center_lng": 78.4887848746747
      }
    },
    {
      "type": "Feature",
      "geometry": {
        "type": "Polygon",
        "coordinates": [
          [
            [
              17.385360360360362,
              78.48883207594038
            ],
            [
              17.385450450450453,
              78.48883207594038
            ],
            [
              17.385450450450453,
              78.48892647847173
            ],
            [
              17.385360360360362,
              78.48892647847173
            ],
            [
              17.385360360360362,
              78.48883207594038
            ]
          ]
        ]
      },
      "properties": {
        "tile_id": 158,
        "score": 0,
        "disease": null,
        "severity": "none",
        "last_seen": null,
        "detection_count": 0,
        "center_lat": 17.385405405405407,
        "center_lng": 78.48887927720605
      }
    },
    {
      "type": "Feature",
      "geometry": {
        "type": "Polygon",
        "coordinates": [
          [
            [
              17.385360360360362,
              78.48892647847173
            ],
            [
              17.385450450450453,
              78.48892647847173
            ],
            [
              17.385450450450453,
              78.48902088100307
            ],
            [
              17.385360360360362,
              78.48902088100307
            ],
            [
              17.385360360360362,
              78.48892647847173
            ]
          ]
        ]
      },
      "properties": {
        "tile_id": 159,
        "score": 0,
        "disease": null,
        "severity": "none",
        "last_seen": null,
        "detection_count": 0,
        "center_lat": 17.385405405405407,
        "center_lng": 78.4889736797374
      }
    },
    {
      "type": "Feature",
      "geometry": {
        "type": "Polygon",
        "coordinates": [
          [
            [
              17.385450450450453,
              78.486
            ],
            [
              17.385540540540543,
              78.486
            ],
            [
              17.385540540540543,
              78.48609440253135
            ],
            [
              17.385450450450453,
              78.48609440253135
            ],
            [
              17.385450450450453,
              78.486
            ]
          ]
        ]
      },
      "properties": {
        "tile_id": 160,
        "score": 0,
        "disease": null,
        "severity": "none",
        "last_seen": null,
        "detection_count": 0,
        "center_lat": 17.385495495495498,
        "center_lng": 78.48604720126568
      }
    },
    {
      "type": "Feature",
      "geometry": {
        "type": "Polygon",
        "coordinates": [
          [
            [
              17.385450450450453,
              78.48609440253135
            ],
            [
              17.385540540540543,
              78.48609440253135
            ],
            [
              17.385540540540543,
              78.4861888050627
            ],
            [
              17.385450450450453,
              78.4861888050627
            ],
            [
              17.385450450450453,
              78.48609440253135
            ]
          ]
        ]
      },
      "properties": {
        "tile_id": 161,
        "score": 0,
        "disease": null,
        "severity": "none",
        "last_seen": null,
        "detection_count": 0,
        "center_lat": 17.385495495495498,
        "center_lng": 78.48614160379702
      }
    },
    {
      "type": "Feature",
      "geometry": {
        "type": "Polygon",
        "coordinates": [
          [
            [
              17.385450450450453,
              78.4861888050627
            ],
            [
              17.385540540540543,
              78.4861888050627
            ],
            [
              17.385540540540543,
              78.48628320759404
            ],
            [
              17.385450450450453,
              78.48628320759404
            ],
            [
              17.385450450450453,
              78.4861888050627
            ]
          ]
        ]
      },
      "properties": {
        "tile_id": 162,
        "score": 0,
        "disease": null,
        "severity": "none",
        "last_seen": null,
        "detection_count": 0,
        "center_lat": 17.385495495495498,
        "center_lng": 78.48623600632837
      }
    },
    {
      "type": "Feature",
      "geometry": {
        "type": "Polygon",
        "coordinates": [
          [
            [
              17.385450450450453,
              78.48628320759404
            ],
            [
              17.385540540540543,
              78.48628320759404
            ],
            [
              17.385540540540543,
              78.48637761012539
            ],
            [
              17.385450450450453,
              78.48637761012539
            ],
            [
              17.385450450450453,
              78.48628320759404
            ]
          ]
        ]
      },
      "properties": {
        "tile_id": 163,
        "score": 0,
        "disease": null,
        "severity": "none",
        "last_seen": null,
        "detection_count": 0,
        "center_lat": 17.385495495495498,
        "center_lng": 78.48633040885971
      }
    },
    {
      "type": "Feature",
      "geometry": {
        "type": "Polygon",
        "coordinates": [
          [
            [
              17.385450450450453,
              78.48637761012539
            ],
            [
              17.385540540540543,
              78.48637761012539
            ],
            [
              17.385540540540543,
              78.48647201265673
            ],
            [
              17.385450450450453,
              78.48647201265673
            ],
            [
              17.385450450450453,
              78.48637761012539
            ]
          ]
        ]
      },
      "properties": {
        "tile_id": 164,
        "score": 0,
        "disease": null,
        "severity": "none",
        "last_seen": null,
        "detection_count": 0,
        "center_lat": 17.385495495495498,
        "center_lng": 78.48642481139106
      }
    },
    {
      "type": "Feature",
      "geometry": {
        "type": "Polygon",
        "coordinates": [
          [
            [
              17.385450450450453,
              78.48647201265673
            ],
            [
              17.385540540540543,
              78.48647201265673
            ],
            [
              17.385540540540543,
              78.48656641518808
            ],
            [
              17.385450450450453,
              78.48656641518808
            ],
            [
              17.385450450450453,
              78.48647201265673
            ]
          ]
        ]
      },
      "properties": {
        "tile_id": 165,
        "score": 26,
        "disease": "blast",
        "severity": "mild",
        "last_seen": "2026-02-14T10:00:00.000Z",
        "detection_count": 2,
        "center_lat": 17.385495495495498,
        "center_lng": 78.4865192139224
      }
    },
    {
      "type": "Feature",
      "geometry": {
        "type": "Polygon",
        "coordinates": [
          [
            [
              17.385450450450453,
              78.48656641518808
            ],
            [
              17.385540540540543,
              78.48656641518808
            ],
            [
              17.385540540540543,
              78.48666081771943
            ],
            [
              17.385450450450453,
              78.48666081771943
            ],
            [
              17.385450450450453,
              78.48656641518808
            ]
          ]
        ]
      },
      "properties": {
        "tile_id": 166,
        "score": 0,
        "disease": null,
        "severity": "none",
        "last_seen": null,
        "detection_count": 0,
        "center_lat": 17.385495495495498,
        "center_lng": 78.48661361645375
      }
    },
    {
      "type": "Feature",
      "geometry": {
        "type": "Polygon",
        "coordinates": [
          [
            [
              17.385450450450453,
              78.48666081771943
            ],
            [
              17.385540540540543,
              78.48666081771943
            ],
            [
              17.385540540540543,
              78.48675522025077
            ],
            [
              17.385450450450453,
              78.48675522025077
            ],
            [
              17.385450450450453,
              78.48666081771943
            ]
          ]
        ]
      },
      "properties": {
        "tile_id": 167,
        "score": 0,
        "disease": null,
        "severity": "none",
        "last_seen": null,
        "detection_count": 0,
        "center_lat": 17.385495495495498,
        "center_lng": 78.4867080189851
      }
    },
    {
      "type": "Feature",
      "geometry": {
        "type": "Polygon",
        "coordinates": [
          [
            [
              17.385450450450453,
              78.48675522025077
            ],
            [
              17.385540540540543,
              78.48675522025077
            ],
            [
              17.385540540540543,
              78.48684962278212
            ],
            [
              17.385450450450453,
              78.48684962278212
            ],
            [
              17.385450450450453,
              78.48675522025077
            ]
          ]
        ]
      },
      "properties": {
        "tile_id": 168,
        "score": 0,
        "disease": null,
        "severity": "none",
        "last_seen": null,
        "detection_count": 0,
        "center_lat": 17.385495495495498,
        "center_lng": 78.48680242151644
      }
    },
    {
      "type": "Feature",
      "geometry": {
        "type": "Polygon",
        "coordinates": [
          [
            [
              17.385450450450453,
              78.48684962278212
            ],
            [
              17.385540540540543,
              78.48684962278212
            ],
            [
              17.385540540540543,
              78.48694402531346
            ],
            [
              17.385450450450453,
              78.48694402531346
            ],
            [
              17.385450450450453,
              78.48684962278212
            ]
          ]
        ]
      },
      "properties": {
        "tile_id": 169,
        "score": 0,
        "disease": null,
        "severity": "none",
        "last_seen": null,
        "detection_count": 0,
        "center_lat": 17.385495495495498,
        "center_lng": 78.48689682404779
      }
    },
    {
      "type": "Feature",
      "geometry": {
        "type": "Polygon",
        "coordinates": [
          [
            [
              17.385450450450453,
              78.48694402531346
            ],
            [
              17.385540540540543,
              78.48694402531346
            ],
            [
              17.385540540540543,
              78.48703842784481
            ],
            [
              17.385450450450453,
              78.48703842784481
            ],
            [
              17.385450450450453,
              78.48694402531346
            ]
          ]
        ]
      },
      "properties": {
        "tile_id": 170,
        "score": 0,
        "disease": null,
        "severity": "none",
        "last_seen": null,
        "detection_count": 0,
        "center_lat": 17.385495495495498,
        "center_lng": 78.48699122657914
      }
    },
    {
      "type": "Feature",
      "geometry": {
        "type": "Polygon",
        "coordinates": [
          [
            [
              17.385450450450453,
              78.48703842784481
            ],
            [
              17.385540540540543,
              78.48703842784481
            ],
            [
              17.385540540540543,
              78.48713283037615
            ],
            [
              17.385450450450453,
              78.48713283037615
            ],
            [
              17.385450450450453,
              78.48703842784481
            ]
          ]
        ]
      },
      "properties": {
        "tile_id": 171,
        "score": 0,
        "disease": null,
        "severity": "none",
        "last_seen": null,
        "detection_count": 0,
        "center_lat": 17.385495495495498,
        "center_lng": 78.48708562911048
      }
    },
    {
      "type": "Feature",
      "geometry": {
        "type": "Polygon",
        "coordinates": [
          [
            [
              17.385450450450453,
              78.48713283037615
            ],
            [
              17.385540540540543,
              78.48713283037615
            ],
            [
              17.385540540540543,
              78.4872272329075
            ],
            [
              17.385450450450453,
              78.4872272329075
            ],
            [
              17.385450450450453,
              78.48713283037615
            ]
          ]
        ]
      },
      "properties": {
        "tile_id": 172,
        "score": 0,
        "disease": null,
        "severity": "none",
        "last_seen": null,
        "detection_count": 0,
        "center_lat": 17.385495495495498,
        "center_lng": 78.48718003164183
      }
    },
    {
      "type": "Feature",
      "geometry": {
        "type": "Polygon",
        "coordinates": [
          [
            [
              17.385450450450453,
              78.4872272329075
            ],
            [
              17.385540540540543,
              78.4872272329075
            ],
            [
              17.385540540540543,
              78.48732163543885
            ],
            [
              17.385450450450453,
              78.48732163543885
            ],
            [
              17.385450450450453,
              78.4872272329075
            ]
          ]
        ]
      },
      "properties": {
        "tile_id": 173,
        "score": 0,
        "disease": null,
        "severity": "none",
        "last_seen": null,
        "detection_count": 0,
        "center_lat": 17.385495495495498,
        "center_lng": 78.48727443417317
      }
    },
    {
      "type": "Feature",
      "geometry": {
        "type": "Polygon",
        "coordinates": [
          [
            [
              17.385450450450453,
              78.48732163543885
            ],
            [
              17.385540540540543,
              78.48732163543885
            ],
            [
              17.385540540540543,
              78.48741603797019
            ],
            [
              17.385450450450453,
              78.48741603797019
            ],
            [
              17.385450450450453,
              78.48732163543885
            ]
          ]
        ]
      },
      "properties": {
        "tile_id": 174,
        "score": 0,
        "disease": null,
        "severity": "none",
        "last_seen": null,
        "detection_count": 0,
        "center_lat": 17.385495495495498,
        "center_lng": 78.48736883670452
      }
    },
    {
      "type": "Feature",
      "geometry": {
        "type": "Polygon",
        "coordinates": [
          [
            [
              17.385450450450453,
              78.48741603797019
            ],
            [
              17.385540540540543,
              78.48741603797019
            ],
            [
              17.385540540540543,
              78.48751044050154
            ],
            [
              17.385450450450453,
              78.48751044050154
            ],
            [
              17.385450450450453,
              78.48741603797019
            ]
          ]
        ]
      },
      "properties": {
        "tile_id": 175,
        "score": 0,
        "disease": null,
        "severity": "none",
        "last_seen": null,
        "detection_count": 0,
        "center_lat": 17.385495495495498,
        "center_lng": 78.48746323923586
      }
    },
    {
      "type": "Feature",
      "geometry": {
        "type": "Polygon",
        "coordinates": [
          [
            [
              17.385450450450453,
              78.48751044050154
            ],
            [
              17.385540540540543,
              78.48751044050154
            ],
            [
              17.385540540540543,
              78.48760484303288
            ],
            [
              17.385450450450453,
              78.48760484303288
            ],
            [
              17.385450450450453,
              78.48751044050154
            ]
          ]
        ]
      },
      "properties": {
        "tile_id": 176,
        "score": 0,
        "disease": null,
        "severity": "none",
        "last_seen": null,
        "detection_count": 0,
        "center_lat": 17.385495495495498,
        "center_lng": 78.48755764176721
      }
    },
    {
      "type": "Feature",
      "geometry": {
        "type": "Polygon",
        "coordinates": [
          [
            [
              17.385450450450453,
              78.48760484303288
            ],
            [
              17.385540540540543,
              78.48760484303288
            ],
            [
              17.385540540540543,
              78.48769924556423
            ],
            [
              17.385450450450453,
              78.48769924556423
            ],
            [
              17.385450450450453,
              78.48760484303288
            ]
          ]
        ]
      },
      "properties": {
        "tile_id": 177,
        "score": 0,
        "disease": null,
        "severity": "none",
        "last_seen": null,
        "detection_count": 0,
        "center_lat": 17.385495495495498,
        "center_lng": 78.48765204429856
      }
    },
    {
      "type": "Feature",
      "geometry": {
        "type": "Polygon",
        "coordinates": [
          [
            [
              17.385450450450453,
              78.48769924556423
            ],
            [
              17.385540540540543,
              78.48769924556423
            ],
            [
              17.385540540540543,
              78.48779364809558
            ],
            [
              17.385450450450453,
              78.48779364809558
            ],
            [
              17.385450450450453,
              78.48769924556423
            ]
          ]
        ]
      },
      "properties": {
        "tile_id": 178,
        "score": 0,
        "disease": null,
        "severity": "none",
        "last_seen": null,
        "detection_count": 0,
        "center_lat": 17.385495495495498,
        "center_lng": 78.4877464468299
      }
    },
    {
      "type": "Feature",
      "geometry": {
        "type": "Polygon",
        "coordinates": [
          [
            [
              17.385450450450453,
              78.48779364809558
            ],
            [
              17.385540540540543,
              78.48779364809558
            ],
            [
              17.385540540540543,
              78.48788805062692
            ],
            [
              17.385450450450453,
              78.48788805062692
            ],
            [
              17.385450450450453,
              78.48779364809558
            ]
          ]
        ]
      },
      "properties": {
        "tile_id": 179,
        "score": 0,
        "disease": null,
        "severity": "none",
        "last_seen": null,
        "detection_count": 0,
        "center_lat": 17.385495495495498,
        "center_lng": 78.48784084936125
      }
    },
    {
      "type": "Feature",
      "geometry": {
        "type": "Polygon",
        "coordinates": [
          [
            [
              17.385450450450453,
              78.48788805062692
            ],
            [
              17.385540540540543,
              78.48788805062692
            ],
            [
              17.385540540540543,
              78.48798245315827
            ],
            [
              17.385450450450453,
              78.48798245315827
            ],
            [
              17.385450450450453,
              78.48788805062692
            ]
          ]
        ]
      },
      "properties": {
        "tile_id": 180,
        "score": 0,
        "disease": null,
        "severity": "none",
        "last_seen": null,
        "detection_count": 0,
        "center_lat": 17.385495495495498,
        "center_lng": 78.4879352518926
      }
    },
    {
      "type": "Feature",
      "geometry": {
        "type": "Polygon",
        "coordinates": [
          [
            [
              17.385450450450453,
              78.48798245315827
            ],
            [
              17.385540540540543,
              78.48798245315827
            ],
            [
              17.385540540540543,
              78.48807685568961
            ],
            [
              17.385450450450453,
              78.48807685568961
            ],
            [
              17.385450450450453,
              78.48798245315827
            ]
          ]
        ]
      },
      "properties": {
        "tile_id": 181,
        "score": 0,
        "disease": null,
        "severity": "none",
        "last_seen": null,
        "detection_count": 0,
        "center_lat": 17.385495495495498,
        "center_lng": 78.48802965442394
      }
    },
    {
      "type": "Feature",
      "geometry": {
        "type": "Polygon",
        "coordinates": [
          [
            [
              17.385450450450453,
              78.48807685568961
            ],
            [
              17.385540540540543,
              78.48807685568961
            ],
            [
              17.385540540540543,
              78.48817125822096
            ],
            [
              17.385450450450453,
              78.48817125822096
            ],
            [
              17.385450450450453,
              78.48807685568961
            ]
          ]
        ]
      },
      "properties": {
        "tile_id": 182,
        "score": 0,
        "disease": null,
        "severity": "none",
        "last_seen": null,
        "detection_count": 0,
        "center_lat": 17.385495495495498,
        "center_lng": 78.48812405695529
      }
    },
    {
      "type": "Feature",
      "geometry": {
        "type": "Polygon",
        "coordinates": [
          [
            [
              17.385450450450453,
              78.48817125822096
            ],
            [
              17.385540540540543,
              78.48817125822096
            ],
            [
              17.385540540540543,
              78.4882656607523
            ],
            [
              17.385450450450453,
              78.4882656607523
            ],
            [
              17.385450450450453,
              78.48817125822096
            ]
          ]
        ]
      },
      "properties": {
        "tile_id": 183,
        "score": 0,
        "disease": null,
        "severity": "none",
        "last_seen": null,
        "detection_count": 0,
        "center_lat": 17.385495495495498,
        "center_lng": 78.48821845948663
      }
    },
    {
      "type": "Feature",
      "geometry": {
        "type": "Polygon",
        "coordinates": [
          [
            [
              17.385450450450453,
              78.4882656607523
            ],
            [
              17.385540540540543,
              78.4882656607523
            ],
            [
              17.385540540540543,
              78.48836006328365
            ],
            [
              17.385450450450453,
              78.48836006328365
            ],
            [
              17.385450450450453,
              78.4882656607523
            ]
          ]
        ]
      },
      "properties": {
        "tile_id": 184,
        "score": 0,
        "disease": null,
        "severity": "none",
        "last_seen": null,
        "detection_count": 0,
        "center_lat": 17.385495495495498,
        "center_lng": 78.48831286201798
      }
    },
    {
      "type": "Feature",
      "geometry": {
        "type": "Polygon",
        "coordinates": [
          [
            [
              17.385450450450453,
              78.48836006328365
            ],
            [
              17.385540540540543,
              78.48836006328365
            ],
            [
              17.385540540540543,
              78.488454465815
            ],
            [
              17.385450450450453,
              78.488454465815
            ],
            [
              17.385450450450453,
              78.48836006328365
            ]
          ]
        ]
      },
      "properties": {
        "tile_id": 185,
        "score": 0,
        "disease": null,
        "severity": "none",
        "last_seen": null,
        "detection_count": 0,
        "center_lat": 17.385495495495498,
        "center_lng": 78.48840726454932
      }
    },
    {
      "type": "Feature",
      "geometry": {
        "type": "Polygon",
        "coordinates": [
          [
            [
              17.385450450450453,
              78.488454465815
            ],
            [
              17.385540540540543,
              78.488454465815
            ],
            [
              17.385540540540543,
              78.48854886834634
            ],
            [
              17.385450450450453,
              78.48854886834634
            ],
            [
              17.385450450450453,
              78.488454465815
            ]
          ]
        ]
      },
      "properties": {
        "tile_id": 186,
        "score": 0,
        "disease": null,
        "severity": "none",
        "last_seen": null,
        "detection_count": 0,
        "center_lat": 17.385495495495498,
        "center_lng": 78.48850166708067
      }
    },
    {
      "type": "Feature",
      "geometry": {
        "type": "Polygon",
        "coordinates": [
          [
            [
              17.385450450450453,
              78.48854886834634
            ],
            [
              17.385540540540543,
              78.48854886834634
            ],
            [
              17.385540540540543,
              78.48864327087769
            ],
            [
              17.385450450450453,
              78.48864327087769
            ],
            [
              17.385450450450453,
              78.48854886834634
            ]
          ]
        ]
      },
      "properties": {
        "tile_id": 187,
        "score": 0,
        "disease": null,
        "severity": "none",
        "last_seen": null,
        "detection_count": 0,
        "center_lat": 17.385495495495498,
        "center_lng": 78.48859606961202
      }
    },
    {
      "type": "Feature",
      "geometry": {
        "type": "Polygon",
        "coordinates": [
          [
            [
              17.385450450450453,
              78.48864327087769
            ],
            [
              17.385540540540543,
              78.48864327087769
            ],
            [
              17.385540540540543,
              78.48873767340903
            ],
            [
              17.385450450450453,
              78.48873767340903
            ],
            [
              17.385450450450453,
              78.48864327087769
            ]
          ]
        ]
      },
      "properties": {
        "tile_id": 188,
        "score": 0,
        "disease": null,
        "severity": "none",
        "last_seen": null,
        "detection_count": 0,
        "center_lat": 17.385495495495498,
        "center_lng": 78.48869047214336
      }
    },
    {
      "type": "Feature",
      "geometry": {
        "type": "Polygon",
        "coordinates": [
          [
            [
              17.385450450450453,
              78.48873767340903
            ],
            [
              17.385540540540543,
              78.48873767340903
            ],
            [
              17.385540540540543,
              78.48883207594038
            ],
            [
              17.385450450450453,
              78.48883207594038
            ],
            [
              17.385450450450453,
              78.48873767340903
            ]
          ]
        ]
      },
      "properties": {
        "tile_id": 189,
        "score": 0,
        "disease": null,
        "severity": "none",
        "last_seen": null,
        "detection_count": 0,
        "center_lat": 17.385495495495498,
        "center_lng": 78.4887848746747
      }
    },
    {
      "type": "Feature",
      "geometry": {
        "type": "Polygon",
        "coordinates": [
          [
            [
              17.385450450450453,
              78.48883207594038
            ],
            [
              17.385540540540543,
              78.48883207594038
            ],
            [
              17.385540540540543,
              78.48892647847173
            ],
            [
              17.385450450450453,
              78.48892647847173
            ],
            [
              17.385450450450453,
              78.48883207594038
            ]
          ]
        ]
      },
      "properties": {
        "tile_id": 190,
        "score": 0,
        "disease": null,
        "severity": "none",
        "last_seen": null,
        "detection_count": 0,
        "center_lat": 17.385495495495498,
        "center_lng": 78.48887927720605
      }
    },
    {
      "type": "Feature",
      "geometry": {
        "type": "Polygon",
        "coordinates": [
          [
            [
              17.385450450450453,
              78.48892647847173
            ],
            [
              17.385540540540543,
              78.48892647847173
            ],
            [
              17.385540540540543,
              78.48902088100307
            ],
            [
              17.385450450450453,
              78.48902088100307
            ],
            [
              17.385450450450453,
              78.48892647847173
            ]
          ]
        ]
      },
      "properties": {
        "tile_id": 191,
        "score": 0,
        "disease": null,
        "severity": "none",
        "last_seen": null,
        "detection_count": 0,
        "center_lat": 17.385495495495498,
        "center_lng": 78.4889736797374
      }
    },
    {
      "type": "Feature",
      "geometry": {
        "type": "Polygon",
        "coordinates": [
          [
            [
              17.385540540540543,
              78.486
            ],
            [
              17.385630630630633,
              78.486
            ],
            [
              17.385630630630633,
              78.48609440253135
            ],
            [
              17.385540540540543,
              78.48609440253135
            ],
            [
              17.385540540540543,
              78.486
            ]
          ]
        ]
      },
      "properties": {
        "tile_id": 192,
        "score": 0,
        "disease": null,
        "severity": "none",
        "last_seen": null,
        "detection_count": 0,
        "center_lat": 17.385585585585588,
        "center_lng": 78.48604720126568
      }
    },
    {
      "type": "Feature",
      "geometry": {
        "type": "Polygon",
        "coordinates": [
          [
            [
              17.385540540540543,
              78.48609440253135
            ],
            [
              17.385630630630633,
              78.48609440253135
            ],
            [
              17.385630630630633,
              78.4861888050627
            ],
            [
              17.385540540540543,
              78.4861888050627
            ],
            [
              17.385540540540543,
              78.48609440253135
            ]
          ]
        ]
      },
      "properties": {
        "tile_id": 193,
        "score": 0,
        "disease": null,
        "severity": "none",
        "last_seen": null,
        "detection_count": 0,
        "center_lat": 17.385585585585588,
        "center_lng": 78.48614160379702
      }
    },
    {
      "type": "Feature",
      "geometry": {
        "type": "Polygon",
        "coordinates": [
          [
            [
              17.385540540540543,
              78.4861888050627
            ],
            [
              17.385630630630633,
              78.4861888050627
            ],
            [
              17.385630630630633,
              78.48628320759404
            ],
            [
              17.385540540540543,
              78.48628320759404
            ],
            [
              17.385540540540543,
              78.4861888050627
            ]
          ]
        ]
      },
      "properties": {
        "tile_id": 194,
        "score": 0,
        "disease": null,
        "severity": "none",
        "last_seen": null,
        "detection_count": 0,
        "center_lat": 17.385585585585588,
        "center_lng": 78.48623600632837
      }
    },
    {
      "type": "Feature",
      "geometry": {
        "type": "Polygon",
        "coordinates": [
          [
            [
              17.385540540540543,
              78.48628320759404
            ],
            [
              17.385630630630633,
              78.48628320759404
            ],
            [
              17.385630630630633,
              78.48637761012539
            ],
            [
              17.385540540540543,
              78.48637761012539
            ],
            [
              17.385540540540543,
              78.48628320759404
            ]
          ]
        ]
      },
      "properties": {
        "tile_id": 195,
        "score": 0,
        "disease": null,
        "severity": "none",
        "last_seen": null,
        "detection_count": 0,
        "center_lat": 17.385585585585588,
        "center_lng": 78.48633040885971
      }
    },
    {
      "type": "Feature",
      "geometry": {
        "type": "Polygon",
        "coordinates": [
          [
            [
              17.385540540540543,
              78.48637761012539
            ],
            [
              17.385630630630633,
              78.48637761012539
            ],
            [
              17.385630630630633,
              78.48647201265673
            ],
            [
              17.385540540540543,
              78.48647201265673
            ],
            [
              17.385540540540543,
              78.48637761012539
            ]
          ]
        ]
      },
      "properties": {
        "tile_id": 196,
        "score": 0,
        "disease": null,
        "severity": "none",
        "last_seen": null,
        "detection_count": 0,
        "center_lat": 17.385585585585588,
        "center_lng": 78.48642481139106
      }
    },
    {
      "type": "Feature",
      "geometry": {
        "type": "Polygon",
        "coordinates": [
          [
            [
              17.385540540540543,
              78.48647201265673
            ],
            [
              17.385630630630633,
              78.48647201265673
            ],
            [
              17.385630630630633,
              78.48656641518808
            ],
            [
              17.385540540540543,
              78.48656641518808
            ],
            [
              17.385540540540543,
              78.48647201265673
            ]
          ]
        ]
      },
      "properties": {
        "tile_id": 197,
        "score": 0,
        "disease": null,
        "severity": "none",
        "last_seen": null,
        "detection_count": 0,
        "center_lat": 17.385585585585588,
        "center_lng": 78.4865192139224
      }
    },
    {
      "type": "Feature",
      "geometry": {
        "type": "Polygon",
        "coordinates": [
          [
            [
              17.385540540540543,
              78.48656641518808
            ],
            [
              17.385630630630633,
              78.48656641518808
            ],
            [
              17.385630630630633,
              78.48666081771943
            ],
            [
              17.385540540540543,
              78.48666081771943
            ],
            [
              17.385540540540543,
              78.48656641518808
            ]
          ]
        ]
      },
      "properties": {
        "tile_id": 198,
        "score": 18,
        "disease": "blast",
        "severity": "mild",
        "last_seen": "2026-02-14T10:01:00.000Z",
        "detection_count": 1,
        "center_lat": 17.385585585585588,
        "center_lng": 78.48661361645375
      }
    },
    {
      "type": "Feature",
      "geometry": {
        "type": "Polygon",
        "coordinates": [
          [
            [
              17.385540540540543,
              78.48666081771943
            ],
            [
              17.385630630630633,
              78.48666081771943
            ],
            [
              17.385630630630633,
              78.48675522025077
            ],
            [
              17.385540540540543,
              78.48675522025077
            ],
            [
              17.385540540540543,
              78.48666081771943
            ]
          ]
        ]
      },
      "properties": {
        "tile_id": 199,
        "score": 0,
        "disease": null,
        "severity": "none",
        "last_seen": null,
        "detection_count": 0,
        "center_lat": 17.385585585585588,
        "center_lng": 78.4867080189851
      }
    },
    {
      "type": "Feature",
      "geometry": {
        "type": "Polygon",
        "coordinates": [
          [
            [
              17.385540540540543,
              78.48675522025077
            ],
            [
              17.385630630630633,
              78.48675522025077
            ],
            [
              17.385630630630633,
              78.48684962278212
            ],
            [
              17.385540540540543,
              78.48684962278212
            ],
            [
              17.385540540540543,
              78.48675522025077
            ]
          ]
        ]
      },
      "properties": {
        "tile_id": 200,
        "score": 0,
        "disease": null,
        "severity": "none",
        "last_seen": null,
        "detection_count": 0,
        "center_lat": 17.385585585585588,
        "center_lng": 78.48680242151644
      }
    },
    {
      "type": "Feature",
      "geometry": {
        "type": "Polygon",
        "coordinates": [
          [
            [
              17.385540540540543,
              78.48684962278212
            ],
            [
              17.385630630630633,
              78.48684962278212
            ],
            [
              17.385630630630633,
              78.48694402531346
            ],
            [
              17.385540540540543,
              78.48694402531346
            ],
            [
              17.385540540540543,
              78.48684962278212
            ]
          ]
        ]
      },
      "properties": {
        "tile_id": 201,
        "score": 0,
        "disease": null,
        "severity": "none",
        "last_seen": null,
        "detection_count": 0,
        "center_lat": 17.385585585585588,
        "center_lng": 78.48689682404779
      }
    },
    {
      "type": "Feature",
      "geometry": {
        "type": "Polygon",
        "coordinates": [
          [
            [
              17.385540540540543,
              78.48694402531346
            ],
            [
              17.385630630630633,
              78.48694402531346
            ],
            [
              17.385630630630633,
              78.48703842784481
            ],
            [
              17.385540540540543,
              78.48703842784481
            ],
            [
              17.385540540540543,
              78.48694402531346
            ]
          ]
        ]
      },
      "properties": {
        "tile_id": 202,
        "score": 0,
        "disease": null,
        "severity": "none",
        "last_seen": null,
        "detection_count": 0,
        "center_lat": 17.385585585585588,
        "center_lng": 78.48699122657914
      }
    },
    {
      "type": "Feature",
      "geometry": {
        "type": "Polygon",
        "coordinates": [
          [
            [
              17.385540540540543,
              78.48703842784481
            ],
            [
              17.385630630630633,
              78.48703842784481
            ],
            [
              17.385630630630633,
              78.48713283037615
            ],
            [
              17.385540540540543,
              78.48713283037615
            ],
            [
              17.385540540540543,
              78.48703842784481
            ]
          ]
        ]
      },
      "properties": {
        "tile_id": 203,
        "score": 0,
        "disease": null,
        "severity": "none",
        "last_seen": null,
        "detection_count": 0,
        "center_lat": 17.385585585585588,
        "center_lng": 78.48708562911048
      }
    },
    {
      "type": "Feature",
      "geometry": {
        "type": "Polygon",
        "coordinates": [
          [
            [
              17.385540540540543,
              78.48713283037615
            ],
            [
              17.385630630630633,
              78.48713283037615
            ],
            [
              17.385630630630633,
              78.4872272329075
            ],
            [
              17.385540540540543,
              78.4872272329075
            ],
            [
              17.385540540540543,
              78.48713283037615
            ]
          ]
        ]
      },
      "properties": {
        "tile_id": 204,
        "score": 0,
        "disease": null,
        "severity": "none",
        "last_seen": null,
        "detection_count": 0,
        "center_lat": 17.385585585585588,
        "center_lng": 78.48718003164183
      }
    },
    {
      "type": "Feature",
      "geometry": {
        "type": "Polygon",
        "coordinates": [
          [
            [
              17.385540540540543,
              78.4872272329075
            ],
            [
              17.385630630630633,
              78.4872272329075
            ],
            [
              17.385630630630633,
              78.48732163543885
            ],
            [
              17.385540540540543,
              78.48732163543885
            ],
            [
              17.385540540540543,
              78.4872272329075
            ]
          ]
        ]
      },
      "properties": {
        "tile_id": 205,
        "score": 0,
        "disease": null,
        "severity": "none",
        "last_seen": null,
        "detection_count": 0,
        "center_lat": 17.385585585585588,
        "center_lng": 78.48727443417317
      }
    },
    {
      "type": "Feature",
      "geometry": {
        "type": "Polygon",
        "coordinates": [
          [
            [
              17.385540540540543,
              78.48732163543885
            ],
            [
              17.385630630630633,
              78.48732163543885
            ],
            [
              17.385630630630633,
              78.48741603797019
            ],
            [
              17.385540540540543,
              78.48741603797019
            ],
            [
              17.385540540540543,
              78.48732163543885
            ]
          ]
        ]
      },
      "properties": {
        "tile_id": 206,
        "score": 0,
        "disease": null,
        "severity": "none",
        "last_seen": null,
        "detection_count": 0,
        "center_lat": 17.385585585585588,
        "center_lng": 78.48736883670452
      }
    },
    {
      "type": "Feature",
      "geometry": {
        "type": "Polygon",
        "coordinates": [
          [
            [
              17.385540540540543,
              78.48741603797019
            ],
            [
              17.385630630630633,
              78.48741603797019
            ],
            [
              17.385630630630633,
              78.48751044050154
            ],
            [
              17.385540540540543,
              78.48751044050154
            ],
            [
              17.385540540540543,
              78.48741603797019
            ]
          ]
        ]
      },
      "properties": {
        "tile_id": 207,
        "score": 0,
        "disease": null,
        "severity": "none",
        "last_seen": null,
        "detection_count": 0,
        "center_lat": 17.385585585585588,
        "center_lng": 78.48746323923586
      }
    },
    {
      "type": "Feature",
      "geometry": {
        "type": "Polygon",
        "coordinates": [
          [
            [
              17.385540540540543,
              78.48751044050154
            ],
            [
              17.385630630630633,
              78.48751044050154
            ],
            [
              17.385630630630633,
              78.48760484303288
            ],
            [
              17.385540540540543,
              78.48760484303288
            ],
            [
              17.385540540540543,
              78.48751044050154
            ]
          ]
        ]
      },
      "properties": {
        "tile_id": 208,
        "score": 0,
        "disease": null,
        "severity": "none",
        "last_seen": null,
        "detection_count": 0,
        "center_lat": 17.385585585585588,
        "center_lng": 78.48755764176721
      }
    },
    {
      "type": "Feature",
      "geometry": {
        "type": "Polygon",
        "coordinates": [
          [
            [
              17.385540540540543,
              78.48760484303288
            ],
            [
              17.385630630630633,
              78.48760484303288
            ],
            [
              17.385630630630633,
              78.48769924556423
            ],
            [
              17.385540540540543,
              78.48769924556423
            ],
            [
              17.385540540540543,
              78.48760484303288
            ]
          ]
        ]
      },
      "properties": {
        "tile_id": 209,
        "score": 0,
        "disease": null,
        "severity": "none",
        "last_seen": null,
        "detection_count": 0,
        "center_lat": 17.385585585585588,
        "center_lng": 78.48765204429856
      }
    },
    {
      "type": "Feature",
      "geometry": {
        "type": "Polygon",
        "coordinates": [
          [
            [
              17.385540540540543,
              78.48769924556423
            ],
            [
              17.385630630630633,
              78.48769924556423
            ],
            [
              17.385630630630633,
              78.48779364809558
            ],
            [
              17.385540540540543,
              78.48779364809558
            ],
            [
              17.385540540540543,
              78.48769924556423
            ]
          ]
        ]
      },
      "properties": {
        "tile_id": 210,
        "score": 0,
        "disease": null,
        "severity": "none",
        "last_seen": null,
        "detection_count": 0,
        "center_lat": 17.385585585585588,
        "center_lng": 78.4877464468299
      }
    },
    {
      "type": "Feature",
      "geometry": {
        "type": "Polygon",
        "coordinates": [
          [
            [
              17.385540540540543,
              78.48779364809558
            ],
            [
              17.385630630630633,
              78.48779364809558
            ],
            [
              17.385630630630633,
              78.48788805062692
            ],
            [
              17.385540540540543,
              78.48788805062692
            ],
            [
              17.385540540540543,
              78.48779364809558
            ]
          ]
        ]
      },
      "properties": {
        "tile_id": 211,
        "score": 0,
        "disease": null,
        "severity": "none",
        "last_seen": null,
        "detection_count": 0,
        "center_lat": 17.385585585585588,
        "center_lng": 78.48784084936125
      }
    },
    {
      "type": "Feature",
      "geometry": {
        "type": "Polygon",
        "coordinates": [
          [
            [
              17.385540540540543,
              78.48788805062692
            ],
            [
              17.385630630630633,
              78.48788805062692
            ],
            [
              17.385630630630633,
              78.48798245315827
            ],
            [
              17.385540540540543,
              78.48798245315827
            ],
            [
              17.385540540540543,
              78.48788805062692
            ]
          ]
        ]
      },
      "properties": {
        "tile_id": 212,
        "score": 0,
        "disease": null,
        "severity": "none",
        "last_seen": null,
        "detection_count": 0,
        "center_lat": 17.385585585585588,
        "center_lng": 78.4879352518926
      }
    },
    {
      "type": "Feature",
      "geometry": {
        "type": "Polygon",
        "coordinates": [
          [
            [
              17.385540540540543,
              78.48798245315827
            ],
            [
              17.385630630630633,
              78.48798245315827
            ],
            [
              17.385630630630633,
              78.48807685568961
            ],
            [
              17.385540540540543,
              78.48807685568961
            ],
            [
              17.385540540540543,
              78.48798245315827
            ]
          ]
        ]
      },
      "properties": {
        "tile_id": 213,
        "score": 0,
        "disease": null,
        "severity": "none",
        "last_seen": null,
        "detection_count": 0,
        "center_lat": 17.385585585585588,
        "center_lng": 78.48802965442394
      }
    },
    {
      "type": "Feature",
      "geometry": {
        "type": "Polygon",
        "coordinates": [
          [
            [
              17.385540540540543,
              78.48807685568961
            ],
            [
              17.385630630630633,
              78.48807685568961
            ],
            [
              17.385630630630633,
              78.48817125822096
            ],
            [
              17.385540540540543,
              78.48817125822096
            ],
            [
              17.385540540540543,
              78.48807685568961
            ]
          ]
        ]
      },
      "properties": {
        "tile_id": 214,
        "score": 0,
        "disease": null,
        "severity": "none",
        "last_seen": null,
        "detection_count": 0,
        "center_lat": 17.385585585585588,
        "center_lng": 78.48812405695529
      }
    },
    {
      "type": "Feature",
      "geometry": {
        "type": "Polygon",
        "coordinates": [
          [
            [
              17.385540540540543,
              78.48817125822096
            ],
            [
              17.385630630630633,
              78.48817125822096
            ],
            [
              17.385630630630633,
              78.4882656607523
            ],
            [
              17.385540540540543,
              78.4882656607523
            ],
            [
              17.385540540540543,
              78.48817125822096
            ]
          ]
        ]
      },
      "properties": {
        "tile_id": 215,
        "score": 0,
        "disease": null,
        "severity": "none",
        "last_seen": null,
        "detection_count": 0,
        "center_lat": 17.385585585585588,
        "center_lng": 78.48821845948663
      }
    },
    {
      "type": "Feature",
      "geometry": {
        "type": "Polygon",
        "coordinates": [
          [
            [
              17.385540540540543,
              78.4882656607523
            ],
            [
              17.385630630630633,
              78.4882656607523
            ],
            [
              17.385630630630633,
              78.48836006328365
            ],
            [
              17.385540540540543,
              78.48836006328365
            ],
            [
              17.385540540540543,
              78.4882656607523
            ]
          ]
        ]
      },
      "properties": {
        "tile_id": 216,
        "score": 0,
        "disease": null,
        "severity": "none",
        "last_seen": null,
        "detection_count": 0,
        "center_lat": 17.385585585585588,
        "center_lng": 78.48831286201798
      }
    },
    {
      "type": "Feature",
      "geometry": {
        "type": "Polygon",
        "coordinates": [
          [
            [
              17.385540540540543,
              78.48836006328365
            ],
            [
              17.385630630630633,
              78.48836006328365
            ],
            [
              17.385630630630633,
              78.488454465815
            ],
            [
              17.385540540540543,
              78.488454465815
            ],
            [
              17.385540540540543,
              78.48836006328365
            ]
          ]
        ]
      },
      "properties": {
        "tile_id": 217,
        "score": 0,
        "disease": null,
        "severity": "none",
        "last_seen": null,
        "detection_count": 0,
        "center_lat": 17.385585585585588,
        "center_lng": 78.48840726454932
      }
    },
    {
      "type": "Feature",
      "geometry": {
        "type": "Polygon",
        "coordinates": [
          [
            [
              17.385540540540543,
              78.488454465815
            ],
            [
              17.385630630630633,
              78.488454465815
            ],
            [
              17.385630630630633,
              78.48854886834634
            ],
            [
              17.385540540540543,
              78.48854886834634
            ],
            [
              17.385540540540543,
              78.488454465815
            ]
          ]
        ]
      },
      "properties": {
        "tile_id": 218,
        "score": 0,
        "disease": null,
        "severity": "none",
        "last_seen": null,
        "detection_count": 0,
        "center_lat": 17.385585585585588,
        "center_lng": 78.48850166708067
      }
    },
    {
      "type": "Feature",
      "geometry": {
        "type": "Polygon",
        "coordinates": [
          [
            [
              17.385540540540543,
              78.48854886834634
            ],
            [
              17.385630630630633,
              78.48854886834634
            ],
            [
              17.385630630630633,
              78.48864327087769
            ],
            [
              17.385540540540543,
              78.48864327087769
            ],
            [
              17.385540540540543,
              78.48854886834634
            ]
          ]
        ]
      },
      "properties": {
        "tile_id": 219,
        "score": 0,
        "disease": null,
        "severity": "none",
        "last_seen": null,
        "detection_count": 0,
        "center_lat": 17.385585585585588,
        "center_lng": 78.48859606961202
      }
    },
    {
      "type": "Feature",
      "geometry": {
        "type": "Polygon",
        "coordinates": [
          [
            [
              17.385540540540543,
              78.48864327087769
            ],
            [
              17.385630630630633,
              78.48864327087769
            ],
            [
              17.385630630630633,
              78.48873767340903
            ],
            [
              17.385540540540543,
              78.48873767340903
            ],
            [
              17.385540540540543,
              78.48864327087769
            ]
          ]
        ]
      },
      "properties": {
        "tile_id": 220,
        "score": 0,
        "disease": null,
        "severity": "none",
        "last_seen": null,
        "detection_count": 0,
        "center_lat": 17.385585585585588,
        "center_lng": 78.48869047214336
      }
    },
    {
      "type": "Feature",
      "geometry": {
        "type": "Polygon",
        "coordinates": [
          [
            [
              17.385540540540543,
              78.48873767340903
            ],
            [
              17.385630630630633,
              78.48873767340903
            ],
            [
              17.385630630630633,
              78.48883207594038
            ],
            [
              17.385540540540543,
              78.48883207594038
            ],
            [
              17.385540540540543,
              78.48873767340903
            ]
          ]
        ]
      },
      "properties": {
        "tile_id": 221,
        "score": 0,
        "disease": null,
        "severity": "none",
        "last_seen": null,
        "detection_count": 0,
        "center_lat": 17.385585585585588,
        "center_lng": 78.4887848746747
      }
    },
    {
      "type": "Feature",
      "geometry": {
        "type": "Polygon",
        "coordinates": [
          [
            [
              17.385540540540543,
              78.48883207594038
            ],
            [
              17.385630630630633,
              78.48883207594038
            ],
            [
              17.385630630630633,
              78.48892647847173
            ],
            [
              17.385540540540543,
              78.48892647847173
            ],
            [
              17.385540540540543,
              78.48883207594038
            ]
          ]
        ]
      },
      "properties": {
        "tile_id": 222,
        "score": 0,
        "disease": null,
        "severity": "none",
        "last_seen": null,
        "detection_count": 0,
        "center_lat": 17.385585585585588,
        "center_lng": 78.48887927720605
      }
    },
    {
      "type": "Feature",
      "geometry": {
        "type": "Polygon",
        "coordinates": [
          [
            [
              17.385540540540543,
              78.48892647847173
            ],
            [
              17.385630630630633,
              78.48892647847173
            ],
            [
              17.385630630630633,
              78.48902088100307
            ],
            [
              17.385540540540543,
              78.48902088100307
            ],
            [
              17.385540540540543,
              78.48892647847173
            ]
          ]
        ]
      },
      "properties": {
        "tile_id": 223,
        "score": 0,
        "disease": null,
        "severity": "none",
        "last_seen": null,
        "detection_count": 0,
        "center_lat": 17.385585585585588,
        "center_lng": 78.4889736797374
      }
    },
    {
      "type": "Feature",
      "geometry": {
        "type": "Polygon",
        "coordinates": [
          [
            [
              17.385630630630633,
              78.486
            ],
            [
              17.385720720720723,
              78.486
            ],
            [
              17.385720720720723,
              78.48609440253135
            ],
            [
              17.385630630630633,
              78.48609440253135
            ],
            [
              17.385630630630633,
              78.486
            ]
          ]
        ]
      },
      "properties": {
        "tile_id": 224,
        "score": 0,
        "disease": null,
        "severity": "none",
        "last_seen": null,
        "detection_count": 0,
        "center_lat": 17.385675675675678,
        "center_lng": 78.48604720126568
      }
    },
    {
      "type": "Feature",
      "geometry": {
        "type": "Polygon",
        "coordinates": [
          [
            [
              17.385630630630633,
              78.48609440253135
            ],
            [
              17.385720720720723,
              78.48609440253135
            ],
            [
              17.385720720720723,
              78.4861888050627
            ],
            [
              17.385630630630633,
              78.4861888050627
            ],
            [
              17.385630630630633,
              78.48609440253135
            ]
          ]
        ]
      },
      "properties": {
        "tile_id": 225,
        "score": 0,
        "disease": null,
        "severity": "none",
        "last_seen": null,
        "detection_count": 0,
        "center_lat": 17.385675675675678,
        "center_lng": 78.48614160379702
      }
    },
    {
      "type": "Feature",
      "geometry": {
        "type": "Polygon",
        "coordinates": [
          [
            [
              17.385630630630633,
              78.4861888050627
            ],
            [
              17.385720720720723,
              78.4861888050627
            ],
            [
              17.385720720720723,
              78.48628320759404
            ],
            [
              17.385630630630633,
              78.48628320759404
            ],
            [
              17.385630630630633,
              78.4861888050627
            ]
          ]
        ]
      },
      "properties": {
        "tile_id": 226,
        "score": 0,
        "disease": null,
        "severity": "none",
        "last_seen": null,
        "detection_count": 0,
        "center_lat": 17.385675675675678,
        "center_lng": 78.48623600632837
      }
    },
    {
      "type": "Feature",
      "geometry": {
        "type": "Polygon",
        "coordinates": [
          [
            [
              17.385630630630633,
              78.48628320759404
            ],
            [
              17.385720720720723,
              78.48628320759404
            ],
            [
              17.385720720720723,
              78.48637761012539
            ],
            [
              17.385630630630633,
              78.48637761012539
            ],
            [
              17.385630630630633,
              78.48628320759404
            ]
          ]
        ]
      },
      "properties": {
        "tile_id": 227,
        "score": 0,
        "disease": null,
        "severity": "none",
        "last_seen": null,
        "detection_count": 0,
        "center_lat": 17.385675675675678,
        "center_lng": 78.48633040885971
      }
    },
    {
      "type": "Feature",
      "geometry": {
        "type": "Polygon",
        "coordinates": [
          [
            [
              17.385630630630633,
              78.48637761012539
            ],
            [
              17.385720720720723,
              78.48637761012539
            ],
            [
              17.385720720720723,
              78.48647201265673
            ],
            [
              17.385630630630633,
              78.48647201265673
            ],
            [
              17.385630630630633,
              78.48637761012539
            ]
          ]
        ]
      },
      "properties": {
        "tile_id": 228,
        "score": 0,
        "disease": null,
        "severity": "none",
        "last_seen": null,
        "detection_count": 0,
        "center_lat": 17.385675675675678,
        "center_lng": 78.48642481139106
      }
    },
    {
      "type": "Feature",
      "geometry": {
        "type": "Polygon",
        "coordinates": [
          [
            [
              17.385630630630633,
              78.48647201265673
            ],
            [
              17.385720720720723,
              78.48647201265673
            ],
            [
              17.385720720720723,
              78.48656641518808
            ],
            [
              17.385630630630633,
              78.48656641518808
            ],
            [
              17.385630630630633,
              78.48647201265673
            ]
          ]
        ]
      },
      "properties": {
        "tile_id": 229,
        "score": 0,
        "disease": null,
        "severity": "none",
        "last_seen": null,
        "detection_count": 0,
        "center_lat": 17.385675675675678,
        "center_lng": 78.4865192139224
      }
    },
    {
      "type": "Feature",
      "geometry": {
        "type": "Polygon",
        "coordinates": [
          [
            [
              17.385630630630633,
              78.48656641518808
            ],
            [
              17.385720720720723,
              78.48656641518808
            ],
            [
              17.385720720720723,
              78.48666081771943
            ],
            [
              17.385630630630633,
              78.48666081771943
            ],
            [
              17.385630630630633,
              78.48656641518808
            ]
          ]
        ]
      },
      "properties": {
        "tile_id": 230,
        "score": 0,
        "disease": null,
        "severity": "none",
        "last_seen": null,
        "detection_count": 0,
        "center_lat": 17.385675675675678,
        "center_lng": 78.48661361645375
      }
    },
    {
      "type": "Feature",
      "geometry": {
        "type": "Polygon",
        "coordinates": [
          [
            [
              17.385630630630633,
              78.48666081771943
            ],
            [
              17.385720720720723,
              78.48666081771943
            ],
            [
              17.385720720720723,
              78.48675522025077
            ],
            [
              17.385630630630633,
              78.48675522025077
            ],
            [
              17.385630630630633,
              78.48666081771943
            ]
          ]
        ]
      },
      "properties": {
        "tile_id": 231,
        "score": 27,
        "disease": "blast",
        "severity": "mild",
        "last_seen": "2026-02-14T10:04:00.000Z",
        "detection_count": 2,
        "center_lat": 17.385675675675678,
        "center_lng": 78.4867080189851
      }
    },
    {
      "type": "Feature",
      "geometry": {
        "type": "Polygon",
        "coordinates": [
          [
            [
              17.385630630630633,
              78.48675522025077
            ],
            [
              17.385720720720723,
              78.48675522025077
            ],
            [
              17.385720720720723,
              78.48684962278212
            ],
            [
              17.385630630630633,
              78.48684962278212
            ],
            [
              17.385630630630633,
              78.48675522025077
            ]
          ]
        ]
      },
      "properties": {
        "tile_id": 232,
        "score": 0,
        "disease": null,
        "severity": "none",
        "last_seen": null,
        "detection_count": 0,
        "center_lat": 17.385675675675678,
        "center_lng": 78.48680242151644
      }
    },
    {
      "type": "Feature",
      "geometry": {
        "type": "Polygon",
        "coordinates": [
          [
            [
              17.385630630630633,
              78.48684962278212
            ],
            [
              17.385720720720723,
              78.48684962278212
            ],
            [
              17.385720720720723,
              78.48694402531346
            ],
            [
              17.385630630630633,
              78.48694402531346
            ],
            [
              17.385630630630633,
              78.48684962278212
            ]
          ]
        ]
      },
      "properties": {
        "tile_id": 233,
        "score": 0,
        "disease": null,
        "severity": "none",
        "last_seen": null,
        "detection_count": 0,
        "center_lat": 17.385675675675678,
        "center_lng": 78.48689682404779
      }
    },
    {
      "type": "Feature",
      "geometry": {
        "type": "Polygon",
        "coordinates": [
          [
            [
              17.385630630630633,
              78.48694402531346
            ],
            [
              17.385720720720723,
              78.48694402531346
            ],
            [
              17.385720720720723,
              78.48703842784481
            ],
            [
              17.385630630630633,
              78.48703842784481
            ],
            [
              17.385630630630633,
              78.48694402531346
            ]
          ]
        ]
      },
      "properties": {
        "tile_id": 234,
        "score": 0,
        "disease": null,
        "severity": "none",
        "last_seen": null,
        "detection_count": 0,
        "center_lat": 17.385675675675678,
        "center_lng": 78.48699122657914
      }
    },
    {
      "type": "Feature",
      "geometry": {
        "type": "Polygon",
        "coordinates": [
          [
            [
              17.385630630630633,
              78.48703842784481
            ],
            [
              17.385720720720723,
              78.48703842784481
            ],
            [
              17.385720720720723,
              78.48713283037615
            ],
            [
              17.385630630630633,
              78.48713283037615
            ],
            [
              17.385630630630633,
              78.48703842784481
            ]
          ]
        ]
      },
      "properties": {
        "tile_id": 235,
        "score": 0,
        "disease": null,
        "severity": "none",
        "last_seen": null,
        "detection_count": 0,
        "center_lat": 17.385675675675678,
        "center_lng": 78.48708562911048
      }
    },
    {
      "type": "Feature",
      "geometry": {
        "type": "Polygon",
        "coordinates": [
          [
            [
              17.385630630630633,
              78.48713283037615
            ],
            [
              17.385720720720723,
              78.48713283037615
            ],
            [
              17.385720720720723,
              78.4872272329075
            ],
            [
              17.385630630630633,
              78.4872272329075
            ],
            [
              17.385630630630633,
              78.48713283037615
            ]
          ]
        ]
      },
      "properties": {
        "tile_id": 236,
        "score": 0,
        "disease": null,
        "severity": "none",
        "last_seen": null,
        "detection_count": 0,
        "center_lat": 17.385675675675678,
        "center_lng": 78.48718003164183
      }
    },
    {
      "type": "Feature",
      "geometry": {
        "type": "Polygon",
        "coordinates": [
          [
            [
              17.385630630630633,
              78.4872272329075
            ],
            [
              17.385720720720723,
              78.4872272329075
            ],
            [
              17.385720720720723,
              78.48732163543885
            ],
            [
              17.385630630630633,
              78.48732163543885
            ],
            [
              17.385630630630633,
              78.4872272329075
            ]
          ]
        ]
      },
      "properties": {
        "tile_id": 237,
        "score": 0,
        "disease": null,
        "severity": "none",
        "last_seen": null,
        "detection_count": 0,
        "center_lat": 17.385675675675678,
        "center_lng": 78.48727443417317
      }
    },
    {
      "type": "Feature",
      "geometry": {
        "type": "Polygon",
        "coordinates": [
          [
            [
              17.385630630630633,
              78.48732163543885
            ],
            [
              17.385720720720723,
              78.48732163543885
            ],
            [
              17.385720720720723,
              78.48741603797019
            ],
            [
              17.385630630630633,
              78.48741603797019
            ],
            [
              17.385630630630633,
              78.48732163543885
            ]
          ]
        ]
      },
      "properties": {
        "tile_id": 238,
        "score": 0,
        "disease": null,
        "severity": "none",
        "last_seen": null,
        "detection_count": 0,
        "center_lat": 17.385675675675678,
        "center_lng": 78.48736883670452
      }
    },
    {
      "type": "Feature",
      "geometry": {
        "type": "Polygon",
        "coordinates": [
          [
            [
              17.385630630630633,
              78.48741603797019
            ],
            [
              17.385720720720723,
              78.48741603797019
            ],
            [
              17.385720720720723,
              78.48751044050154
            ],
            [
              17.385630630630633,
              78.48751044050154
            ],
            [
              17.385630630630633,
              78.48741603797019
            ]
          ]
        ]
      },
      "properties": {
        "tile_id": 239,
        "score": 0,
        "disease": null,
        "severity": "none",
        "last_seen": null,
        "detection_count": 0,
        "center_lat": 17.385675675675678,
        "center_lng": 78.48746323923586
      }
    },
    {
      "type": "Feature",
      "geometry": {
        "type": "Polygon",
        "coordinates": [
          [
            [
              17.385630630630633,
              78.48751044050154
            ],
            [
              17.385720720720723,
              78.48751044050154
            ],
            [
              17.385720720720723,
              78.48760484303288
            ],
            [
              17.385630630630633,
              78.48760484303288
            ],
            [
              17.385630630630633,
              78.48751044050154
            ]
          ]
        ]
      },
      "properties": {
        "tile_id": 240,
        "score": 0,
        "disease": null,
        "severity": "none",
        "last_seen": null,
        "detection_count": 0,
        "center_lat": 17.385675675675678,
        "center_lng": 78.48755764176721
      }
    },
    {
      "type": "Feature",
      "geometry": {
        "type": "Polygon",
        "coordinates": [
          [
            [
              17.385630630630633,
              78.48760484303288
            ],
            [
              17.385720720720723,
              78.48760484303288
            ],
            [
              17.385720720720723,
              78.48769924556423
            ],
            [
              17.385630630630633,
              78.48769924556423
            ],
            [
              17.385630630630633,
              78.48760484303288
            ]
          ]
        ]
      },
      "properties": {
        "tile_id": 241,
        "score": 0,
        "disease": null,
        "severity": "none",
        "last_seen": null,
        "detection_count": 0,
        "center_lat": 17.385675675675678,
        "center_lng": 78.48765204429856
      }
    },
    {
      "type": "Feature",
      "geometry": {
        "type": "Polygon",
        "coordinates": [
          [
            [
              17.385630630630633,
              78.48769924556423
            ],
            [
              17.385720720720723,
              78.48769924556423
            ],
            [
              17.385720720720723,
              78.48779364809558
            ],
            [
              17.385630630630633,
              78.48779364809558
            ],
            [
              17.385630630630633,
              78.48769924556423
            ]
          ]
        ]
      },
      "properties": {
        "tile_id": 242,
        "score": 0,
        "disease": null,
        "severity": "none",
        "last_seen": null,
        "detection_count": 0,
        "center_lat": 17.385675675675678,
        "center_lng": 78.4877464468299
      }
    },
    {
      "type": "Feature",
      "geometry": {
        "type": "Polygon",
        "coordinates": [
          [
            [
              17.385630630630633,
              78.48779364809558
            ],
            [
              17.385720720720723,
              78.48779364809558
            ],
            [
              17.385720720720723,
              78.48788805062692
            ],
            [
              17.385630630630633,
              78.48788805062692
            ],
            [
              17.385630630630633,
              78.48779364809558
            ]
          ]
        ]
      },
      "properties": {
        "tile_id": 243,
        "score": 0,
        "disease": null,
        "severity": "none",
        "last_seen": null,
        "detection_count": 0,
        "center_lat": 17.385675675675678,
        "center_lng": 78.48784084936125
      }
    },
    {
      "type": "Feature",
      "geometry": {
        "type": "Polygon",
        "coordinates": [
          [
            [
              17.385630630630633,
              78.48788805062692
            ],
            [
              17.385720720720723,
              78.48788805062692
            ],
            [
              17.385720720720723,
              78.48798245315827
            ],
            [
              17.385630630630633,
              78.48798245315827
            ],
            [
              17.385630630630633,
              78.48788805062692
            ]
          ]
        ]
      },
      "properties": {
        "tile_id": 244,
        "score": 0,
        "disease": null,
        "severity": "none",
        "last_seen": null,
        "detection_count": 0,
        "center_lat": 17.385675675675678,
        "center_lng": 78.4879352518926
      }
    },
    {
      "type": "Feature",
      "geometry": {
        "type": "Polygon",
        "coordinates": [
          [
            [
              17.385630630630633,
              78.48798245315827
            ],
            [
              17.385720720720723,
              78.48798245315827
            ],
            [
              17.385720720720723,
              78.48807685568961
            ],
            [
              17.385630630630633,
              78.48807685568961
            ],
            [
              17.385630630630633,
              78.48798245315827
            ]
          ]
        ]
      },
      "properties": {
        "tile_id": 245,
        "score": 0,
        "disease": null,
        "severity": "none",
        "last_seen": null,
        "detection_count": 0,
        "center_lat": 17.385675675675678,
        "center_lng": 78.48802965442394
      }
    },
    {
      "type": "Feature",
      "geometry": {
        "type": "Polygon",
        "coordinates": [
          [
            [
              17.385630630630633,
              78.48807685568961
            ],
            [
              17.385720720720723,
              78.48807685568961
            ],
            [
              17.385720720720723,
              78.48817125822096
            ],
            [
              17.385630630630633,
              78.48817125822096
            ],
            [
              17.385630630630633,
              78.48807685568961
            ]
          ]
        ]
      },
      "properties": {
        "tile_id": 246,
        "score": 0,
        "disease": null,
        "severity": "none",
        "last_seen": null,
        "detection_count": 0,
        "center_lat": 17.385675675675678,
        "center_lng": 78.48812405695529
      }
    },
    {
      "type": "Feature",
      "geometry": {
        "type": "Polygon",
        "coordinates": [
          [
            [
              17.385630630630633,
              78.48817125822096
            ],
            [
              17.385720720720723,
              78.48817125822096
            ],
            [
              17.385720720720723,
              78.4882656607523
            ],
            [
              17.385630630630633,
              78.4882656607523
            ],
            [
              17.385630630630633,
              78.48817125822096
            ]
          ]
        ]
      },
      "properties": {
        "tile_id": 247,
        "score": 0,
        "disease": null,
        "severity": "none",
        "last_seen": null,
        "detection_count": 0,
        "center_lat": 17.385675675675678,
        "center_lng": 78.48821845948663
      }
    },
    {
      "type": "Feature",
      "geometry": {
        "type": "Polygon",
        "coordinates": [
          [
            [
              17.385630630630633,
              78.4882656607523
            ],
            [
              17.385720720720723,
              78.4882656607523
            ],
            [
              17.385720720720723,
              78.48836006328365
            ],
            [
              17.385630630630633,
              78.48836006328365
            ],
            [
              17.385630630630633,
              78.4882656607523
            ]
          ]
        ]
      },
      "properties": {
        "tile_id": 248,
        "score": 0,
        "disease": null,
        "severity": "none",
        "last_seen": null,
        "detection_count": 0,
        "center_lat": 17.385675675675678,
        "center_lng": 78.48831286201798
      }
    },
    {
      "type": "Feature",
      "geometry": {
        "type": "Polygon",
        "coordinates": [
          [
            [
              17.385630630630633,
              78.48836006328365
            ],
            [
              17.385720720720723,
              78.48836006328365
            ],
            [
              17.385720720720723,
              78.488454465815
            ],
            [
              17.385630630630633,
              78.488454465815
            ],
            [
              17.385630630630633,
              78.48836006328365
            ]
          ]
        ]
      },
      "properties": {
        "tile_id": 249,
        "score": 0,
        "disease": null,
        "severity": "none",
        "last_seen": null,
        "detection_count": 0,
        "center_lat": 17.385675675675678,
        "center_lng": 78.48840726454932
      }
    },
    {
      "type": "Feature",
      "geometry": {
        "type": "Polygon",
        "coordinates": [
          [
            [
              17.385630630630633,
              78.488454465815
            ],
            [
              17.385720720720723,
              78.488454465815
            ],
            [
              17.385720720720723,
              78.48854886834634
            ],
            [
              17.385630630630633,
              78.48854886834634
            ],
            [
              17.385630630630633,
              78.488454465815
            ]
          ]
        ]
      },
      "properties": {
        "tile_id": 250,
        "score": 0,
        "disease": null,
        "severity": "none",
        "last_seen": null,
        "detection_count": 0,
        "center_lat": 17.385675675675678,
        "center_lng": 78.48850166708067
      }
    },
    {
      "type": "Feature",
      "geometry": {
        "type": "Polygon",
        "coordinates": [
          [
            [
              17.385630630630633,
              78.48854886834634
            ],
            [
              17.385720720720723,
              78.48854886834634
            ],
            [
              17.385720720720723,
              78.48864327087769
            ],
            [
              17.385630630630633,
              78.48864327087769
            ],
            [
              17.385630630630633,
              78.48854886834634
            ]
          ]
        ]
      },
      "properties": {
        "tile_id": 251,
        "score": 0,
        "disease": null,
        "severity": "none",
        "last_seen": null,
        "detection_count": 0,
        "center_lat": 17.385675675675678,
        "center_lng": 78.48859606961202
      }
    },
    {
      "type": "Feature",
      "geometry": {
        "type": "Polygon",
        "coordinates": [
          [
            [
              17.385630630630633,
              78.48864327087769
            ],
            [
              17.385720720720723,
              78.48864327087769
            ],
            [
              17.385720720720723,
              78.48873767340903
            ],
            [
              17.385630630630633,
              78.48873767340903
            ],
            [
              17.385630630630633,
              78.48864327087769
            ]
          ]
        ]
      },
      "properties": {
        "tile_id": 252,
        "score": 0,
        "disease": null,
        "severity": "none",
        "last_seen": null,
        "detection_count": 0,
        "center_lat": 17.385675675675678,
        "center_lng": 78.48869047214336
      }
    },
    {
      "type": "Feature",
      "geometry": {
        "type": "Polygon",
        "coordinates": [
          [
            [
              17.385630630630633,
              78.48873767340903
            ],
            [
              17.385720720720723,
              78.48873767340903
            ],
            [
              17.385720720720723,
              78.48883207594038
            ],
            [
              17.385630630630633,
              78.48883207594038
            ],
            [
              17.385630630630633,
              78.48873767340903
            ]
          ]
        ]
      },
      "properties": {
        "tile_id": 253,
        "score": 0,
        "disease": null,
        "severity": "none",
        "last_seen": null,
        "detection_count": 0,
        "center_lat": 17.385675675675678,
        "center_lng": 78.4887848746747
      }
    },
    {
      "type": "Feature",
      "geometry": {
        "type": "Polygon",
        "coordinates": [
          [
            [
              17.385630630630633,
              78.48883207594038
            ],
            [
              17.385720720720723,
              78.48883207594038
            ],
            [
              17.385720720720723,
              78.48892647847173
            ],
            [
              17.385630630630633,
              78.48892647847173
            ],
            [
              17.385630630630633,
              78.48883207594038
            ]
          ]
        ]
      },
      "properties": {
        "tile_id": 254,
        "score": 0,
        "disease": null,
        "severity": "none",
        "last_seen": null,
        "detection_count": 0,
        "center_lat": 17.385675675675678,
        "center_lng": 78.48887927720605
      }
    },
    {
      "type": "Feature",
      "geometry": {
        "type": "Polygon",
        "coordinates": [
          [
            [
              17.385630630630633,
              78.48892647847173
            ],
            [
              17.385720720720723,
              78.48892647847173
            ],
            [
              17.385720720720723,
              78.48902088100307
            ],
            [
              17.385630630630633,
              78.48902088100307
            ],
            [
              17.385630630630633,
              78.48892647847173
            ]
          ]
        ]
      },
      "properties": {
        "tile_id": 255,
        "score": 0,
        "disease": null,
        "severity": "none",
        "last_seen": null,
        "detection_count": 0,
        "center_lat": 17.385675675675678,
        "center_lng": 78.4889736797374
      }
    },
    {
      "type": "Feature",
      "geometry": {
        "type": "Polygon",
        "coordinates": [
          [
            [
              17.385720720720723,
              78.486
            ],
            [
              17.385810810810813,
              78.486
            ],
            [
              17.385810810810813,
              78.48609440253135
            ],
            [
              17.385720720720723,
              78.48609440253135
            ],
            [
              17.385720720720723,
              78.486
            ]
          ]
        ]
      },
      "properties": {
        "tile_id": 256,
        "score": 0,
        "disease": null,
        "severity": "none",
        "last_seen": null,
        "detection_count": 0,
        "center_lat": 17.38576576576577,
        "center_lng": 78.48604720126568
      }
    },
    {
      "type": "Feature",
      "geometry": {
        "type": "Polygon",
        "coordinates": [
          [
            [
              17.385720720720723,
              78.48609440253135
            ],
            [
              17.385810810810813,
              78.48609440253135
            ],
            [
              17.385810810810813,
              78.4861888050627
            ],
            [
              17.385720720720723,
              78.4861888050627
            ],
            [
              17.385720720720723,
              78.48609440253135
            ]
          ]
        ]
      },
      "properties": {
        "tile_id": 257,
        "score": 0,
        "disease": null,
        "severity": "none",
        "last_seen": null,
        "detection_count": 0,
        "center_lat": 17.38576576576577,
        "center_lng": 78.48614160379702
      }
    },
    {
      "type": "Feature",
      "geometry": {
        "type": "Polygon",
        "coordinates": [
          [
            [
              17.385720720720723,
              78.4861888050627
            ],
            [
              17.385810810810813,
              78.4861888050627
            ],
            [
              17.385810810810813,
              78.48628320759404
            ],
            [
              17.385720720720723,
              78.48628320759404
            ],
            [
              17.385720720720723,
              78.4861888050627
            ]
          ]
        ]
      },
      "properties": {
        "tile_id": 258,
        "score": 0,
        "disease": null,
        "severity": "none",
        "last_seen": null,
        "detection_count": 0,
        "center_lat": 17.38576576576577,
        "center_lng": 78.48623600632837
      }
    },
    {
      "type": "Feature",
      "geometry": {
        "type": "Polygon",
        "coordinates": [
          [
            [
              17.385720720720723,
              78.48628320759404
            ],
            [
              17.385810810810813,
              78.48628320759404
            ],
            [
              17.385810810810813,
              78.48637761012539
            ],
            [
              17.385720720720723,
              78.48637761012539
            ],
            [
              17.385720720720723,
              78.48628320759404
            ]
          ]
        ]
      },
      "properties": {
        "tile_id": 259,
        "score": 0,
        "disease": null,
        "severity": "none",
        "last_seen": null,
        "detection_count": 0,
        "center_lat": 17.38576576576577,
        "center_lng": 78.48633040885971
      }
    },
    {
      "type": "Feature",
      "geometry": {
        "type": "Polygon",
        "coordinates": [
          [
            [
              17.385720720720723,
              78.48637761012539
            ],
            [
              17.385810810810813,
              78.48637761012539
            ],
            [
              17.385810810810813,
              78.48647201265673
            ],
            [
              17.385720720720723,
              78.48647201265673
            ],
            [
              17.385720720720723,
              78.48637761012539
            ]
          ]
        ]
      },
      "properties": {
        "tile_id": 260,
        "score": 0,
        "disease": null,
        "severity": "none",
        "last_seen": null,
        "detection_count": 0,
        "center_lat": 17.38576576576577,
        "center_lng": 78.48642481139106
      }
    },
    {
      "type": "Feature",
      "geometry": {
        "type": "Polygon",
        "coordinates": [
          [
            [
              17.385720720720723,
              78.48647201265673
            ],
            [
              17.385810810810813,
              78.48647201265673
            ],
            [
              17.385810810810813,
              78.48656641518808
            ],
            [
              17.385720720720723,
              78.48656641518808
            ],
            [
              17.385720720720723,
              78.48647201265673
            ]
          ]
        ]
      },
      "properties": {
        "tile_id": 261,
        "score": 0,
        "disease": null,
        "severity": "none",
        "last_seen": null,
        "detection_count": 0,
        "center_lat": 17.38576576576577,
        "center_lng": 78.4865192139224
      }
    },
    {
      "type": "Feature",
      "geometry": {
        "type": "Polygon",
        "coordinates": [
          [
            [
              17.385720720720723,
              78.48656641518808
            ],
            [
              17.385810810810813,
              78.48656641518808
            ],
            [
              17.385810810810813,
              78.48666081771943
            ],
            [
              17.385720720720723,
              78.48666081771943
            ],
            [
              17.385720720720723,
              78.48656641518808
            ]
          ]
        ]
      },
      "properties": {
        "tile_id": 262,
        "score": 0,
        "disease": null,
        "severity": "none",
        "last_seen": null,
        "detection_count": 0,
        "center_lat": 17.38576576576577,
        "center_lng": 78.48661361645375
      }
    },
    {
      "type": "Feature",
      "geometry": {
        "type": "Polygon",
        "coordinates": [
          [
            [
              17.385720720720723,
              78.48666081771943
            ],
            [
              17.385810810810813,
              78.48666081771943
            ],
            [
              17.385810810810813,
              78.48675522025077
            ],
            [
              17.385720720720723,
              78.48675522025077
            ],
            [
              17.385720720720723,
              78.48666081771943
            ]
          ]
        ]
      },
      "properties": {
        "tile_id": 263,
        "score": 0,
        "disease": null,
        "severity": "none",
        "last_seen": null,
        "detection_count": 0,
        "center_lat": 17.38576576576577,
        "center_lng": 78.4867080189851
      }
    },
    {
      "type": "Feature",
      "geometry": {
        "type": "Polygon",
        "coordinates": [
          [
            [
              17.385720720720723,
              78.48675522025077
            ],
            [
              17.385810810810813,
              78.48675522025077
            ],
            [
              17.385810810810813,
              78.48684962278212
            ],
            [
              17.385720720720723,
              78.48684962278212
            ],
            [
              17.385720720720723,
              78.48675522025077
            ]
          ]
        ]
      },
      "properties": {
        "tile_id": 264,
        "score": 0,
        "disease": null,
        "severity": "none",
        "last_seen": null,
        "detection_count": 0,
        "center_lat": 17.38576576576577,
        "center_lng": 78.48680242151644
      }
    },
    {
      "type": "Feature",
      "geometry": {
        "type": "Polygon",
        "coordinates": [
          [
            [
              17.385720720720723,
              78.48684962278212
            ],
            [
              17.385810810810813,
              78.48684962278212
            ],
            [
              17.385810810810813,
              78.48694402531346
            ],
            [
              17.385720720720723,
              78.48694402531346
            ],
            [
              17.385720720720723,
              78.48684962278212
            ]
          ]
        ]
      },
      "properties": {
        "tile_id": 265,
        "score": 0,
        "disease": null,
        "severity": "none",
        "last_seen": null,
        "detection_count": 0,
        "center_lat": 17.38576576576577,
        "center_lng": 78.48689682404779
      }
    },
    {
      "type": "Feature",
      "geometry": {
        "type": "Polygon",
        "coordinates": [
          [
            [
              17.385720720720723,
              78.48694402531346
            ],
            [
              17.385810810810813,
              78.48694402531346
            ],
            [
              17.385810810810813,
              78.48703842784481
            ],
            [
              17.385720720720723,
              78.48703842784481
            ],
            [
              17.385720720720723,
              78.48694402531346
            ]
          ]
        ]
      },
      "properties": {
        "tile_id": 266,
        "score": 0,
        "disease": null,
        "severity": "none",
        "last_seen": null,
        "detection_count": 0,
        "center_lat": 17.38576576576577,
        "center_lng": 78.48699122657914
      }
    },
    {
      "type": "Feature",
      "geometry": {
        "type": "Polygon",
        "coordinates": [
          [
            [
              17.385720720720723,
              78.48703842784481
            ],
            [
              17.385810810810813,
              78.48703842784481
            ],
            [
              17.385810810810813,
              78.48713283037615
            ],
            [
              17.385720720720723,
              78.48713283037615
            ],
            [
              17.385720720720723,
              78.48703842784481
            ]
          ]
        ]
      },
      "properties": {
        "tile_id": 267,
        "score": 0,
        "disease": null,
        "severity": "none",
        "last_seen": null,
        "detection_count": 0,
        "center_lat": 17.38576576576577,
        "center_lng": 78.48708562911048
      }
    },
    {
      "type": "Feature",
      "geometry": {
        "type": "Polygon",
        "coordinates": [
          [
            [
              17.385720720720723,
              78.48713283037615
            ],
            [
              17.385810810810813,
              78.48713283037615
            ],
            [
              17.385810810810813,
              78.4872272329075
            ],
            [
              17.385720720720723,
              78.4872272329075
            ],
            [
              17.385720720720723,
              78.48713283037615
            ]
          ]
        ]
      },
      "properties": {
        "tile_id": 268,
        "score": 0,
        "disease": null,
        "severity": "none",
        "last_seen": null,
        "detection_count": 0,
        "center_lat": 17.38576576576577,
        "center_lng": 78.48718003164183
      }
    },
    {
      "type": "Feature",
      "geometry": {
        "type": "Polygon",
        "coordinates": [
          [
            [
              17.385720720720723,
              78.4872272329075
            ],
            [
              17.385810810810813,
              78.4872272329075
            ],
            [
              17.385810810810813,
              78.48732163543885
            ],
            [
              17.385720720720723,
              78.48732163543885
            ],
            [
              17.385720720720723,
              78.4872272329075
            ]
          ]
        ]
      },
      "properties": {
        "tile_id": 269,
        "score": 0,
        "disease": null,
        "severity": "none",
        "last_seen": null,
        "detection_count": 0,
        "center_lat": 17.38576576576577,
        "center_lng": 78.48727443417317
      }
    },
    {
      "type": "Feature",
      "geometry": {
        "type": "Polygon",
        "coordinates": [
          [
            [
              17.385720720720723,
              78.48732163543885
            ],
            [
              17.385810810810813,
              78.48732163543885
            ],
            [
              17.385810810810813,
              78.48741603797019
            ],
            [
              17.385720720720723,
              78.48741603797019
            ],
            [
              17.385720720720723,
              78.48732163543885
            ]
          ]
        ]
      },
      "properties": {
        "tile_id": 270,
        "score": 0,
        "disease": null,
        "severity": "none",
        "last_seen": null,
        "detection_count": 0,
        "center_lat": 17.38576576576577,
        "center_lng": 78.48736883670452
      }
    },
    {
      "type": "Feature",
      "geometry": {
        "type": "Polygon",
        "coordinates": [
          [
            [
              17.385720720720723,
              78.48741603797019
            ],
            [
              17.385810810810813,
              78.48741603797019
            ],
            [
              17.385810810810813,
              78.48751044050154
            ],
            [
              17.385720720720723,
              78.48751044050154
            ],
            [
              17.385720720720723,
              78.48741603797019
            ]
          ]
        ]
      },
      "properties": {
        "tile_id": 271,
        "score": 0,
        "disease": null,
        "severity": "none",
        "last_seen": null,
        "detection_count": 0,
        "center_lat": 17.38576576576577,
        "center_lng": 78.48746323923586
      }
    },
    {
      "type": "Feature",
      "geometry": {
        "type": "Polygon",
        "coordinates": [
          [
            [
              17.385720720720723,
              78.48751044050154
            ],
            [
              17.385810810810813,
              78.48751044050154
            ],
            [
              17.385810810810813,
              78.48760484303288
            ],
            [
              17.385720720720723,
              78.48760484303288
            ],
            [
              17.385720720720723,
              78.48751044050154
            ]
          ]
        ]
      },
      "properties": {
        "tile_id": 272,
        "score": 0,
        "disease": null,
        "severity": "none",
        "last_seen": null,
        "detection_count": 0,
        "center_lat": 17.38576576576577,
        "center_lng": 78.48755764176721
      }
    },
    {
      "type": "Feature",
      "geometry": {
        "type": "Polygon",
        "coordinates": [
          [
            [
              17.385720720720723,
              78.48760484303288
            ],
            [
              17.385810810810813,
              78.48760484303288
            ],
            [
              17.385810810810813,
              78.48769924556423
            ],
            [
              17.385720720720723,
              78.48769924556423
            ],
            [
              17.385720720720723,
              78.48760484303288
            ]
          ]
        ]
      },
      "properties": {
        "tile_id": 273,
        "score": 0,
        "disease": null,
        "severity": "none",
        "last_seen": null,
        "detection_count": 0,
        "center_lat": 17.38576576576577,
        "center_lng": 78.48765204429856
      }
    },
    {
      "type": "Feature",
      "geometry": {
        "type": "Polygon",
        "coordinates": [
          [
            [
              17.385720720720723,
              78.48769924556423
            ],
            [
              17.385810810810813,
              78.48769924556423
            ],
            [
              17.385810810810813,
              78.48779364809558
            ],
            [
              17.385720720720723,
              78.48779364809558
            ],
            [
              17.385720720720723,
              78.48769924556423
            ]
          ]
        ]
      },
      "properties": {
        "tile_id": 274,
        "score": 0,
        "disease": null,
        "severity": "none",
        "last_seen": null,
        "detection_count": 0,
        "center_lat": 17.38576576576577,
        "center_lng": 78.4877464468299
      }
    },
    {
      "type": "Feature",
      "geometry": {
        "type": "Polygon",
        "coordinates": [
          [
            [
              17.385720720720723,
              78.48779364809558
            ],
            [
              17.385810810810813,
              78.48779364809558
            ],
            [
              17.385810810810813,
              78.48788805062692
            ],
            [
              17.385720720720723,
              78.48788805062692
            ],
            [
              17.385720720720723,
              78.48779364809558
            ]
          ]
        ]
      },
      "properties": {
        "tile_id": 275,
        "score": 0,
        "disease": null,
        "severity": "none",
        "last_seen": null,
        "detection_count": 0,
        "center_lat": 17.38576576576577,
        "center_lng": 78.48784084936125
      }
    },
    {
      "type": "Feature",
      "geometry": {
        "type": "Polygon",
        "coordinates": [
          [
            [
              17.385720720720723,
              78.48788805062692
            ],
            [
              17.385810810810813,
              78.48788805062692
            ],
            [
              17.385810810810813,
              78.48798245315827
            ],
            [
              17.385720720720723,
              78.48798245315827
            ],
            [
              17.385720720720723,
              78.48788805062692
            ]
          ]
        ]
      },
      "properties": {
        "tile_id": 276,
        "score": 0,
        "disease": null,
        "severity": "none",
        "last_seen": null,
        "detection_count": 0,
        "center_lat": 17.38576576576577,
        "center_lng": 78.4879352518926
      }
    },
    {
      "type": "Feature",
      "geometry": {
        "type": "Polygon",
        "coordinates": [
          [
            [
              17.385720720720723,
              78.48798245315827
            ],
            [
              17.385810810810813,
              78.48798245315827
            ],
            [
              17.385810810810813,
              78.48807685568961
            ],
            [
              17.385720720720723,
              78.48807685568961
            ],
            [
              17.385720720720723,
              78.48798245315827
            ]
          ]
        ]
      },
      "properties": {
        "tile_id": 277,
        "score": 0,
        "disease": null,
        "severity": "none",
        "last_seen": null,
        "detection_count": 0,
        "center_lat": 17.38576576576577,
        "center_lng": 78.48802965442394
      }
    },
    {
      "type": "Feature",
      "geometry": {
        "type": "Polygon",
        "coordinates": [
          [
            [
              17.385720720720723,
              78.48807685568961
            ],
            [
              17.385810810810813,
              78.48807685568961
            ],
            [
              17.385810810810813,
              78.48817125822096
            ],
            [
              17.385720720720723,
              78.48817125822096
            ],
            [
              17.385720720720723,
              78.48807685568961
            ]
          ]
        ]
      },
      "properties": {
        "tile_id": 278,
        "score": 0,
        "disease": null,
        "severity": "none",
        "last_seen": null,
        "detection_count": 0,
        "center_lat": 17.38576576576577,
        "center_lng": 78.48812405695529
      }
    },
    {
      "type": "Feature",
      "geometry": {
        "type": "Polygon",
        "coordinates": [
          [
            [
              17.385720720720723,
              78.48817125822096
            ],
            [
              17.385810810810813,
              78.48817125822096
            ],
            [
              17.385810810810813,
              78.4882656607523
            ],
            [
              17.385720720720723,
              78.4882656607523
            ],
            [
              17.385720720720723,
              78.48817125822096
            ]
          ]
        ]
      },
      "properties": {
        "tile_id": 279,
        "score": 0,
        "disease": null,
        "severity": "none",
        "last_seen": null,
        "detection_count": 0,
        "center_lat": 17.38576576576577,
        "center_lng": 78.48821845948663
      }
    },
    {
      "type": "Feature",
      "geometry": {
        "type": "Polygon",
        "coordinates": [
          [
            [
              17.385720720720723,
              78.4882656607523
            ],
            [
              17.385810810810813,
              78.4882656607523
            ],
            [
              17.385810810810813,
              78.48836006328365
            ],
            [
              17.385720720720723,
              78.48836006328365
            ],
            [
              17.385720720720723,
              78.4882656607523
            ]
          ]
        ]
      },
      "properties": {
        "tile_id": 280,
        "score": 0,
        "disease": null,
        "severity": "none",
        "last_seen": null,
        "detection_count": 0,
        "center_lat": 17.38576576576577,
        "center_lng": 78.48831286201798
      }
    },
    {
      "type": "Feature",
      "geometry": {
        "type": "Polygon",
        "coordinates": [
          [
            [
              17.385720720720723,
              78.48836006328365
            ],
            [
              17.385810810810813,
              78.48836006328365
            ],
            [
              17.385810810810813,
              78.488454465815
            ],
            [
              17.385720720720723,
              78.488454465815
            ],
            [
              17.385720720720723,
              78.48836006328365
            ]
          ]
        ]
      },
      "properties": {
        "tile_id": 281,
        "score": 0,
        "disease": null,
        "severity": "none",
        "last_seen": null,
        "detection_count": 0,
        "center_lat": 17.38576576576577,
        "center_lng": 78.48840726454932
      }
    },
    {
      "type": "Feature",
      "geometry": {
        "type": "Polygon",
        "coordinates": [
          [
            [
              17.385720720720723,
              78.488454465815
            ],
            [
              17.385810810810813,
              78.488454465815
            ],
            [
              17.385810810810813,
              78.48854886834634
            ],
            [
              17.385720720720723,
              78.48854886834634
            ],
            [
              17.385720720720723,
              78.488454465815
            ]
          ]
        ]
      },
      "properties": {
        "tile_id": 282,
        "score": 0,
        "disease": null,
        "severity": "none",
        "last_seen": null,
        "detection_count": 0,
        "center_lat": 17.38576576576577,
        "center_lng": 78.48850166708067
      }
    },
    {
      "type": "Feature",
      "geometry": {
        "type": "Polygon",
        "coordinates": [
          [
            [
              17.385720720720723,
              78.48854886834634
            ],
            [
              17.385810810810813,
              78.48854886834634
            ],
            [
              17.385810810810813,
              78.48864327087769
            ],
            [
              17.385720720720723,
              78.48864327087769
            ],
            [
              17.385720720720723,
              78.48854886834634
            ]
          ]
        ]
      },
      "properties": {
        "tile_id": 283,
        "score": 0,
        "disease": null,
        "severity": "none",
        "last_seen": null,
        "detection_count": 0,
        "center_lat": 17.38576576576577,
        "center_lng": 78.48859606961202
      }
    },
    {
      "type": "Feature",
      "geometry": {
        "type": "Polygon",
        "coordinates": [
          [
            [
              17.385720720720723,
              78.48864327087769
            ],
            [
              17.385810810810813,
              78.48864327087769
            ],
            [
              17.385810810810813,
              78.48873767340903
            ],
            [
              17.385720720720723,
              78.48873767340903
            ],
            [
              17.385720720720723,
              78.48864327087769
            ]
          ]
        ]
      },
      "properties": {
        "tile_id": 284,
        "score": 0,
        "disease": null,
        "severity": "none",
        "last_seen": null,
        "detection_count": 0,
        "center_lat": 17.38576576576577,
        "center_lng": 78.48869047214336
      }
    },
    {
      "type": "Feature",
      "geometry": {
        "type": "Polygon",
        "coordinates": [
          [
            [
              17.385720720720723,
              78.48873767340903
            ],
            [
              17.385810810810813,
              78.48873767340903
            ],
            [
              17.385810810810813,
              78.48883207594038
            ],
            [
              17.385720720720723,
              78.48883207594038
            ],
            [
              17.385720720720723,
              78.48873767340903
            ]
          ]
        ]
      },
      "properties": {
        "tile_id": 285,
        "score": 0,
        "disease": null,
        "severity": "none",
        "last_seen": null,
        "detection_count": 0,
        "center_lat": 17.38576576576577,
        "center_lng": 78.4887848746747
      }
    },
    {
      "type": "Feature",
      "geometry": {
        "type": "Polygon",
        "coordinates": [
          [
            [
              17.385720720720723,
              78.48883207594038
            ],
            [
              17.385810810810813,
              78.48883207594038
            ],
            [
              17.385810810810813,
              78.48892647847173
            ],
            [
              17.385720720720723,
              78.48892647847173
            ],
            [
              17.385720720720723,
              78.48883207594038
            ]
          ]
        ]
      },
      "properties": {
        "tile_id": 286,
        "score": 0,
        "disease": null,
        "severity": "none",
        "last_seen": null,
        "detection_count": 0,
        "center_lat": 17.38576576576577,
        "center_lng": 78.48887927720605
      }
    },
    {
      "type": "Feature",
      "geometry": {
        "type": "Polygon",
        "coordinates": [
          [
            [
              17.385720720720723,
              78.48892647847173
            ],
            [
              17.385810810810813,
              78.48892647847173
            ],
            [
              17.385810810810813,
              78.48902088100307
            ],
            [
              17.385720720720723,
              78.48902088100307
            ],
            [
              17.385720720720723,
              78.48892647847173
            ]
          ]
        ]
      },
      "properties": {
        "tile_id": 287,
        "score": 0,
        "disease": null,
        "severity": "none",
        "last_seen": null,
        "detection_count": 0,
        "center_lat": 17.38576576576577,
        "center_lng": 78.4889736797374
      }
    },
    {
      "type": "Feature",
      "geometry": {
        "type": "Polygon",
        "coordinates": [
          [
            [
              17.385810810810813,
              78.486
            ],
            [
              17.385900900900904,
              78.486
            ],
            [
              17.385900900900904,
              78.48609440253135
            ],
            [
              17.385810810810813,
              78.48609440253135
            ],
            [
              17.385810810810813,
              78.486
            ]
          ]
        ]
      },
      "properties": {
        "tile_id": 288,
        "score": 0,
        "disease": null,
        "severity": "none",
        "last_seen": null,
        "detection_count": 0,
        "center_lat": 17.38585585585586,
        "center_lng": 78.48604720126568
      }
    },
    {
      "type": "Feature",
      "geometry": {
        "type": "Polygon",
        "coordinates": [
          [
            [
              17.385810810810813,
              78.48609440253135
            ],
            [
              17.385900900900904,
              78.48609440253135
            ],
            [
              17.385900900900904,
              78.4861888050627
            ],
            [
              17.385810810810813,
              78.4861888050627
            ],
            [
              17.385810810810813,
              78.48609440253135
            ]
          ]
        ]
      },
      "properties": {
        "tile_id": 289,
        "score": 0,
        "disease": null,
        "severity": "none",
        "last_seen": null,
        "detection_count": 0,
        "center_lat": 17.38585585585586,
        "center_lng": 78.48614160379702
      }
    },
    {
      "type": "Feature",
      "geometry": {
        "type": "Polygon",
        "coordinates": [
          [
            [
              17.385810810810813,
              78.4861888050627
            ],
            [
              17.385900900900904,
              78.4861888050627
            ],
            [
              17.385900900900904,
              78.48628320759404
            ],
            [
              17.385810810810813,
              78.48628320759404
            ],
            [
              17.385810810810813,
              78.4861888050627
            ]
          ]
        ]
      },
      "properties": {
        "tile_id": 290,
        "score": 0,
        "disease": null,
        "severity": "none",
        "last_seen": null,
        "detection_count": 0,
        "center_lat": 17.38585585585586,
        "center_lng": 78.48623600632837
      }
    },
    {
      "type": "Feature",
      "geometry": {
        "type": "Polygon",
        "coordinates": [
          [
            [
              17.385810810810813,
              78.48628320759404
            ],
            [
              17.385900900900904,
              78.48628320759404
            ],
            [
              17.385900900900904,
              78.48637761012539
            ],
            [
              17.385810810810813,
              78.48637761012539
            ],
            [
              17.385810810810813,
              78.48628320759404
            ]
          ]
        ]
      },
      "properties": {
        "tile_id": 291,
        "score": 0,
        "disease": null,
        "severity": "none",
        "last_seen": null,
        "detection_count": 0,
        "center_lat": 17.38585585585586,
        "center_lng": 78.48633040885971
      }
    },
    {
      "type": "Feature",
      "geometry": {
        "type": "Polygon",
        "coordinates": [
          [
            [
              17.385810810810813,
              78.48637761012539
            ],
            [
              17.385900900900904,
              78.48637761012539
            ],
            [
              17.385900900900904,
              78.48647201265673
            ],
            [
              17.385810810810813,
              78.48647201265673
            ],
            [
              17.385810810810813,
              78.48637761012539
            ]
          ]
        ]
      },
      "properties": {
        "tile_id": 292,
        "score": 0,
        "disease": null,
        "severity": "none",
        "last_seen": null,
        "detection_count": 0,
        "center_lat": 17.38585585585586,
        "center_lng": 78.48642481139106
      }
    },
    {
      "type": "Feature",
      "geometry": {
        "type": "Polygon",
        "coordinates": [
          [
            [
              17.385810810810813,
              78.48647201265673
            ],
            [
              17.385900900900904,
              78.48647201265673
            ],
            [
              17.385900900900904,
              78.48656641518808
            ],
            [
              17.385810810810813,
              78.48656641518808
            ],
            [
              17.385810810810813,
              78.48647201265673
            ]
          ]
        ]
      },
      "properties": {
        "tile_id": 293,
        "score": 0,
        "disease": null,
        "severity": "none",
        "last_seen": null,
        "detection_count": 0,
        "center_lat": 17.38585585585586,
        "center_lng": 78.4865192139224
      }
    },
    {
      "type": "Feature",
      "geometry": {
        "type": "Polygon",
        "coordinates": [
          [
            [
              17.385810810810813,
              78.48656641518808
            ],
            [
              17.385900900900904,
              78.48656641518808
            ],
            [
              17.385900900900904,
              78.48666081771943
            ],
            [
              17.385810810810813,
              78.48666081771943
            ],
            [
              17.385810810810813,
              78.48656641518808
            ]
          ]
        ]
      },
      "properties": {
        "tile_id": 294,
        "score": 0,
        "disease": null,
        "severity": "none",
        "last_seen": null,
        "detection_count": 0,
        "center_lat": 17.38585585585586,
        "center_lng": 78.48661361645375
      }
    },
    {
      "type": "Feature",
      "geometry": {
        "type": "Polygon",
        "coordinates": [
          [
            [
              17.385810810810813,
              78.48666081771943
            ],
            [
              17.385900900900904,
              78.48666081771943
            ],
            [
              17.385900900900904,
              78.48675522025077
            ],
            [
              17.385810810810813,
              78.48675522025077
            ],
            [
              17.385810810810813,
              78.48666081771943
            ]
          ]
        ]
      },
      "properties": {
        "tile_id": 295,
        "score": 0,
        "disease": null,
        "severity": "none",
        "last_seen": null,
        "detection_count": 0,
        "center_lat": 17.38585585585586,
        "center_lng": 78.4867080189851
      }
    },
    {
      "type": "Feature",
      "geometry": {
        "type": "Polygon",
        "coordinates": [
          [
            [
              17.385810810810813,
              78.48675522025077
            ],
            [
              17.385900900900904,
              78.48675522025077
            ],
            [
              17.385900900900904,
              78.48684962278212
            ],
            [
              17.385810810810813,
              78.48684962278212
            ],
            [
              17.385810810810813,
              78.48675522025077
            ]
          ]
        ]
      },
      "properties": {
        "tile_id": 296,
        "score": 0,
        "disease": null,
        "severity": "none",
        "last_seen": null,
        "detection_count": 0,
        "center_lat": 17.38585585585586,
        "center_lng": 78.48680242151644
      }
    },
    {
      "type": "Feature",
      "geometry": {
        "type": "Polygon",
        "coordinates": [
          [
            [
              17.385810810810813,
              78.48684962278212
            ],
            [
              17.385900900900904,
              78.48684962278212
            ],
            [
              17.385900900900904,
              78.48694402531346
            ],
            [
              17.385810810810813,
              78.48694402531346
            ],
            [
              17.385810810810813,
              78.48684962278212
            ]
          ]
        ]
      },
      "properties": {
        "tile_id": 297,
        "score": 0,
        "disease": null,
        "severity": "none",
        "last_seen": null,
        "detection_count": 0,
        "center_lat": 17.38585585585586,
        "center_lng": 78.48689682404779
      }
    },
    {
      "type": "Feature",
      "geometry": {
        "type": "Polygon",
        "coordinates": [
          [
            [
              17.385810810810813,
              78.48694402531346
            ],
            [
              17.385900900900904,
              78.48694402531346
            ],
            [
              17.385900900900904,
              78.48703842784481
            ],
            [
              17.385810810810813,
              78.48703842784481
            ],
            [
              17.385810810810813,
              78.48694402531346
            ]
          ]
        ]
      },
      "properties": {
        "tile_id": 298,
        "score": 0,
        "disease": null,
        "severity": "none",
        "last_seen": null,
        "detection_count": 0,
        "center_lat": 17.38585585585586,
        "center_lng": 78.48699122657914
      }
    },
    {
      "type": "Feature",
      "geometry": {
        "type": "Polygon",
        "coordinates": [
          [
            [
              17.385810810810813,
              78.48703842784481
            ],
            [
              17.385900900900904,
              78.48703842784481
            ],
            [
              17.385900900900904,
              78.48713283037615
            ],
            [
              17.385810810810813,
              78.48713283037615
            ],
            [
              17.385810810810813,
              78.48703842784481
            ]
          ]
        ]
      },
      "properties": {
        "tile_id": 299,
        "score": 0,
        "disease": null,
        "severity": "none",
        "last_seen": null,
        "detection_count": 0,
        "center_lat": 17.38585585585586,
        "center_lng": 78.48708562911048
      }
    },
    {
      "type": "Feature",
      "geometry": {
        "type": "Polygon",
        "coordinates": [
          [
            [
              17.385810810810813,
              78.48713283037615
            ],
            [
              17.385900900900904,
              78.48713283037615
            ],
            [
              17.385900900900904,
              78.4872272329075
            ],
            [
              17.385810810810813,
              78.4872272329075
            ],
            [
              17.385810810810813,
              78.48713283037615
            ]
          ]
        ]
      },
      "properties": {
        "tile_id": 300,
        "score": 0,
        "disease": null,
        "severity": "none",
        "last_seen": null,
        "detection_count": 0,
        "center_lat": 17.38585585585586,
        "center_lng": 78.48718003164183
      }
    },
    {
      "type": "Feature",
      "geometry": {
        "type": "Polygon",
        "coordinates": [
          [
            [
              17.385810810810813,
              78.4872272329075
            ],
            [
              17.385900900900904,
              78.4872272329075
            ],
            [
              17.385900900900904,
              78.48732163543885
            ],
            [
              17.385810810810813,
              78.48732163543885
            ],
            [
              17.385810810810813,
              78.4872272329075
            ]
          ]
        ]
      },
      "properties": {
        "tile_id": 301,
        "score": 0,
        "disease": null,
        "severity": "none",
        "last_seen": null,
        "detection_count": 0,
        "center_lat": 17.38585585585586,
        "center_lng": 78.48727443417317
      }
    },
    {
      "type": "Feature",
      "geometry": {
        "type": "Polygon",
        "coordinates": [
          [
            [
              17.385810810810813,
              78.48732163543885
            ],
            [
              17.385900900900904,
              78.48732163543885
            ],
            [
              17.385900900900904,
              78.48741603797019
            ],
            [
              17.385810810810813,
              78.48741603797019
            ],
            [
              17.385810810810813,
              78.48732163543885
            ]
          ]
        ]
      },
      "properties": {
        "tile_id": 302,
        "score": 0,
        "disease": null,
        "severity": "none",
        "last_seen": null,
        "detection_count": 0,
        "center_lat": 17.38585585585586,
        "center_lng": 78.48736883670452
      }
    },
    {
      "type": "Feature",
      "geometry": {
        "type": "Polygon",
        "coordinates": [
          [
            [
              17.385810810810813,
              78.48741603797019
            ],
            [
              17.385900900900904,
              78.48741603797019
            ],
            [
              17.385900900900904,
              78.48751044050154
            ],
            [
              17.385810810810813,
              78.48751044050154
            ],
            [
              17.385810810810813,
              78.48741603797019
            ]
          ]
        ]
      },
      "properties": {
        "tile_id": 303,
        "score": 0,
        "disease": null,
        "severity": "none",
        "last_seen": null,
        "detection_count": 0,
        "center_lat": 17.38585585585586,
        "center_lng": 78.48746323923586
      }
    },
    {
      "type": "Feature",
      "geometry": {
        "type": "Polygon",
        "coordinates": [
          [
            [
              17.385810810810813,
              78.48751044050154
            ],
            [
              17.385900900900904,
              78.48751044050154
            ],
            [
              17.385900900900904,
              78.48760484303288
            ],
            [
              17.385810810810813,
              78.48760484303288
            ],
            [
              17.385810810810813,
              78.48751044050154
            ]
          ]
        ]
      },
      "properties": {
        "tile_id": 304,
        "score": 0,
        "disease": null,
        "severity": "none",
        "last_seen": null,
        "detection_count": 0,
        "center_lat": 17.38585585585586,
        "center_lng": 78.48755764176721
      }
    },
    {
      "type": "Feature",
      "geometry": {
        "type": "Polygon",
        "coordinates": [
          [
            [
              17.385810810810813,
              78.48760484303288
            ],
            [
              17.385900900900904,
              78.48760484303288
            ],
            [
              17.385900900900904,
              78.48769924556423
            ],
            [
              17.385810810810813,
              78.48769924556423
            ],
            [
              17.385810810810813,
              78.48760484303288
            ]
          ]
        ]
      },
      "properties": {
        "tile_id": 305,
        "score": 0,
        "disease": null,
        "severity": "none",
        "last_seen": null,
        "detection_count": 0,
        "center_lat": 17.38585585585586,
        "center_lng": 78.48765204429856
      }
    },
    {
      "type": "Feature",
      "geometry": {
        "type": "Polygon",
        "coordinates": [
          [
            [
              17.385810810810813,
              78.48769924556423
            ],
            [
              17.385900900900904,
              78.48769924556423
            ],
            [
              17.385900900900904,
              78.48779364809558
            ],
            [
              17.385810810810813,
              78.48779364809558
            ],
            [
              17.385810810810813,
              78.48769924556423
            ]
          ]
        ]
      },
      "properties": {
        "tile_id": 306,
        "score": 0,
        "disease": null,
        "severity": "none",
        "last_seen": null,
        "detection_count": 0,
        "center_lat": 17.38585585585586,
        "center_lng": 78.4877464468299
      }
    },
    {
      "type": "Feature",
      "geometry": {
        "type": "Polygon",
        "coordinates": [
          [
            [
              17.385810810810813,
              78.48779364809558
            ],
            [
              17.385900900900904,
              78.48779364809558
            ],
            [
              17.385900900900904,
              78.48788805062692
            ],
            [
              17.385810810810813,
              78.48788805062692
            ],
            [
              17.385810810810813,
              78.48779364809558
            ]
          ]
        ]
      },
      "properties": {
        "tile_id": 307,
        "score": 0,
        "disease": null,
        "severity": "none",
        "last_seen": null,
        "detection_count": 0,
        "center_lat": 17.38585585585586,
        "center_lng": 78.48784084936125
      }
    },
    {
      "type": "Feature",
      "geometry": {
        "type": "Polygon",
        "coordinates": [
          [
            [
              17.385810810810813,
              78.48788805062692
            ],
            [
              17.385900900900904,
              78.48788805062692
            ],
            [
              17.385900900900904,
              78.48798245315827
            ],
            [
              17.385810810810813,
              78.48798245315827
            ],
            [
              17.385810810810813,
              78.48788805062692
            ]
          ]
        ]
      },
      "properties": {
        "tile_id": 308,
        "score": 0,
        "disease": null,
        "severity": "none",
        "last_seen": null,
        "detection_count": 0,
        "center_lat": 17.38585585585586,
        "center_lng": 78.4879352518926
      }
    },
    {
      "type": "Feature",
      "geometry": {
        "type": "Polygon",
        "coordinates": [
          [
            [
              17.385810810810813,
              78.48798245315827
            ],
            [
              17.385900900900904,
              78.48798245315827
            ],
            [
              17.385900900900904,
              78.48807685568961
            ],
            [
              17.385810810810813,
              78.48807685568961
            ],
            [
              17.385810810810813,
              78.48798245315827
            ]
          ]
        ]
      },
      "properties": {
        "tile_id": 309,
        "score": 0,
        "disease": null,
        "severity": "none",
        "last_seen": null,
        "detection_count": 0,
        "center_lat": 17.38585585585586,
        "center_lng": 78.48802965442394
      }
    },
    {
      "type": "Feature",
      "geometry": {
        "type": "Polygon",
        "coordinates": [
          [
            [
              17.385810810810813,
              78.48807685568961
            ],
            [
              17.385900900900904,
              78.48807685568961
            ],
            [
              17.385900900900904,
              78.48817125822096
            ],
            [
              17.385810810810813,
              78.48817125822096
            ],
            [
              17.385810810810813,
              78.48807685568961
            ]
          ]
        ]
      },
      "properties": {
        "tile_id": 310,
        "score": 0,
        "disease": null,
        "severity": "none",
        "last_seen": null,
        "detection_count": 0,
        "center_lat": 17.38585585585586,
        "center_lng": 78.48812405695529
      }
    },
    {
      "type": "Feature",
      "geometry": {
        "type": "Polygon",
        "coordinates": [
          [
            [
              17.385810810810813,
              78.48817125822096
            ],
            [
              17.385900900900904,
              78.48817125822096
            ],
            [
              17.385900900900904,
              78.4882656607523
            ],
            [
              17.385810810810813,
              78.4882656607523
            ],
            [
              17.385810810810813,
              78.48817125822096
            ]
          ]
        ]
      },
      "properties": {
        "tile_id": 311,
        "score": 0,
        "disease": null,
        "severity": "none",
        "last_seen": null,
        "detection_count": 0,
        "center_lat": 17.38585585585586,
        "center_lng": 78.48821845948663
      }
    },
    {
      "type": "Feature",
      "geometry": {
        "type": "Polygon",
        "coordinates": [
          [
            [
              17.385810810810813,
              78.4882656607523
            ],
            [
              17.385900900900904,
              78.4882656607523
            ],
            [
              17.385900900900904,
              78.48836006328365
            ],
            [
              17.385810810810813,
              78.48836006328365
            ],
            [
              17.385810810810813,
              78.4882656607523
            ]
          ]
        ]
      },
      "properties": {
        "tile_id": 312,
        "score": 0,
        "disease": null,
        "severity": "none",
        "last_seen": null,
        "detection_count": 0,
        "center_lat": 17.38585585585586,
        "center_lng": 78.48831286201798
      }
    },
    {
      "type": "Feature",
      "geometry": {
        "type": "Polygon",
        "coordinates": [
          [
            [
              17.385810810810813,
              78.48836006328365
            ],
            [
              17.385900900900904,
              78.48836006328365
            ],
            [
              17.385900900900904,
              78.488454465815
            ],
            [
              17.385810810810813,
              78.488454465815
            ],
            [
              17.385810810810813,
              78.48836006328365
            ]
          ]
        ]
      },
      "properties": {
        "tile_id": 313,
        "score": 0,
        "disease": null,
        "severity": "none",
        "last_seen": null,
        "detection_count": 0,
        "center_lat": 17.38585585585586,
        "center_lng": 78.48840726454932
      }
    },
    {
      "type": "Feature",
      "geometry": {
        "type": "Polygon",
        "coordinates": [
          [
            [
              17.385810810810813,
              78.488454465815
            ],
            [
              17.385900900900904,
              78.488454465815
            ],
            [
              17.385900900900904,
              78.48854886834634
            ],
            [
              17.385810810810813,
              78.48854886834634
            ],
            [
              17.385810810810813,
              78.488454465815
            ]
          ]
        ]
      },
      "properties": {
        "tile_id": 314,
        "score": 0,
        "disease": null,
        "severity": "none",
        "last_seen": null,
        "detection_count": 0,
        "center_lat": 17.38585585585586,
        "center_lng": 78.48850166708067
      }
    },
    {
      "type": "Feature",
      "geometry": {
        "type": "Polygon",
        "coordinates": [
          [
            [
              17.385810810810813,
              78.48854886834634
            ],
            [
              17.385900900900904,
              78.48854886834634
            ],
            [
              17.385900900900904,
              78.48864327087769
            ],
            [
              17.385810810810813,
              78.48864327087769
            ],
            [
              17.385810810810813,
              78.48854886834634
            ]
          ]
        ]
      },
      "properties": {
        "tile_id": 315,
        "score": 0,
        "disease": null,
        "severity": "none",
        "last_seen": null,
        "detection_count": 0,
        "center_lat": 17.38585585585586,
        "center_lng": 78.48859606961202
      }
    },
    {
      "type": "Feature",
      "geometry": {
        "type": "Polygon",
        "coordinates": [
          [
            [
              17.385810810810813,
              78.48864327087769
            ],
            [
              17.385900900900904,
              78.48864327087769
            ],
            [
              17.385900900900904,
              78.48873767340903
            ],
            [
              17.385810810810813,
              78.48873767340903
            ],
            [
              17.385810810810813,
              78.48864327087769
            ]
          ]
        ]
      },
      "properties": {
        "tile_id": 316,
        "score": 0,
        "disease": null,
        "severity": "none",
        "last_seen": null,
        "detection_count": 0,
        "center_lat": 17.38585585585586,
        "center_lng": 78.48869047214336
      }
    },
    {
      "type": "Feature",
      "geometry": {
        "type": "Polygon",
        "coordinates": [
          [
            [
              17.385810810810813,
              78.48873767340903
            ],
            [
              17.385900900900904,
              78.48873767340903
            ],
            [
              17.385900900900904,
              78.48883207594038
            ],
            [
              17.385810810810813,
              78.48883207594038
            ],
            [
              17.385810810810813,
              78.48873767340903
            ]
          ]
        ]
      },
      "properties": {
        "tile_id": 317,
        "score": 0,
        "disease": null,
        "severity": "none",
        "last_seen": null,
        "detection_count": 0,
        "center_lat": 17.38585585585586,
        "center_lng": 78.4887848746747
      }
    },
    {
      "type": "Feature",
      "geometry": {
        "type": "Polygon",
        "coordinates": [
          [
            [
              17.385810810810813,
              78.48883207594038
            ],
            [
              17.385900900900904,
              78.48883207594038
            ],
            [
              17.385900900900904,
              78.48892647847173
            ],
            [
              17.385810810810813,
              78.48892647847173
            ],
            [
              17.385810810810813,
              78.48883207594038
            ]
          ]
        ]
      },
      "properties": {
        "tile_id": 318,
        "score": 0,
        "disease": null,
        "severity": "none",
        "last_seen": null,
        "detection_count": 0,
        "center_lat": 17.38585585585586,
        "center_lng": 78.48887927720605
      }
    },
    {
      "type": "Feature",
      "geometry": {
        "type": "Polygon",
        "coordinates": [
          [
            [
              17.385810810810813,
              78.48892647847173
            ],
            [
              17.385900900900904,
              78.48892647847173
            ],
            [
              17.385900900900904,
              78.48902088100307
            ],
            [
              17.385810810810813,
              78.48902088100307
            ],
            [
              17.385810810810813,
              78.48892647847173
            ]
          ]
        ]
      },
      "properties": {
        "tile_id": 319,
        "score": 0,
        "disease": null,
        "severity": "none",
        "last_seen": null,
        "detection_count": 0,
        "center_lat": 17.38585585585586,
        "center_lng": 78.4889736797374
      }
    },
    {
      "type": "Feature",
      "geometry": {
        "type": "Polygon",
        "coordinates": [
          [
            [
              17.385900900900904,
              78.486
            ],
            [
              17.385990990990994,
              78.486
            ],
            [
              17.385990990990994,
              78.48609440253135
            ],
            [
              17.385900900900904,
              78.48609440253135
            ],
            [
              17.385900900900904,
              78.486
            ]
          ]
        ]
      },
      "properties": {
        "tile_id": 320,
        "score": 0,
        "disease": null,
        "severity": "none",
        "last_seen": null,
        "detection_count": 0,
        "center_lat": 17.38594594594595,
        "center_lng": 78.48604720126568
      }
    },
    {
      "type": "Feature",
      "geometry": {
        "type": "Polygon",
        "coordinates": [
          [
            [
              17.385900900900904,
              78.48609440253135
            ],
            [
              17.385990990990994,
              78.48609440253135
            ],
            [
              17.385990990990994,
              78.4861888050627
            ],
            [
              17.385900900900904,
              78.4861888050627
            ],
            [
              17.385900900900904,
              78.48609440253135
            ]
          ]
        ]
      },
      "properties": {
        "tile_id": 321,
        "score": 0,
        "disease": null,
        "severity": "none",
        "last_seen": null,
        "detection_count": 0,
        "center_lat": 17.38594594594595,
        "center_lng": 78.48614160379702
      }
    },
    {
      "type": "Feature",
      "geometry": {
        "type": "Polygon",
        "coordinates": [
          [
            [
              17.385900900900904,
              78.4861888050627
            ],
            [
              17.385990990990994,
              78.4861888050627
            ],
            [
              17.385990990990994,
              78.48628320759404
            ],
            [
              17.385900900900904,
              78.48628320759404
            ],
            [
              17.385900900900904,
              78.4861888050627
            ]
          ]
        ]
      },
      "properties": {
        "tile_id": 322,
        "score": 0,
        "disease": null,
        "severity": "none",
        "last_seen": null,
        "detection_count": 0,
        "center_lat": 17.38594594594595,
        "center_lng": 78.48623600632837
      }
    },
    {
      "type": "Feature",
      "geometry": {
        "type": "Polygon",
        "coordinates": [
          [
            [
              17.385900900900904,
              78.48628320759404
            ],
            [
              17.385990990990994,
              78.48628320759404
            ],
            [
              17.385990990990994,
              78.48637761012539
            ],
            [
              17.385900900900904,
              78.48637761012539
            ],
            [
              17.385900900900904,
              78.48628320759404
            ]
          ]
        ]
      },
      "properties": {
        "tile_id": 323,
        "score": 0,
        "disease": null,
        "severity": "none",
        "last_seen": null,
        "detection_count": 0,
        "center_lat": 17.38594594594595,
        "center_lng": 78.48633040885971
      }
    },
    {
      "type": "Feature",
      "geometry": {
        "type": "Polygon",
        "coordinates": [
          [
            [
              17.385900900900904,
              78.48637761012539
            ],
            [
              17.385990990990994,
              78.48637761012539
            ],
            [
              17.385990990990994,
              78.48647201265673
            ],
            [
              17.385900900900904,
              78.48647201265673
            ],
            [
              17.385900900900904,
              78.48637761012539
            ]
          ]
        ]
      },
      "properties": {
        "tile_id": 324,
        "score": 0,
        "disease": null,
        "severity": "none",
        "last_seen": null,
        "detection_count": 0,
        "center_lat": 17.38594594594595,
        "center_lng": 78.48642481139106
      }
    },
    {
      "type": "Feature",
      "geometry": {
        "type": "Polygon",
        "coordinates": [
          [
            [
              17.385900900900904,
              78.48647201265673
            ],
            [
              17.385990990990994,
              78.48647201265673
            ],
            [
              17.385990990990994,
              78.48656641518808
            ],
            [
              17.385900900900904,
              78.48656641518808
            ],
            [
              17.385900900900904,
              78.48647201265673
            ]
          ]
        ]
      },
      "properties": {
        "tile_id": 325,
        "score": 0,
        "disease": null,
        "severity": "none",
        "last_seen": null,
        "detection_count": 0,
        "center_lat": 17.38594594594595,
        "center_lng": 78.4865192139224
      }
    },
    {
      "type": "Feature",
      "geometry": {
        "type": "Polygon",
        "coordinates": [
          [
            [
              17.385900900900904,
              78.48656641518808
            ],
            [
              17.385990990990994,
              78.48656641518808
            ],
            [
              17.385990990990994,
              78.48666081771943
            ],
            [
              17.385900900900904,
              78.48666081771943
            ],
            [
              17.385900900900904,
              78.48656641518808
            ]
          ]
        ]
      },
      "properties": {
        "tile_id": 326,
        "score": 0,
        "disease": null,
        "severity": "none",
        "last_seen": null,
        "detection_count": 0,
        "center_lat": 17.38594594594595,
        "center_lng": 78.48661361645375
      }
    },
    {
      "type": "Feature",
      "geometry": {
        "type": "Polygon",
        "coordinates": [
          [
            [
              17.385900900900904,
              78.48666081771943
            ],
            [
              17.385990990990994,
              78.48666081771943
            ],
            [
              17.385990990990994,
              78.48675522025077
            ],
            [
              17.385900900900904,
              78.48675522025077
            ],
            [
              17.385900900900904,
              78.48666081771943
            ]
          ]
        ]
      },
      "properties": {
        "tile_id": 327,
        "score": 0,
        "disease": null,
        "severity": "none",
        "last_seen": null,
        "detection_count": 0,
        "center_lat": 17.38594594594595,
        "center_lng": 78.4867080189851
      }
    },
    {
      "type": "Feature",
      "geometry": {
        "type": "Polygon",
        "coordinates": [
          [
            [
              17.385900900900904,
              78.48675522025077
            ],
            [
              17.385990990990994,
              78.48675522025077
            ],
            [
              17.385990990990994,
              78.48684962278212
            ],
            [
              17.385900900900904,
              78.48684962278212
            ],
            [
              17.385900900900904,
              78.48675522025077
            ]
          ]
        ]
      },
      "properties": {
        "tile_id": 328,
        "score": 0,
        "disease": null,
        "severity": "none",
        "last_seen": null,
        "detection_count": 0,
        "center_lat": 17.38594594594595,
        "center_lng": 78.48680242151644
      }
    },
    {
      "type": "Feature",
      "geometry": {
        "type": "Polygon",
        "coordinates": [
          [
            [
              17.385900900900904,
              78.48684962278212
            ],
            [
              17.385990990990994,
              78.48684962278212
            ],
            [
              17.385990990990994,
              78.48694402531346
            ],
            [
              17.385900900900904,
              78.48694402531346
            ],
            [
              17.385900900900904,
              78.48684962278212
            ]
          ]
        ]
      },
      "properties": {
        "tile_id": 329,
        "score": 0,
        "disease": null,
        "severity": "none",
        "last_seen": null,
        "detection_count": 0,
        "center_lat": 17.38594594594595,
        "center_lng": 78.48689682404779
      }
    },
    {
      "type": "Feature",
      "geometry": {
        "type": "Polygon",
        "coordinates": [
          [
            [
              17.385900900900904,
              78.48694402531346
            ],
            [
              17.385990990990994,
              78.48694402531346
            ],
            [
              17.385990990990994,
              78.48703842784481
            ],
            [
              17.385900900900904,
              78.48703842784481
            ],
            [
              17.385900900900904,
              78.48694402531346
            ]
          ]
        ]
      },
      "properties": {
        "tile_id": 330,
        "score": 0,
        "disease": null,
        "severity": "none",
        "last_seen": null,
        "detection_count": 0,
        "center_lat": 17.38594594594595,
        "center_lng": 78.48699122657914
      }
    },
    {
      "type": "Feature",
      "geometry": {
        "type": "Polygon",
        "coordinates": [
          [
            [
              17.385900900900904,
              78.48703842784481
            ],
            [
              17.385990990990994,
              78.48703842784481
            ],
            [
              17.385990990990994,
              78.48713283037615
            ],
            [
              17.385900900900904,
              78.48713283037615
            ],
            [
              17.385900900900904,
              78.48703842784481
            ]
          ]
        ]
      },
      "properties": {
        "tile_id": 331,
        "score": 0,
        "disease": null,
        "severity": "none",
        "last_seen": null,
        "detection_count": 0,
        "center_lat": 17.38594594594595,
        "center_lng": 78.48708562911048
      }
    },
    {
      "type": "Feature",
      "geometry": {
        "type": "Polygon",
        "coordinates": [
          [
            [
              17.385900900900904,
              78.48713283037615
            ],
            [
              17.385990990990994,
              78.48713283037615
            ],
            [
              17.385990990990994,
              78.4872272329075
            ],
            [
              17.385900900900904,
              78.4872272329075
            ],
            [
              17.385900900900904,
              78.48713283037615
            ]
          ]
        ]
      },
      "properties": {
        "tile_id": 332,
        "score": 0,
        "disease": null,
        "severity": "none",
        "last_seen": null,
        "detection_count": 0,
        "center_lat": 17.38594594594595,
        "center_lng": 78.48718003164183
      }
    },
    {
      "type": "Feature",
      "geometry": {
        "type": "Polygon",
        "coordinates": [
          [
            [
              17.385900900900904,
              78.4872272329075
            ],
            [
              17.385990990990994,
              78.4872272329075
            ],
            [
              17.385990990990994,
              78.48732163543885
            ],
            [
              17.385900900900904,
              78.48732163543885
            ],
            [
              17.385900900900904,
              78.4872272329075
            ]
          ]
        ]
      },
      "properties": {
        "tile_id": 333,
        "score": 0,
        "disease": null,
        "severity": "none",
        "last_seen": null,
        "detection_count": 0,
        "center_lat": 17.38594594594595,
        "center_lng": 78.48727443417317
      }
    },
    {
      "type": "Feature",
      "geometry": {
        "type": "Polygon",
        "coordinates": [
          [
            [
              17.385900900900904,
              78.48732163543885
            ],
            [
              17.385990990990994,
              78.48732163543885
            ],
            [
              17.385990990990994,
              78.48741603797019
            ],
            [
              17.385900900900904,
              78.48741603797019
            ],
            [
              17.385900900900904,
              78.48732163543885
            ]
          ]
        ]
      },
      "properties": {
        "tile_id": 334,
        "score": 0,
        "disease": null,
        "severity": "none",
        "last_seen": null,
        "detection_count": 0,
        "center_lat": 17.38594594594595,
        "center_lng": 78.48736883670452
      }
    },
    {
      "type": "Feature",
      "geometry": {
        "type": "Polygon",
        "coordinates": [
          [
            [
              17.385900900900904,
              78.48741603797019
            ],
            [
              17.385990990990994,
              78.48741603797019
            ],
            [
              17.385990990990994,
              78.48751044050154
            ],
            [
              17.385900900900904,
              78.48751044050154
            ],
            [
              17.385900900900904,
              78.48741603797019
            ]
          ]
        ]
      },
      "properties": {
        "tile_id": 335,
        "score": 0,
        "disease": null,
        "severity": "none",
        "last_seen": null,
        "detection_count": 0,
        "center_lat": 17.38594594594595,
        "center_lng": 78.48746323923586
      }
    },
    {
      "type": "Feature",
      "geometry": {
        "type": "Polygon",
        "coordinates": [
          [
            [
              17.385900900900904,
              78.48751044050154
            ],
            [
              17.385990990990994,
              78.48751044050154
            ],
            [
              17.385990990990994,
              78.48760484303288
            ],
            [
              17.385900900900904,
              78.48760484303288
            ],
            [
              17.385900900900904,
              78.48751044050154
            ]
          ]
        ]
      },
      "properties": {
        "tile_id": 336,
        "score": 0,
        "disease": null,
        "severity": "none",
        "last_seen": null,
        "detection_count": 0,
        "center_lat": 17.38594594594595,
        "center_lng": 78.48755764176721
      }
    },
    {
      "type": "Feature",
      "geometry": {
        "type": "Polygon",
        "coordinates": [
          [
            [
              17.385900900900904,
              78.48760484303288
            ],
            [
              17.385990990990994,
              78.48760484303288
            ],
            [
              17.385990990990994,
              78.48769924556423
            ],
            [
              17.385900900900904,
              78.48769924556423
            ],
            [
              17.385900900900904,
              78.48760484303288
            ]
          ]
        ]
      },
      "properties": {
        "tile_id": 337,
        "score": 0,
        "disease": null,
        "severity": "none",
        "last_seen": null,
        "detection_count": 0,
        "center_lat": 17.38594594594595,
        "center_lng": 78.48765204429856
      }
    },
    {
      "type": "Feature",
      "geometry": {
        "type": "Polygon",
        "coordinates": [
          [
            [
              17.385900900900904,
              78.48769924556423
            ],
            [
              17.385990990990994,
              78.48769924556423
            ],
            [
              17.385990990990994,
              78.48779364809558
            ],
            [
              17.385900900900904,
              78.48779364809558
            ],
            [
              17.385900900900904,
              78.48769924556423
            ]
          ]
        ]
      },
      "properties": {
        "tile_id": 338,
        "score": 0,
        "disease": null,
        "severity": "none",
        "last_seen": null,
        "detection_count": 0,
        "center_lat": 17.38594594594595,
        "center_lng": 78.4877464468299
      }
    },
    {
      "type": "Feature",
      "geometry": {
        "type": "Polygon",
        "coordinates": [
          [
            [
              17.385900900900904,
              78.48779364809558
            ],
            [
              17.385990990990994,
              78.48779364809558
            ],
            [
              17.385990990990994,
              78.48788805062692
            ],
            [
              17.385900900900904,
              78.48788805062692
            ],
            [
              17.385900900900904,
              78.48779364809558
            ]
          ]
        ]
      },
      "properties": {
        "tile_id": 339,
        "score": 0,
        "disease": null,
        "severity": "none",
        "last_seen": null,
        "detection_count": 0,
        "center_lat": 17.38594594594595,
        "center_lng": 78.48784084936125
      }
    },
    {
      "type": "Feature",
      "geometry": {
        "type": "Polygon",
        "coordinates": [
          [
            [
              17.385900900900904,
              78.48788805062692
            ],
            [
              17.385990990990994,
              78.48788805062692
            ],
            [
              17.385990990990994,
              78.48798245315827
            ],
            [
              17.385900900900904,
              78.48798245315827
            ],
            [
              17.385900900900904,
              78.48788805062692
            ]
          ]
        ]
      },
      "properties": {
        "tile_id": 340,
        "score": 0,
        "disease": null,
        "severity": "none",
        "last_seen": null,
        "detection_count": 0,
        "center_lat": 17.38594594594595,
        "center_lng": 78.4879352518926
      }
    },
    {
      "type": "Feature",
      "geometry": {
        "type": "Polygon",
        "coordinates": [
          [
            [
              17.385900900900904,
              78.48798245315827
            ],
            [
              17.385990990990994,
              78.48798245315827
            ],
            [
              17.385990990990994,
              78.48807685568961
            ],
            [
              17.385900900900904,
              78.48807685568961
            ],
            [
              17.385900900900904,
              78.48798245315827
            ]
          ]
        ]
      },
      "properties": {
        "tile_id": 341,
        "score": 0,
        "disease": null,
        "severity": "none",
        "last_seen": null,
        "detection_count": 0,
        "center_lat": 17.38594594594595,
        "center_lng": 78.48802965442394
      }
    },
    {
      "type": "Feature",
      "geometry": {
        "type": "Polygon",
        "coordinates": [
          [
            [
              17.385900900900904,
              78.48807685568961
            ],
            [
              17.385990990990994,
              78.48807685568961
            ],
            [
              17.385990990990994,
              78.48817125822096
            ],
            [
              17.385900900900904,
              78.48817125822096
            ],
            [
              17.385900900900904,
              78.48807685568961
            ]
          ]
        ]
      },
      "properties": {
        "tile_id": 342,
        "score": 0,
        "disease": null,
        "severity": "none",
        "last_seen": null,
        "detection_count": 0,
        "center_lat": 17.38594594594595,
        "center_lng": 78.48812405695529
      }
    },
    {
      "type": "Feature",
      "geometry": {
        "type": "Polygon",
        "coordinates": [
          [
            [
              17.385900900900904,
              78.48817125822096
            ],
            [
              17.385990990990994,
              78.48817125822096
            ],
            [
              17.385990990990994,
              78.4882656607523
            ],
            [
              17.385900900900904,
              78.4882656607523
            ],
            [
              17.385900900900904,
              78.48817125822096
            ]
          ]
        ]
      },
      "properties": {
        "tile_id": 343,
        "score": 0,
        "disease": null,
        "severity": "none",
        "last_seen": null,
        "detection_count": 0,
        "center_lat": 17.38594594594595,
        "center_lng": 78.48821845948663
      }
    },
    {
      "type": "Feature",
      "geometry": {
        "type": "Polygon",
        "coordinates": [
          [
            [
              17.385900900900904,
              78.4882656607523
            ],
            [
              17.385990990990994,
              78.4882656607523
            ],
            [
              17.385990990990994,
              78.48836006328365
            ],
            [
              17.385900900900904,
              78.48836006328365
            ],
            [
              17.385900900900904,
              78.4882656607523
            ]
          ]
        ]
      },
      "properties": {
        "tile_id": 344,
        "score": 0,
        "disease": null,
        "severity": "none",
        "last_seen": null,
        "detection_count": 0,
        "center_lat": 17.38594594594595,
        "center_lng": 78.48831286201798
      }
    },
    {
      "type": "Feature",
      "geometry": {
        "type": "Polygon",
        "coordinates": [
          [
            [
              17.385900900900904,
              78.48836006328365
            ],
            [
              17.385990990990994,
              78.48836006328365
            ],
            [
              17.385990990990994,
              78.488454465815
            ],
            [
              17.385900900900904,
              78.488454465815
            ],
            [
              17.385900900900904,
              78.48836006328365
            ]
          ]
        ]
      },
      "properties": {
        "tile_id": 345,
        "score": 0,
        "disease": null,
        "severity": "none",
        "last_seen": null,
        "detection_count": 0,
        "center_lat": 17.38594594594595,
        "center_lng": 78.48840726454932
      }
    },
    {
      "type": "Feature",
      "geometry": {
        "type": "Polygon",
        "coordinates": [
          [
            [
              17.385900900900904,
              78.488454465815
            ],
            [
              17.385990990990994,
              78.488454465815
            ],
            [
              17.385990990990994,
              78.48854886834634
            ],
            [
              17.385900900900904,
              78.48854886834634
            ],
            [
              17.385900900900904,
              78.488454465815
            ]
          ]
        ]
      },
      "properties": {
        "tile_id": 346,
        "score": 0,
        "disease": null,
        "severity": "none",
        "last_seen": null,
        "detection_count": 0,
        "center_lat": 17.38594594594595,
        "center_lng": 78.48850166708067
      }
    },
    {
      "type": "Feature",
      "geometry": {
        "type": "Polygon",
        "coordinates": [
          [
            [
              17.385900900900904,
              78.48854886834634
            ],
            [
              17.385990990990994,
              78.48854886834634
            ],
            [
              17.385990990990994,
              78.48864327087769
            ],
            [
              17.385900900900904,
              78.48864327087769
            ],
            [
              17.385900900900904,
              78.48854886834634
            ]
          ]
        ]
      },
      "properties": {
        "tile_id": 347,
        "score": 0,
        "disease": null,
        "severity": "none",
        "last_seen": null,
        "detection_count": 0,
        "center_lat": 17.38594594594595,
        "center_lng": 78.48859606961202
      }
    },
    {
      "type": "Feature",
      "geometry": {
        "type": "Polygon",
        "coordinates": [
          [
            [
              17.385900900900904,
              78.48864327087769
            ],
            [
              17.385990990990994,
              78.48864327087769
            ],
            [
              17.385990990990994,
              78.48873767340903
            ],
            [
              17.385900900900904,
              78.48873767340903
            ],
            [
              17.385900900900904,
              78.48864327087769
            ]
          ]
        ]
      },
      "properties": {
        "tile_id": 348,
        "score": 0,
        "disease": null,
        "severity": "none",
        "last_seen": null,
        "detection_count": 0,
        "center_lat": 17.38594594594595,
        "center_lng": 78.48869047214336
      }
    },
    {
      "type": "Feature",
      "geometry": {
        "type": "Polygon",
        "coordinates": [
          [
            [
              17.385900900900904,
              78.48873767340903
            ],
            [
              17.385990990990994,
              78.48873767340903
            ],
            [
              17.385990990990994,
              78.48883207594038
            ],
            [
              17.385900900900904,
              78.48883207594038
            ],
            [
              17.385900900900904,
              78.48873767340903
            ]
          ]
        ]
      },
      "properties": {
        "tile_id": 349,
        "score": 0,
        "disease": null,
        "severity": "none",
        "last_seen": null,
        "detection_count": 0,
        "center_lat": 17.38594594594595,
        "center_lng": 78.4887848746747
      }
    },
    {
      "type": "Feature",
      "geometry": {
        "type": "Polygon",
        "coordinates": [
          [
            [
              17.385900900900904,
              78.48883207594038
            ],
            [
              17.385990990990994,
              78.48883207594038
            ],
            [
              17.385990990990994,
              78.48892647847173
            ],
            [
              17.385900900900904,
              78.48892647847173
            ],
            [
              17.385900900900904,
              78.48883207594038
            ]
          ]
        ]
      },
      "properties": {
        "tile_id": 350,
        "score": 0,
        "disease": null,
        "severity": "none",
        "last_seen": null,
        "detection_count": 0,
        "center_lat": 17.38594594594595,
        "center_lng": 78.48887927720605
      }
    },
    {
      "type": "Feature",
      "geometry": {
        "type": "Polygon",
        "coordinates": [
          [
            [
              17.385900900900904,
              78.48892647847173
            ],
            [
              17.385990990990994,
              78.48892647847173
            ],
            [
              17.385990990990994,
              78.48902088100307
            ],
            [
              17.385900900900904,
              78.48902088100307
            ],
            [
              17.385900900900904,
              78.48892647847173
            ]
          ]
        ]
      },
      "properties": {
        "tile_id": 351,
        "score": 0,
        "disease": null,
        "severity": "none",
        "last_seen": null,
        "detection_count": 0,
        "center_lat": 17.38594594594595,
        "center_lng": 78.4889736797374
      }
    },
    {
      "type": "Feature",
      "geometry": {
        "type": "Polygon",
        "coordinates": [
          [
            [
              17.385990990990994,
              78.486
            ],
            [
              17.386081081081084,
              78.486
            ],
            [
              17.386081081081084,
              78.48609440253135
            ],
            [
              17.385990990990994,
              78.48609440253135
            ],
            [
              17.385990990990994,
              78.486
            ]
          ]
        ]
      },
      "properties": {
        "tile_id": 352,
        "score": 0,
        "disease": null,
        "severity": "none",
        "last_seen": null,
        "detection_count": 0,
        "center_lat": 17.38603603603604,
        "center_lng": 78.48604720126568
      }
    },
    {
      "type": "Feature",
      "geometry": {
        "type": "Polygon",
        "coordinates": [
          [
            [
              17.385990990990994,
              78.48609440253135
            ],
            [
              17.386081081081084,
              78.48609440253135
            ],
            [
              17.386081081081084,
              78.4861888050627
            ],
            [
              17.385990990990994,
              78.4861888050627
            ],
            [
              17.385990990990994,
              78.48609440253135
            ]
          ]
        ]
      },
      "properties": {
        "tile_id": 353,
        "score": 0,
        "disease": null,
        "severity": "none",
        "last_seen": null,
        "detection_count": 0,
        "center_lat": 17.38603603603604,
        "center_lng": 78.48614160379702
      }
    },
    {
      "type": "Feature",
      "geometry": {
        "type": "Polygon",
        "coordinates": [
          [
            [
              17.385990990990994,
              78.4861888050627
            ],
            [
              17.386081081081084,
              78.4861888050627
            ],
            [
              17.386081081081084,
              78.48628320759404
            ],
            [
              17.385990990990994,
              78.48628320759404
            ],
            [
              17.385990990990994,
              78.4861888050627
            ]
          ]
        ]
      },
      "properties": {
        "tile_id": 354,
        "score": 0,
        "disease": null,
        "severity": "none",
        "last_seen": null,
        "detection_count": 0,
        "center_lat": 17.38603603603604,
        "center_lng": 78.48623600632837
      }
    },
    {
      "type": "Feature",
      "geometry": {
        "type": "Polygon",
        "coordinates": [
          [
            [
              17.385990990990994,
              78.48628320759404
            ],
            [
              17.386081081081084,
              78.48628320759404
            ],
            [
              17.386081081081084,
              78.48637761012539
            ],
            [
              17.385990990990994,
              78.48637761012539
            ],
            [
              17.385990990990994,
              78.48628320759404
            ]
          ]
        ]
      },
      "properties": {
        "tile_id": 355,
        "score": 0,
        "disease": null,
        "severity": "none",
        "last_seen": null,
        "detection_count": 0,
        "center_lat": 17.38603603603604,
        "center_lng": 78.48633040885971
      }
    },
    {
      "type": "Feature",
      "geometry": {
        "type": "Polygon",
        "coordinates": [
          [
            [
              17.385990990990994,
              78.48637761012539
            ],
            [
              17.386081081081084,
              78.48637761012539
            ],
            [
              17.386081081081084,
              78.48647201265673
            ],
            [
              17.385990990990994,
              78.48647201265673
            ],
            [
              17.385990990990994,
              78.48637761012539
            ]
          ]
        ]
      },
      "properties": {
        "tile_id": 356,
        "score": 0,
        "disease": null,
        "severity": "none",
        "last_seen": null,
        "detection_count": 0,
        "center_lat": 17.38603603603604,
        "center_lng": 78.48642481139106
      }
    },
    {
      "type": "Feature",
      "geometry": {
        "type": "Polygon",
        "coordinates": [
          [
            [
              17.385990990990994,
              78.48647201265673
            ],
            [
              17.386081081081084,
              78.48647201265673
            ],
            [
              17.386081081081084,
              78.48656641518808
            ],
            [
              17.385990990990994,
              78.48656641518808
            ],
            [
              17.385990990990994,
              78.48647201265673
            ]
          ]
        ]
      },
      "properties": {
        "tile_id": 357,
        "score": 0,
        "disease": null,
        "severity": "none",
        "last_seen": null,
        "detection_count": 0,
        "center_lat": 17.38603603603604,
        "center_lng": 78.4865192139224
      }
    },
    {
      "type": "Feature",
      "geometry": {
        "type": "Polygon",
        "coordinates": [
          [
            [
              17.385990990990994,
              78.48656641518808
            ],
            [
              17.386081081081084,
              78.48656641518808
            ],
            [
              17.386081081081084,
              78.48666081771943
            ],
            [
              17.385990990990994,
              78.48666081771943
            ],
            [
              17.385990990990994,
              78.48656641518808
            ]
          ]
        ]
      },
      "properties": {
        "tile_id": 358,
        "score": 0,
        "disease": null,
        "severity": "none",
        "last_seen": null,
        "detection_count": 0,
        "center_lat": 17.38603603603604,
        "center_lng": 78.48661361645375
      }
    },
    {
      "type": "Feature",
      "geometry": {
        "type": "Polygon",
        "coordinates": [
          [
            [
              17.385990990990994,
              78.48666081771943
            ],
            [
              17.386081081081084,
              78.48666081771943
            ],
            [
              17.386081081081084,
              78.48675522025077
            ],
            [
              17.385990990990994,
              78.48675522025077
            ],
            [
              17.385990990990994,
              78.48666081771943
            ]
          ]
        ]
      },
      "properties": {
        "tile_id": 359,
        "score": 0,
        "disease": null,
        "severity": "none",
        "last_seen": null,
        "detection_count": 0,
        "center_lat": 17.38603603603604,
        "center_lng": 78.4867080189851
      }
    },
    {
      "type": "Feature",
      "geometry": {
        "type": "Polygon",
        "coordinates": [
          [
            [
              17.385990990990994,
              78.48675522025077
            ],
            [
              17.386081081081084,
              78.48675522025077
            ],
            [
              17.386081081081084,
              78.48684962278212
            ],
            [
              17.385990990990994,
              78.48684962278212
            ],
            [
              17.385990990990994,
              78.48675522025077
            ]
          ]
        ]
      },
      "properties": {
        "tile_id": 360,
        "score": 0,
        "disease": null,
        "severity": "none",
        "last_seen": null,
        "detection_count": 0,
        "center_lat": 17.38603603603604,
        "center_lng": 78.48680242151644
      }
    },
    {
      "type": "Feature",
      "geometry": {
        "type": "Polygon",
        "coordinates": [
          [
            [
              17.385990990990994,
              78.48684962278212
            ],
            [
              17.386081081081084,
              78.48684962278212
            ],
            [
              17.386081081081084,
              78.48694402531346
            ],
            [
              17.385990990990994,
              78.48694402531346
            ],
            [
              17.385990990990994,
              78.48684962278212
            ]
          ]
        ]
      },
      "properties": {
        "tile_id": 361,
        "score": 0,
        "disease": null,
        "severity": "none",
        "last_seen": null,
        "detection_count": 0,
        "center_lat": 17.38603603603604,
        "center_lng": 78.48689682404779
      }
    },
    {
      "type": "Feature",
      "geometry": {
        "type": "Polygon",
        "coordinates": [
          [
            [
              17.385990990990994,
              78.48694402531346
            ],
            [
              17.386081081081084,
              78.48694402531346
            ],
            [
              17.386081081081084,
              78.48703842784481
            ],
            [
              17.385990990990994,
              78.48703842784481
            ],
            [
              17.385990990990994,
              78.48694402531346
            ]
          ]
        ]
      },
      "properties": {
        "tile_id": 362,
        "score": 0,
        "disease": null,
        "severity": "none",
        "last_seen": null,
        "detection_count": 0,
        "center_lat": 17.38603603603604,
        "center_lng": 78.48699122657914
      }
    },
    {
      "type": "Feature",
      "geometry": {
        "type": "Polygon",
        "coordinates": [
          [
            [
              17.385990990990994,
              78.48703842784481
            ],
            [
              17.386081081081084,
              78.48703842784481
            ],
            [
              17.386081081081084,
              78.48713283037615
            ],
            [
              17.385990990990994,
              78.48713283037615
            ],
            [
              17.385990990990994,
              78.48703842784481
            ]
          ]
        ]
      },
      "properties": {
        "tile_id": 363,
        "score": 0,
        "disease": null,
        "severity": "none",
        "last_seen": null,
        "detection_count": 0,
        "center_lat": 17.38603603603604,
        "center_lng": 78.48708562911048
      }
    },
    {
      "type": "Feature",
      "geometry": {
        "type": "Polygon",
        "coordinates": [
          [
            [
              17.385990990990994,
              78.48713283037615
            ],
            [
              17.386081081081084,
              78.48713283037615
            ],
            [
              17.386081081081084,
              78.4872272329075
            ],
            [
              17.385990990990994,
              78.4872272329075
            ],
            [
              17.385990990990994,
              78.48713283037615
            ]
          ]
        ]
      },
      "properties": {
        "tile_id": 364,
        "score": 0,
        "disease": null,
        "severity": "none",
        "last_seen": null,
        "detection_count": 0,
        "center_lat": 17.38603603603604,
        "center_lng": 78.48718003164183
      }
    },
    {
      "type": "Feature",
      "geometry": {
        "type": "Polygon",
        "coordinates": [
          [
            [
              17.385990990990994,
              78.4872272329075
            ],
            [
              17.386081081081084,
              78.4872272329075
            ],
            [
              17.386081081081084,
              78.48732163543885
            ],
            [
              17.385990990990994,
              78.48732163543885
            ],
            [
              17.385990990990994,
              78.4872272329075
            ]
          ]
        ]
      },
      "properties": {
        "tile_id": 365,
        "score": 0,
        "disease": null,
        "severity": "none",
        "last_seen": null,
        "detection_count": 0,
        "center_lat": 17.38603603603604,
        "center_lng": 78.48727443417317
      }
    },
    {
      "type": "Feature",
      "geometry": {
        "type": "Polygon",
        "coordinates": [
          [
            [
              17.385990990990994,
              78.48732163543885
            ],
            [
              17.386081081081084,
              78.48732163543885
            ],
            [
              17.386081081081084,
              78.48741603797019
            ],
            [
              17.385990990990994,
              78.48741603797019
            ],
            [
              17.385990990990994,
              78.48732163543885
            ]
          ]
        ]
      },
      "properties": {
        "tile_id": 366,
        "score": 0,
        "disease": null,
        "severity": "none",
        "last_seen": null,
        "detection_count": 0,
        "center_lat": 17.38603603603604,
        "center_lng": 78.48736883670452
      }
    },
    {
      "type": "Feature",
      "geometry": {
        "type": "Polygon",
        "coordinates": [
          [
            [
              17.385990990990994,
              78.48741603797019
            ],
            [
              17.386081081081084,
              78.48741603797019
            ],
            [
              17.386081081081084,
              78.48751044050154
            ],
            [
              17.385990990990994,
              78.48751044050154
            ],
            [
              17.385990990990994,
              78.48741603797019
            ]
          ]
        ]
      },
      "properties": {
        "tile_id": 367,
        "score": 0,
        "disease": null,
        "severity": "none",
        "last_seen": null,
        "detection_count": 0,
        "center_lat": 17.38603603603604,
        "center_lng": 78.48746323923586
      }
    },
    {
      "type": "Feature",
      "geometry": {
        "type": "Polygon",
        "coordinates": [
          [
            [
              17.385990990990994,
              78.48751044050154
            ],
            [
              17.386081081081084,
              78.48751044050154
            ],
            [
              17.386081081081084,
              78.48760484303288
            ],
            [
              17.385990990990994,
              78.48760484303288
            ],
            [
              17.385990990990994,
              78.48751044050154
            ]
          ]
        ]
      },
      "properties": {
        "tile_id": 368,
        "score": 0,
        "disease": null,
        "severity": "none",
        "last_seen": null,
        "detection_count": 0,
        "center_lat": 17.38603603603604,
        "center_lng": 78.48755764176721
      }
    },
    {
      "type": "Feature",
      "geometry": {
        "type": "Polygon",
        "coordinates": [
          [
            [
              17.385990990990994,
              78.48760484303288
            ],
            [
              17.386081081081084,
              78.48760484303288
            ],
            [
              17.386081081081084,
              78.48769924556423
            ],
            [
              17.385990990990994,
              78.48769924556423
            ],
            [
              17.385990990990994,
              78.48760484303288
            ]
          ]
        ]
      },
      "properties": {
        "tile_id": 369,
        "score": 0,
        "disease": null,
        "severity": "none",
        "last_seen": null,
        "detection_count": 0,
        "center_lat": 17.38603603603604,
        "center_lng": 78.48765204429856
      }
    },
    {
      "type": "Feature",
      "geometry": {
        "type": "Polygon",
        "coordinates": [
          [
            [
              17.385990990990994,
              78.48769924556423
            ],
            [
              17.386081081081084,
              78.48769924556423
            ],
            [
              17.386081081081084,
              78.48779364809558
            ],
            [
              17.385990990990994,
              78.48779364809558
            ],
            [
              17.385990990990994,
              78.48769924556423
            ]
          ]
        ]
      },
      "properties": {
        "tile_id": 370,
        "score": 0,
        "disease": null,
        "severity": "none",
        "last_seen": null,
        "detection_count": 0,
        "center_lat": 17.38603603603604,
        "center_lng": 78.4877464468299
      }
    },
    {
      "type": "Feature",
      "geometry": {
        "type": "Polygon",
        "coordinates": [
          [
            [
              17.385990990990994,
              78.48779364809558
            ],
            [
              17.386081081081084,
              78.48779364809558
            ],
            [
              17.386081081081084,
              78.48788805062692
            ],
            [
              17.385990990990994,
              78.48788805062692
            ],
            [
              17.385990990990994,
              78.48779364809558
            ]
          ]
        ]
      },
      "properties": {
        "tile_id": 371,
        "score": 0,
        "disease": null,
        "severity": "none",
        "last_seen": null,
        "detection_count": 0,
        "center_lat": 17.38603603603604,
        "center_lng": 78.48784084936125
      }
    },
    {
      "type": "Feature",
      "geometry": {
        "type": "Polygon",
        "coordinates": [
          [
            [
              17.385990990990994,
              78.48788805062692
            ],
            [
              17.386081081081084,
              78.48788805062692
            ],
            [
              17.386081081081084,
              78.48798245315827
            ],
            [
              17.385990990990994,
              78.48798245315827
            ],
            [
              17.385990990990994,
              78.48788805062692
            ]
          ]
        ]
      },
      "properties": {
        "tile_id": 372,
        "score": 0,
        "disease": null,
        "severity": "none",
        "last_seen": null,
        "detection_count": 0,
        "center_lat": 17.38603603603604,
        "center_lng": 78.4879352518926
      }
    },
    {
      "type": "Feature",
      "geometry": {
        "type": "Polygon",
        "coordinates": [
          [
            [
              17.385990990990994,
              78.48798245315827
            ],
            [
              17.386081081081084,
              78.48798245315827
            ],
            [
              17.386081081081084,
              78.48807685568961
            ],
            [
              17.385990990990994,
              78.48807685568961
            ],
            [
              17.385990990990994,
              78.48798245315827
            ]
          ]
        ]
      },
      "properties": {
        "tile_id": 373,
        "score": 0,
        "disease": null,
        "severity": "none",
        "last_seen": null,
        "detection_count": 0,
        "center_lat": 17.38603603603604,
        "center_lng": 78.48802965442394
      }
    },
    {
      "type": "Feature",
      "geometry": {
        "type": "Polygon",
        "coordinates": [
          [
            [
              17.385990990990994,
              78.48807685568961
            ],
            [
              17.386081081081084,
              78.48807685568961
            ],
            [
              17.386081081081084,
              78.48817125822096
            ],
            [
              17.385990990990994,
              78.48817125822096
            ],
            [
              17.385990990990994,
              78.48807685568961
            ]
          ]
        ]
      },
      "properties": {
        "tile_id": 374,
        "score": 0,
        "disease": null,
        "severity": "none",
        "last_seen": null,
        "detection_count": 0,
        "center_lat": 17.38603603603604,
        "center_lng": 78.48812405695529
      }
    },
    {
      "type": "Feature",
      "geometry": {
        "type": "Polygon",
        "coordinates": [
          [
            [
              17.385990990990994,
              78.48817125822096
            ],
            [
              17.386081081081084,
              78.48817125822096
            ],
            [
              17.386081081081084,
              78.4882656607523
            ],
            [
              17.385990990990994,
              78.4882656607523
            ],
            [
              17.385990990990994,
              78.48817125822096
            ]
          ]
        ]
      },
      "properties": {
        "tile_id": 375,
        "score": 0,
        "disease": null,
        "severity": "none",
        "last_seen": null,
        "detection_count": 0,
        "center_lat": 17.38603603603604,
        "center_lng": 78.48821845948663
      }
    },
    {
      "type": "Feature",
      "geometry": {
        "type": "Polygon",
        "coordinates": [
          [
            [
              17.385990990990994,
              78.4882656607523
            ],
            [
              17.386081081081084,
              78.4882656607523
            ],
            [
              17.386081081081084,
              78.48836006328365
            ],
            [
              17.385990990990994,
              78.48836006328365
            ],
            [
              17.385990990990994,
              78.4882656607523
            ]
          ]
        ]
      },
      "properties": {
        "tile_id": 376,
        "score": 0,
        "disease": null,
        "severity": "none",
        "last_seen": null,
        "detection_count": 0,
        "center_lat": 17.38603603603604,
        "center_lng": 78.48831286201798
      }
    },
    {
      "type": "Feature",
      "geometry": {
        "type": "Polygon",
        "coordinates": [
          [
            [
              17.385990990990994,
              78.48836006328365
            ],
            [
              17.386081081081084,
              78.48836006328365
            ],
            [
              17.386081081081084,
              78.488454465815
            ],
            [
              17.385990990990994,
              78.488454465815
            ],
            [
              17.385990990990994,
              78.48836006328365
            ]
          ]
        ]
      },
      "properties": {
        "tile_id": 377,
        "score": 0,
        "disease": null,
        "severity": "none",
        "last_seen": null,
        "detection_count": 0,
        "center_lat": 17.38603603603604,
        "center_lng": 78.48840726454932
      }
    },
    {
      "type": "Feature",
      "geometry": {
        "type": "Polygon",
        "coordinates": [
          [
            [
              17.385990990990994,
              78.488454465815
            ],
            [
              17.386081081081084,
              78.488454465815
            ],
            [
              17.386081081081084,
              78.48854886834634
            ],
            [
              17.385990990990994,
              78.48854886834634
            ],
            [
              17.385990990990994,
              78.488454465815
            ]
          ]
        ]
      },
      "properties": {
        "tile_id": 378,
        "score": 0,
        "disease": null,
        "severity": "none",
        "last_seen": null,
        "detection_count": 0,
        "center_lat": 17.38603603603604,
        "center_lng": 78.48850166708067
      }
    },
    {
      "type": "Feature",
      "geometry": {
        "type": "Polygon",
        "coordinates": [
          [
            [
              17.385990990990994,
              78.48854886834634
            ],
            [
              17.386081081081084,
              78.48854886834634
            ],
            [
              17.386081081081084,
              78.48864327087769
            ],
            [
              17.385990990990994,
              78.48864327087769
            ],
            [
              17.385990990990994,
              78.48854886834634
            ]
          ]
        ]
      },
      "properties": {
        "tile_id": 379,
        "score": 0,
        "disease": null,
        "severity": "none",
        "last_seen": null,
        "detection_count": 0,
        "center_lat": 17.38603603603604,
        "center_lng": 78.48859606961202
      }
    },
    {
      "type": "Feature",
      "geometry": {
        "type": "Polygon",
        "coordinates": [
          [
            [
              17.385990990990994,
              78.48864327087769
            ],
            [
              17.386081081081084,
              78.48864327087769
            ],
            [
              17.386081081081084,
              78.48873767340903
            ],
            [
              17.385990990990994,
              78.48873767340903
            ],
            [
              17.385990990990994,
              78.48864327087769
            ]
          ]
        ]
      },
      "properties": {
        "tile_id": 380,
        "score": 0,
        "disease": null,
        "severity": "none",
        "last_seen": null,
        "detection_count": 0,
        "center_lat": 17.38603603603604,
        "center_lng": 78.48869047214336
      }
    },
    {
      "type": "Feature",
      "geometry": {
        "type": "Polygon",
        "coordinates": [
          [
            [
              17.385990990990994,
              78.48873767340903
            ],
            [
              17.386081081081084,
              78.48873767340903
            ],
            [
              17.386081081081084,
              78.48883207594038
            ],
            [
              17.385990990990994,
              78.48883207594038
            ],
            [
              17.385990990990994,
              78.48873767340903
            ]
          ]
        ]
      },
      "properties": {
        "tile_id": 381,
        "score": 0,
        "disease": null,
        "severity": "none",
        "last_seen": null,
        "detection_count": 0,
        "center_lat": 17.38603603603604,
        "center_lng": 78.4887848746747
      }
    },
    {
      "type": "Feature",
      "geometry": {
        "type": "Polygon",
        "coordinates": [
          [
            [
              17.385990990990994,
              78.48883207594038
            ],
            [
              17.386081081081084,
              78.48883207594038
            ],
            [
              17.386081081081084,
              78.48892647847173
            ],
            [
              17.385990990990994,
              78.48892647847173
            ],
            [
              17.385990990990994,
              78.48883207594038
            ]
          ]
        ]
      },
      "properties": {
        "tile_id": 382,
        "score": 0,
        "disease": null,
        "severity": "none",
        "last_seen": null,
        "detection_count": 0,
        "center_lat": 17.38603603603604,
        "center_lng": 78.48887927720605
      }
    },
    {
      "type": "Feature",
      "geometry": {
        "type": "Polygon",
        "coordinates": [
          [
            [
              17.385990990990994,
              78.48892647847173
            ],
            [
              17.386081081081084,
              78.48892647847173
            ],
            [
              17.386081081081084,
              78.48902088100307
            ],
            [
              17.385990990990994,
              78.48902088100307
            ],
            [
              17.385990990990994,
              78.48892647847173
            ]
          ]
        ]
      },
      "properties": {
        "tile_id": 383,
        "score": 0,
        "disease": null,
        "severity": "none",
        "last_seen": null,
        "detection_count": 0,
        "center_lat": 17.38603603603604,
        "center_lng": 78.4889736797374
      }
    },
    {
      "type": "Feature",
      "geometry": {
        "type": "Polygon",
        "coordinates": [
          [
            [
              17.386081081081084,
              78.486
            ],
            [
              17.386171171171174,
              78.486
            ],
            [
              17.386171171171174,
              78.48609440253135
            ],
            [
              17.386081081081084,
              78.48609440253135
            ],
            [
              17.386081081081084,
              78.486
            ]
          ]
        ]
      },
      "properties": {
        "tile_id": 384,
        "score": 0,
        "disease": null,
        "severity": "none",
        "last_seen": null,
        "detection_count": 0,
        "center_lat": 17.38612612612613,
        "center_lng": 78.48604720126568
      }
    },
    {
      "type": "Feature",
      "geometry": {
        "type": "Polygon",
        "coordinates": [
          [
            [
              17.386081081081084,
              78.48609440253135
            ],
            [
              17.386171171171174,
              78.48609440253135
            ],
            [
              17.386171171171174,
              78.4861888050627
            ],
            [
              17.386081081081084,
              78.4861888050627
            ],
            [
              17.386081081081084,
              78.48609440253135
            ]
          ]
        ]
      },
      "properties": {
        "tile_id": 385,
        "score": 0,
        "disease": null,
        "severity": "none",
        "last_seen": null,
        "detection_count": 0,
        "center_lat": 17.38612612612613,
        "center_lng": 78.48614160379702
      }
    },
    {
      "type": "Feature",
      "geometry": {
        "type": "Polygon",
        "coordinates": [
          [
            [
              17.386081081081084,
              78.4861888050627
            ],
            [
              17.386171171171174,
              78.4861888050627
            ],
            [
              17.386171171171174,
              78.48628320759404
            ],
            [
              17.386081081081084,
              78.48628320759404
            ],
            [
              17.386081081081084,
              78.4861888050627
            ]
          ]
        ]
      },
      "properties": {
        "tile_id": 386,
        "score": 0,
        "disease": null,
        "severity": "none",
        "last_seen": null,
        "detection_count": 0,
        "center_lat": 17.38612612612613,
        "center_lng": 78.48623600632837
      }
    },
    {
      "type": "Feature",
      "geometry": {
        "type": "Polygon",
        "coordinates": [
          [
            [
              17.386081081081084,
              78.48628320759404
            ],
            [
              17.386171171171174,
              78.48628320759404
            ],
            [
              17.386171171171174,
              78.48637761012539
            ],
            [
              17.386081081081084,
              78.48637761012539
            ],
            [
              17.386081081081084,
              78.48628320759404
            ]
          ]
        ]
      },
      "properties": {
        "tile_id": 387,
        "score": 0,
        "disease": null,
        "severity": "none",
        "last_seen": null,
        "detection_count": 0,
        "center_lat": 17.38612612612613,
        "center_lng": 78.48633040885971
      }
    },
    {
      "type": "Feature",
      "geometry": {
        "type": "Polygon",
        "coordinates": [
          [
            [
              17.386081081081084,
              78.48637761012539
            ],
            [
              17.386171171171174,
              78.48637761012539
            ],
            [
              17.386171171171174,
              78.48647201265673
            ],
            [
              17.386081081081084,
              78.48647201265673
            ],
            [
              17.386081081081084,
              78.48637761012539
            ]
          ]
        ]
      },
      "properties": {
        "tile_id": 388,
        "score": 0,
        "disease": null,
        "severity": "none",
        "last_seen": null,
        "detection_count": 0,
        "center_lat": 17.38612612612613,
        "center_lng": 78.48642481139106
      }
    },
    {
      "type": "Feature",
      "geometry": {
        "type": "Polygon",
        "coordinates": [
          [
            [
              17.386081081081084,
              78.48647201265673
            ],
            [
              17.386171171171174,
              78.48647201265673
            ],
            [
              17.386171171171174,
              78.48656641518808
            ],
            [
              17.386081081081084,
              78.48656641518808
            ],
            [
              17.386081081081084,
              78.48647201265673
            ]
          ]
        ]
      },
      "properties": {
        "tile_id": 389,
        "score": 0,
        "disease": null,
        "severity": "none",
        "last_seen": null,
        "detection_count": 0,
        "center_lat": 17.38612612612613,
        "center_lng": 78.4865192139224
      }
    },
    {
      "type": "Feature",
      "geometry": {
        "type": "Polygon",
        "coordinates": [
          [
            [
              17.386081081081084,
              78.48656641518808
            ],
            [
              17.386171171171174,
              78.48656641518808
            ],
            [
              17.386171171171174,
              78.48666081771943
            ],
            [
              17.386081081081084,
              78.48666081771943
            ],
            [
              17.386081081081084,
              78.48656641518808
            ]
          ]
        ]
      },
      "properties": {
        "tile_id": 390,
        "score": 0,
        "disease": null,
        "severity": "none",
        "last_seen": null,
        "detection_count": 0,
        "center_lat": 17.38612612612613,
        "center_lng": 78.48661361645375
      }
    },
    {
      "type": "Feature",
      "geometry": {
        "type": "Polygon",
        "coordinates": [
          [
            [
              17.386081081081084,
              78.48666081771943
            ],
            [
              17.386171171171174,
              78.48666081771943
            ],
            [
              17.386171171171174,
              78.48675522025077
            ],
            [
              17.386081081081084,
              78.48675522025077
            ],
            [
              17.386081081081084,
              78.48666081771943
            ]
          ]
        ]
      },
      "properties": {
        "tile_id": 391,
        "score": 0,
        "disease": null,
        "severity": "none",
        "last_seen": null,
        "detection_count": 0,
        "center_lat": 17.38612612612613,
        "center_lng": 78.4867080189851
      }
    },
    {
      "type": "Feature",
      "geometry": {
        "type": "Polygon",
        "coordinates": [
          [
            [
              17.386081081081084,
              78.48675522025077
            ],
            [
              17.386171171171174,
              78.48675522025077
            ],
            [
              17.386171171171174,
              78.48684962278212
            ],
            [
              17.386081081081084,
              78.48684962278212
            ],
            [
              17.386081081081084,
              78.48675522025077
            ]
          ]
        ]
      },
      "properties": {
        "tile_id": 392,
        "score": 0,
        "disease": null,
        "severity": "none",
        "last_seen": null,
        "detection_count": 0,
        "center_lat": 17.38612612612613,
        "center_lng": 78.48680242151644
      }
    },
    {
      "type": "Feature",
      "geometry": {
        "type": "Polygon",
        "coordinates": [
          [
            [
              17.386081081081084,
              78.48684962278212
            ],
            [
              17.386171171171174,
              78.48684962278212
            ],
            [
              17.386171171171174,
              78.48694402531346
            ],
            [
              17.386081081081084,
              78.48694402531346
            ],
            [
              17.386081081081084,
              78.48684962278212
            ]
          ]
        ]
      },
      "properties": {
        "tile_id": 393,
        "score": 0,
        "disease": null,
        "severity": "none",
        "last_seen": null,
        "detection_count": 0,
        "center_lat": 17.38612612612613,
        "center_lng": 78.48689682404779
      }
    },
    {
      "type": "Feature",
      "geometry": {
        "type": "Polygon",
        "coordinates": [
          [
            [
              17.386081081081084,
              78.48694402531346
            ],
            [
              17.386171171171174,
              78.48694402531346
            ],
            [
              17.386171171171174,
              78.48703842784481
            ],
            [
              17.386081081081084,
              78.48703842784481
            ],
            [
              17.386081081081084,
              78.48694402531346
            ]
          ]
        ]
      },
      "properties": {
        "tile_id": 394,
        "score": 0,
        "disease": null,
        "severity": "none",
        "last_seen": null,
        "detection_count": 0,
        "center_lat": 17.38612612612613,
        "center_lng": 78.48699122657914
      }
    },
    {
      "type": "Feature",
      "geometry": {
        "type": "Polygon",
        "coordinates": [
          [
            [
              17.386081081081084,
              78.48703842784481
            ],
            [
              17.386171171171174,
              78.48703842784481
            ],
            [
              17.386171171171174,
              78.48713283037615
            ],
            [
              17.386081081081084,
              78.48713283037615
            ],
            [
              17.386081081081084,
              78.48703842784481
            ]
          ]
        ]
      },
      "properties": {
        "tile_id": 395,
        "score": 0,
        "disease": null,
        "severity": "none",
        "last_seen": null,
        "detection_count": 0,
        "center_lat": 17.38612612612613,
        "center_lng": 78.48708562911048
      }
    },
    {
      "type": "Feature",
      "geometry": {
        "type": "Polygon",
        "coordinates": [
          [
            [
              17.386081081081084,
              78.48713283037615
            ],
            [
              17.386171171171174,
              78.48713283037615
            ],
            [
              17.386171171171174,
              78.4872272329075
            ],
            [
              17.386081081081084,
              78.4872272329075
            ],
            [
              17.386081081081084,
              78.48713283037615
            ]
          ]
        ]
      },
      "properties": {
        "tile_id": 396,
        "score": 0,
        "disease": null,
        "severity": "none",
        "last_seen": null,
        "detection_count": 0,
        "center_lat": 17.38612612612613,
        "center_lng": 78.48718003164183
      }
    },
    {
      "type": "Feature",
      "geometry": {
        "type": "Polygon",
        "coordinates": [
          [
            [
              17.386081081081084,
              78.4872272329075
            ],
            [
              17.386171171171174,
              78.4872272329075
            ],
            [
              17.386171171171174,
              78.48732163543885
            ],
            [
              17.386081081081084,
              78.48732163543885
            ],
            [
              17.386081081081084,
              78.4872272329075
            ]
          ]
        ]
      },
      "properties": {
        "tile_id": 397,
        "score": 0,
        "disease": null,
        "severity": "none",
        "last_seen": null,
        "detection_count": 0,
        "center_lat": 17.38612612612613,
        "center_lng": 78.48727443417317
      }
    },
    {
      "type": "Feature",
      "geometry": {
        "type": "Polygon",
        "coordinates": [
          [
            [
              17.386081081081084,
              78.48732163543885
            ],
            [
              17.386171171171174,
              78.48732163543885
            ],
            [
              17.386171171171174,
              78.48741603797019
            ],
            [
              17.386081081081084,
              78.48741603797019
            ],
            [
              17.386081081081084,
              78.48732163543885
            ]
          ]
        ]
      },
      "properties": {
        "tile_id": 398,
        "score": 0,
        "disease": null,
        "severity": "none",
        "last_seen": null,
        "detection_count": 0,
        "center_lat": 17.38612612612613,
        "center_lng": 78.48736883670452
      }
    },
    {
      "type": "Feature",
      "geometry": {
        "type": "Polygon",
        "coordinates": [
          [
            [
              17.386081081081084,
              78.48741603797019
            ],
            [
              17.386171171171174,
              78.48741603797019
            ],
            [
              17.386171171171174,
              78.48751044050154
            ],
            [
              17.386081081081084,
              78.48751044050154
            ],
            [
              17.386081081081084,
              78.48741603797019
            ]
          ]
        ]
      },
      "properties": {
        "tile_id": 399,
        "score": 0,
        "disease": null,
        "severity": "none",
        "last_seen": null,
        "detection_count": 0,
        "center_lat": 17.38612612612613,
        "center_lng": 78.48746323923586
      }
    },
    {
      "type": "Feature",
      "geometry": {
        "type": "Polygon",
        "coordinates": [
          [
            [
              17.386081081081084,
              78.48751044050154
            ],
            [
              17.386171171171174,
              78.48751044050154
            ],
            [
              17.386171171171174,
              78.48760484303288
            ],
            [
              17.386081081081084,
              78.48760484303288
            ],
            [
              17.386081081081084,
              78.48751044050154
            ]
          ]
        ]
      },
      "properties": {
        "tile_id": 400,
        "score": 0,
        "disease": null,
        "severity": "none",
        "last_seen": null,
        "detection_count": 0,
        "center_lat": 17.38612612612613,
        "center_lng": 78.48755764176721
      }
    },
    {
      "type": "Feature",
      "geometry": {
        "type": "Polygon",
        "coordinates": [
          [
            [
              17.386081081081084,
              78.48760484303288
            ],
            [
              17.386171171171174,
              78.48760484303288
            ],
            [
              17.386171171171174,
              78.48769924556423
            ],
            [
              17.386081081081084,
              78.48769924556423
            ],
            [
              17.386081081081084,
              78.48760484303288
            ]
          ]
        ]
      },
      "properties": {
        "tile_id": 401,
        "score": 0,
        "disease": null,
        "severity": "none",
        "last_seen": null,
        "detection_count": 0,
        "center_lat": 17.38612612612613,
        "center_lng": 78.48765204429856
      }
    },
    {
      "type": "Feature",
      "geometry": {
        "type": "Polygon",
        "coordinates": [
          [
            [
              17.386081081081084,
              78.48769924556423
            ],
            [
              17.386171171171174,
              78.48769924556423
            ],
            [
              17.386171171171174,
              78.48779364809558
            ],
            [
              17.386081081081084,
              78.48779364809558
            ],
            [
              17.386081081081084,
              78.48769924556423
            ]
          ]
        ]
      },
      "properties": {
        "tile_id": 402,
        "score": 0,
        "disease": null,
        "severity": "none",
        "last_seen": null,
        "detection_count": 0,
        "center_lat": 17.38612612612613,
        "center_lng": 78.4877464468299
      }
    },
    {
      "type": "Feature",
      "geometry": {
        "type": "Polygon",
        "coordinates": [
          [
            [
              17.386081081081084,
              78.48779364809558
            ],
            [
              17.386171171171174,
              78.48779364809558
            ],
            [
              17.386171171171174,
              78.48788805062692
            ],
            [
              17.386081081081084,
              78.48788805062692
            ],
            [
              17.386081081081084,
              78.48779364809558
            ]
          ]
        ]
      },
      "properties": {
        "tile_id": 403,
        "score": 0,
        "disease": null,
        "severity": "none",
        "last_seen": null,
        "detection_count": 0,
        "center_lat": 17.38612612612613,
        "center_lng": 78.48784084936125
      }
    },
    {
      "type": "Feature",
      "geometry": {
        "type": "Polygon",
        "coordinates": [
          [
            [
              17.386081081081084,
              78.48788805062692
            ],
            [
              17.386171171171174,
              78.48788805062692
            ],
            [
              17.386171171171174,
              78.48798245315827
            ],
            [
              17.386081081081084,
              78.48798245315827
            ],
            [
              17.386081081081084,
              78.48788805062692
            ]
          ]
        ]
      },
      "properties": {
        "tile_id": 404,
        "score": 0,
        "disease": null,
        "severity": "none",
        "last_seen": null,
        "detection_count": 0,
        "center_lat": 17.38612612612613,
        "center_lng": 78.4879352518926
      }
    },
    {
      "type": "Feature",
      "geometry": {
        "type": "Polygon",
        "coordinates": [
          [
            [
              17.386081081081084,
              78.48798245315827
            ],
            [
              17.386171171171174,
              78.48798245315827
            ],
            [
              17.386171171171174,
              78.48807685568961
            ],
            [
              17.386081081081084,
              78.48807685568961
            ],
            [
              17.386081081081084,
              78.48798245315827
            ]
          ]
        ]
      },
      "properties": {
        "tile_id": 405,
        "score": 0,
        "disease": null,
        "severity": "none",
        "last_seen": null,
        "detection_count": 0,
        "center_lat": 17.38612612612613,
        "center_lng": 78.48802965442394
      }
    },
    {
      "type": "Feature",
      "geometry": {
        "type": "Polygon",
        "coordinates": [
          [
            [
              17.386081081081084,
              78.48807685568961
            ],
            [
              17.386171171171174,
              78.48807685568961
            ],
            [
              17.386171171171174,
              78.48817125822096
            ],
            [
              17.386081081081084,
              78.48817125822096
            ],
            [
              17.386081081081084,
              78.48807685568961
            ]
          ]
        ]
      },
      "properties": {
        "tile_id": 406,
        "score": 0,
        "disease": null,
        "severity": "none",
        "last_seen": null,
        "detection_count": 0,
        "center_lat": 17.38612612612613,
        "center_lng": 78.48812405695529
      }
    },
    {
      "type": "Feature",
      "geometry": {
        "type": "Polygon",
        "coordinates": [
          [
            [
              17.386081081081084,
              78.48817125822096
            ],
            [
              17.386171171171174,
              78.48817125822096
            ],
            [
              17.386171171171174,
              78.4882656607523
            ],
            [
              17.386081081081084,
              78.4882656607523
            ],
            [
              17.386081081081084,
              78.48817125822096
            ]
          ]
        ]
      },
      "properties": {
        "tile_id": 407,
        "score": 0,
        "disease": null,
        "severity": "none",
        "last_seen": null,
        "detection_count": 0,
        "center_lat": 17.38612612612613,
        "center_lng": 78.48821845948663
      }
    },
    {
      "type": "Feature",
      "geometry": {
        "type": "Polygon",
        "coordinates": [
          [
            [
              17.386081081081084,
              78.4882656607523
            ],
            [
              17.386171171171174,
              78.4882656607523
            ],
            [
              17.386171171171174,
              78.48836006328365
            ],
            [
              17.386081081081084,
              78.48836006328365
            ],
            [
              17.386081081081084,
              78.4882656607523
            ]
          ]
        ]
      },
      "properties": {
        "tile_id": 408,
        "score": 0,
        "disease": null,
        "severity": "none",
        "last_seen": null,
        "detection_count": 0,
        "center_lat": 17.38612612612613,
        "center_lng": 78.48831286201798
      }
    },
    {
      "type": "Feature",
      "geometry": {
        "type": "Polygon",
        "coordinates": [
          [
            [
              17.386081081081084,
              78.48836006328365
            ],
            [
              17.386171171171174,
              78.48836006328365
            ],
            [
              17.386171171171174,
              78.488454465815
            ],
            [
              17.386081081081084,
              78.488454465815
            ],
            [
              17.386081081081084,
              78.48836006328365
            ]
          ]
        ]
      },
      "properties": {
        "tile_id": 409,
        "score": 0,
        "disease": null,
        "severity": "none",
        "last_seen": null,
        "detection_count": 0,
        "center_lat": 17.38612612612613,
        "center_lng": 78.48840726454932
      }
    },
    {
      "type": "Feature",
      "geometry": {
        "type": "Polygon",
        "coordinates": [
          [
            [
              17.386081081081084,
              78.488454465815
            ],
            [
              17.386171171171174,
              78.488454465815
            ],
            [
              17.386171171171174,
              78.48854886834634
            ],
            [
              17.386081081081084,
              78.48854886834634
            ],
            [
              17.386081081081084,
              78.488454465815
            ]
          ]
        ]
      },
      "properties": {
        "tile_id": 410,
        "score": 0,
        "disease": null,
        "severity": "none",
        "last_seen": null,
        "detection_count": 0,
        "center_lat": 17.38612612612613,
        "center_lng": 78.48850166708067
      }
    },
    {
      "type": "Feature",
      "geometry": {
        "type": "Polygon",
        "coordinates": [
          [
            [
              17.386081081081084,
              78.48854886834634
            ],
            [
              17.386171171171174,
              78.48854886834634
            ],
            [
              17.386171171171174,
              78.48864327087769
            ],
            [
              17.386081081081084,
              78.48864327087769
            ],
            [
              17.386081081081084,
              78.48854886834634
            ]
          ]
        ]
      },
      "properties": {
        "tile_id": 411,
        "score": 0,
        "disease": null,
        "severity": "none",
        "last_seen": null,
        "detection_count": 0,
        "center_lat": 17.38612612612613,
        "center_lng": 78.48859606961202
      }
    },
    {
      "type": "Feature",
      "geometry": {
        "type": "Polygon",
        "coordinates": [
          [
            [
              17.386081081081084,
              78.48864327087769
            ],
            [
              17.386171171171174,
              78.48864327087769
            ],
            [
              17.386171171171174,
              78.48873767340903
            ],
            [
              17.386081081081084,
              78.48873767340903
            ],
            [
              17.386081081081084,
              78.48864327087769
            ]
          ]
        ]
      },
      "properties": {
        "tile_id": 412,
        "score": 0,
        "disease": null,
        "severity": "none",
        "last_seen": null,
        "detection_count": 0,
        "center_lat": 17.38612612612613,
        "center_lng": 78.48869047214336
      }
    },
    {
      "type": "Feature",
      "geometry": {
        "type": "Polygon",
        "coordinates": [
          [
            [
              17.386081081081084,
              78.48873767340903
            ],
            [
              17.386171171171174,
              78.48873767340903
            ],
            [
              17.386171171171174,
              78.48883207594038
            ],
            [
              17.386081081081084,
              78.48883207594038
            ],
            [
              17.386081081081084,
              78.48873767340903
            ]
          ]
        ]
      },
      "properties": {
        "tile_id": 413,
        "score": 0,
        "disease": null,
        "severity": "none",
        "last_seen": null,
        "detection_count": 0,
        "center_lat": 17.38612612612613,
        "center_lng": 78.4887848746747
      }
    },
    {
      "type": "Feature",
      "geometry": {
        "type": "Polygon",
        "coordinates": [
          [
            [
              17.386081081081084,
              78.48883207594038
            ],
            [
              17.386171171171174,
              78.48883207594038
            ],
            [
              17.386171171171174,
              78.48892647847173
            ],
            [
              17.386081081081084,
              78.48892647847173
            ],
            [
              17.386081081081084,
              78.48883207594038
            ]
          ]
        ]
      },
      "properties": {
        "tile_id": 414,
        "score": 0,
        "disease": null,
        "severity": "none",
        "last_seen": null,
        "detection_count": 0,
        "center_lat": 17.38612612612613,
        "center_lng": 78.48887927720605
      }
    },
    {
      "type": "Feature",
      "geometry": {
        "type": "Polygon",
        "coordinates": [
          [
            [
              17.386081081081084,
              78.48892647847173
            ],
            [
              17.386171171171174,
              78.48892647847173
            ],
            [
              17.386171171171174,
              78.48902088100307
            ],
            [
              17.386081081081084,
              78.48902088100307
            ],
            [
              17.386081081081084,
              78.48892647847173
            ]
          ]
        ]
      },
      "properties": {
        "tile_id": 415,
        "score": 0,
        "disease": null,
        "severity": "none",
        "last_seen": null,
        "detection_count": 0,
        "center_lat": 17.38612612612613,
        "center_lng": 78.4889736797374
      }
    },
    {
      "type": "Feature",
      "geometry": {
        "type": "Polygon",
        "coordinates": [
          [
            [
              17.386171171171174,
              78.486
            ],
            [
              17.386261261261264,
              78.486
            ],
            [
              17.386261261261264,
              78.48609440253135
            ],
            [
              17.386171171171174,
              78.48609440253135
            ],
            [
              17.386171171171174,
              78.486
            ]
          ]
        ]
      },
      "properties": {
        "tile_id": 416,
        "score": 0,
        "disease": null,
        "severity": "none",
        "last_seen": null,
        "detection_count": 0,
        "center_lat": 17.38621621621622,
        "center_lng": 78.48604720126568
      }
    },
    {
      "type": "Feature",
      "geometry": {
        "type": "Polygon",
        "coordinates": [
          [
            [
              17.386171171171174,
              78.48609440253135
            ],
            [
              17.386261261261264,
              78.48609440253135
            ],
            [
              17.386261261261264,
              78.4861888050627
            ],
            [
              17.386171171171174,
              78.4861888050627
            ],
            [
              17.386171171171174,
              78.48609440253135
            ]
          ]
        ]
      },
      "properties": {
        "tile_id": 417,
        "score": 0,
        "disease": null,
        "severity": "none",
        "last_seen": null,
        "detection_count": 0,
        "center_lat": 17.38621621621622,
        "center_lng": 78.48614160379702
      }
    },
    {
      "type": "Feature",
      "geometry": {
        "type": "Polygon",
        "coordinates": [
          [
            [
              17.386171171171174,
              78.4861888050627
            ],
            [
              17.386261261261264,
              78.4861888050627
            ],
            [
              17.386261261261264,
              78.48628320759404
            ],
            [
              17.386171171171174,
              78.48628320759404
            ],
            [
              17.386171171171174,
              78.4861888050627
            ]
          ]
        ]
      },
      "properties": {
        "tile_id": 418,
        "score": 0,
        "disease": null,
        "severity": "none",
        "last_seen": null,
        "detection_count": 0,
        "center_lat": 17.38621621621622,
        "center_lng": 78.48623600632837
      }
    },
    {
      "type": "Feature",
      "geometry": {
        "type": "Polygon",
        "coordinates": [
          [
            [
              17.386171171171174,
              78.48628320759404
            ],
            [
              17.386261261261264,
              78.48628320759404
            ],
            [
              17.386261261261264,
              78.48637761012539
            ],
            [
              17.386171171171174,
              78.48637761012539
            ],
            [
              17.386171171171174,
              78.48628320759404
            ]
          ]
        ]
      },
      "properties": {
        "tile_id": 419,
        "score": 0,
        "disease": null,
        "severity": "none",
        "last_seen": null,
        "detection_count": 0,
        "center_lat": 17.38621621621622,
        "center_lng": 78.48633040885971
      }
    },
    {
      "type": "Feature",
      "geometry": {
        "type": "Polygon",
        "coordinates": [
          [
            [
              17.386171171171174,
              78.48637761012539
            ],
            [
              17.386261261261264,
              78.48637761012539
            ],
            [
              17.386261261261264,
              78.48647201265673
            ],
            [
              17.386171171171174,
              78.48647201265673
            ],
            [
              17.386171171171174,
              78.48637761012539
            ]
          ]
        ]
      },
      "properties": {
        "tile_id": 420,
        "score": 0,
        "disease": null,
        "severity": "none",
        "last_seen": null,
        "detection_count": 0,
        "center_lat": 17.38621621621622,
        "center_lng": 78.48642481139106
      }
    },
    {
      "type": "Feature",
      "geometry": {
        "type": "Polygon",
        "coordinates": [
          [
            [
              17.386171171171174,
              78.48647201265673
            ],
            [
              17.386261261261264,
              78.48647201265673
            ],
            [
              17.386261261261264,
              78.48656641518808
            ],
            [
              17.386171171171174,
              78.48656641518808
            ],
            [
              17.386171171171174,
              78.48647201265673
            ]
          ]
        ]
      },
      "properties": {
        "tile_id": 421,
        "score": 0,
        "disease": null,
        "severity": "none",
        "last_seen": null,
        "detection_count": 0,
        "center_lat": 17.38621621621622,
        "center_lng": 78.4865192139224
      }
    },
    {
      "type": "Feature",
      "geometry": {
        "type": "Polygon",
        "coordinates": [
          [
            [
              17.386171171171174,
              78.48656641518808
            ],
            [
              17.386261261261264,
              78.48656641518808
            ],
            [
              17.386261261261264,
              78.48666081771943
            ],
            [
              17.386171171171174,
              78.48666081771943
            ],
            [
              17.386171171171174,
              78.48656641518808
            ]
          ]
        ]
      },
      "properties": {
        "tile_id": 422,
        "score": 0,
        "disease": null,
        "severity": "none",
        "last_seen": null,
        "detection_count": 0,
        "center_lat": 17.38621621621622,
        "center_lng": 78.48661361645375
      }
    },
    {
      "type": "Feature",
      "geometry": {
        "type": "Polygon",
        "coordinates": [
          [
            [
              17.386171171171174,
              78.48666081771943
            ],
            [
              17.386261261261264,
              78.48666081771943
            ],
            [
              17.386261261261264,
              78.48675522025077
            ],
            [
              17.386171171171174,
              78.48675522025077
            ],
            [
              17.386171171171174,
              78.48666081771943
            ]
          ]
        ]
      },
      "properties": {
        "tile_id": 423,
        "score": 0,
        "disease": null,
        "severity": "none",
        "last_seen": null,
        "detection_count": 0,
        "center_lat": 17.38621621621622,
        "center_lng": 78.4867080189851
      }
    },
    {
      "type": "Feature",
      "geometry": {
        "type": "Polygon",
        "coordinates": [
          [
            [
              17.386171171171174,
              78.48675522025077
            ],
            [
              17.386261261261264,
              78.48675522025077
            ],
            [
              17.386261261261264,
              78.48684962278212
            ],
            [
              17.386171171171174,
              78.48684962278212
            ],
            [
              17.386171171171174,
              78.48675522025077
            ]
          ]
        ]
      },
      "properties": {
        "tile_id": 424,
        "score": 0,
        "disease": null,
        "severity": "none",
        "last_seen": null,
        "detection_count": 0,
        "center_lat": 17.38621621621622,
        "center_lng": 78.48680242151644
      }
    },
    {
      "type": "Feature",
      "geometry": {
        "type": "Polygon",
        "coordinates": [
          [
            [
              17.386171171171174,
              78.48684962278212
            ],
            [
              17.386261261261264,
              78.48684962278212
            ],
            [
              17.386261261261264,
              78.48694402531346
            ],
            [
              17.386171171171174,
              78.48694402531346
            ],
            [
              17.386171171171174,
              78.48684962278212
            ]
          ]
        ]
      },
      "properties": {
        "tile_id": 425,
        "score": 0,
        "disease": null,
        "severity": "none",
        "last_seen": null,
        "detection_count": 0,
        "center_lat": 17.38621621621622,
        "center_lng": 78.48689682404779
      }
    },
    {
      "type": "Feature",
      "geometry": {
        "type": "Polygon",
        "coordinates": [
          [
            [
              17.386171171171174,
              78.48694402531346
            ],
            [
              17.386261261261264,
              78.48694402531346
            ],
            [
              17.386261261261264,
              78.48703842784481
            ],
            [
              17.386171171171174,
              78.48703842784481
            ],
            [
              17.386171171171174,
              78.48694402531346
            ]
          ]
        ]
      },
      "properties": {
        "tile_id": 426,
        "score": 0,
        "disease": null,
        "severity": "none",
        "last_seen": null,
        "detection_count": 0,
        "center_lat": 17.38621621621622,
        "center_lng": 78.48699122657914
      }
    },
    {
      "type": "Feature",
      "geometry": {
        "type": "Polygon",
        "coordinates": [
          [
            [
              17.386171171171174,
              78.48703842784481
            ],
            [
              17.386261261261264,
              78.48703842784481
            ],
            [
              17.386261261261264,
              78.48713283037615
            ],
            [
              17.386171171171174,
              78.48713283037615
            ],
            [
              17.386171171171174,
              78.48703842784481
            ]
          ]
        ]
      },
      "properties": {
        "tile_id": 427,
        "score": 0,
        "disease": null,
        "severity": "none",
        "last_seen": null,
        "detection_count": 0,
        "center_lat": 17.38621621621622,
        "center_lng": 78.48708562911048
      }
    },
    {
      "type": "Feature",
      "geometry": {
        "type": "Polygon",
        "coordinates": [
          [
            [
              17.386171171171174,
              78.48713283037615
            ],
            [
              17.386261261261264,
              78.48713283037615
            ],
            [
              17.386261261261264,
              78.4872272329075
            ],
            [
              17.386171171171174,
              78.4872272329075
            ],
            [
              17.386171171171174,
              78.48713283037615
            ]
          ]
        ]
      },
      "properties": {
        "tile_id": 428,
        "score": 0,
        "disease": null,
        "severity": "none",
        "last_seen": null,
        "detection_count": 0,
        "center_lat": 17.38621621621622,
        "center_lng": 78.48718003164183
      }
    },
    {
      "type": "Feature",
      "geometry": {
        "type": "Polygon",
        "coordinates": [
          [
            [
              17.386171171171174,
              78.4872272329075
            ],
            [
              17.386261261261264,
              78.4872272329075
            ],
            [
              17.386261261261264,
              78.48732163543885
            ],
            [
              17.386171171171174,
              78.48732163543885
            ],
            [
              17.386171171171174,
              78.4872272329075
            ]
          ]
        ]
      },
      "properties": {
        "tile_id": 429,
        "score": 0,
        "disease": null,
        "severity": "none",
        "last_seen": null,
        "detection_count": 0,
        "center_lat": 17.38621621621622,
        "center_lng": 78.48727443417317
      }
    },
    {
      "type": "Feature",
      "geometry": {
        "type": "Polygon",
        "coordinates": [
          [
            [
              17.386171171171174,
              78.48732163543885
            ],
            [
              17.386261261261264,
              78.48732163543885
            ],
            [
              17.386261261261264,
              78.48741603797019
            ],
            [
              17.386171171171174,
              78.48741603797019
            ],
            [
              17.386171171171174,
              78.48732163543885
            ]
          ]
        ]
      },
      "properties": {
        "tile_id": 430,
        "score": 0,
        "disease": null,
        "severity": "none",
        "last_seen": null,
        "detection_count": 0,
        "center_lat": 17.38621621621622,
        "center_lng": 78.48736883670452
      }
    },
    {
      "type": "Feature",
      "geometry": {
        "type": "Polygon",
        "coordinates": [
          [
            [
              17.386171171171174,
              78.48741603797019
            ],
            [
              17.386261261261264,
              78.48741603797019
            ],
            [
              17.386261261261264,
              78.48751044050154
            ],
            [
              17.386171171171174,
              78.48751044050154
            ],
            [
              17.386171171171174,
              78.48741603797019
            ]
          ]
        ]
      },
      "properties": {
        "tile_id": 431,
        "score": 8,
        "disease": "brown_spot",
        "severity": "mild",
        "last_seen": "2026-02-14T10:02:00.000Z",
        "detection_count": 1,
        "center_lat": 17.38621621621622,
        "center_lng": 78.48746323923586
      }
    },
    {
      "type": "Feature",
      "geometry": {
        "type": "Polygon",
        "coordinates": [
          [
            [
              17.386171171171174,
              78.48751044050154
            ],
            [
              17.386261261261264,
              78.48751044050154
            ],
            [
              17.386261261261264,
              78.48760484303288
            ],
            [
              17.386171171171174,
              78.48760484303288
            ],
            [
              17.386171171171174,
              78.48751044050154
            ]
          ]
        ]
      },
      "properties": {
        "tile_id": 432,
        "score": 0,
        "disease": null,
        "severity": "none",
        "last_seen": null,
        "detection_count": 0,
        "center_lat": 17.38621621621622,
        "center_lng": 78.48755764176721
      }
    },
    {
      "type": "Feature",
      "geometry": {
        "type": "Polygon",
        "coordinates": [
          [
            [
              17.386171171171174,
              78.48760484303288
            ],
            [
              17.386261261261264,
              78.48760484303288
            ],
            [
              17.386261261261264,
              78.48769924556423
            ],
            [
              17.386171171171174,
              78.48769924556423
            ],
            [
              17.386171171171174,
              78.48760484303288
            ]
          ]
        ]
      },
      "properties": {
        "tile_id": 433,
        "score": 0,
        "disease": null,
        "severity": "none",
        "last_seen": null,
        "detection_count": 0,
        "center_lat": 17.38621621621622,
        "center_lng": 78.48765204429856
      }
    },
    {
      "type": "Feature",
      "geometry": {
        "type": "Polygon",
        "coordinates": [
          [
            [
              17.386171171171174,
              78.48769924556423
            ],
            [
              17.386261261261264,
              78.48769924556423
            ],
            [
              17.386261261261264,
              78.48779364809558
            ],
            [
              17.386171171171174,
              78.48779364809558
            ],
            [
              17.386171171171174,
              78.48769924556423
            ]
          ]
        ]
      },
      "properties": {
        "tile_id": 434,
        "score": 0,
        "disease": null,
        "severity": "none",
        "last_seen": null,
        "detection_count": 0,
        "center_lat": 17.38621621621622,
        "center_lng": 78.4877464468299
      }
    },
    {
      "type": "Feature",
      "geometry": {
        "type": "Polygon",
        "coordinates": [
          [
            [
              17.386171171171174,
              78.48779364809558
            ],
            [
              17.386261261261264,
              78.48779364809558
            ],
            [
              17.386261261261264,
              78.48788805062692
            ],
            [
              17.386171171171174,
              78.48788805062692
            ],
            [
              17.386171171171174,
              78.48779364809558
            ]
          ]
        ]
      },
      "properties": {
        "tile_id": 435,
        "score": 0,
        "disease": null,
        "severity": "none",
        "last_seen": null,
        "detection_count": 0,
        "center_lat": 17.38621621621622,
        "center_lng": 78.48784084936125
      }
    },
    {
      "type": "Feature",
      "geometry": {
        "type": "Polygon",
        "coordinates": [
          [
            [
              17.386171171171174,
              78.48788805062692
            ],
            [
              17.386261261261264,
              78.48788805062692
            ],
            [
              17.386261261261264,
              78.48798245315827
            ],
            [
              17.386171171171174,
              78.48798245315827
            ],
            [
              17.386171171171174,
              78.48788805062692
            ]
          ]
        ]
      },
      "properties": {
        "tile_id": 436,
        "score": 0,
        "disease": null,
        "severity": "none",
        "last_seen": null,
        "detection_count": 0,
        "center_lat": 17.38621621621622,
        "center_lng": 78.4879352518926
      }
    },
    {
      "type": "Feature",
      "geometry": {
        "type": "Polygon",
        "coordinates": [
          [
            [
              17.386171171171174,
              78.48798245315827
            ],
            [
              17.386261261261264,
              78.48798245315827
            ],
            [
              17.386261261261264,
              78.48807685568961
            ],
            [
              17.386171171171174,
              78.48807685568961
            ],
            [
              17.386171171171174,
              78.48798245315827
            ]
          ]
        ]
      },
      "properties": {
        "tile_id": 437,
        "score": 0,
        "disease": null,
        "severity": "none",
        "last_seen": null,
        "detection_count": 0,
        "center_lat": 17.38621621621622,
        "center_lng": 78.48802965442394
      }
    },
    {
      "type": "Feature",
      "geometry": {
        "type": "Polygon",
        "coordinates": [
          [
            [
              17.386171171171174,
              78.48807685568961
            ],
            [
              17.386261261261264,
              78.48807685568961
            ],
            [
              17.386261261261264,
              78.48817125822096
            ],
            [
              17.386171171171174,
              78.48817125822096
            ],
            [
              17.386171171171174,
              78.48807685568961
            ]
          ]
        ]
      },
      "properties": {
        "tile_id": 438,
        "score": 0,
        "disease": null,
        "severity": "none",
        "last_seen": null,
        "detection_count": 0,
        "center_lat": 17.38621621621622,
        "center_lng": 78.48812405695529
      }
    },
    {
      "type": "Feature",
      "geometry": {
        "type": "Polygon",
        "coordinates": [
          [
            [
              17.386171171171174,
              78.48817125822096
            ],
            [
              17.386261261261264,
              78.48817125822096
            ],
            [
              17.386261261261264,
              78.4882656607523
            ],
            [
              17.386171171171174,
              78.4882656607523
            ],
            [
              17.386171171171174,
              78.48817125822096
            ]
          ]
        ]
      },
      "properties": {
        "tile_id": 439,
        "score": 0,
        "disease": null,
        "severity": "none",
        "last_seen": null,
        "detection_count": 0,
        "center_lat": 17.38621621621622,
        "center_lng": 78.48821845948663
      }
    },
    {
      "type": "Feature",
      "geometry": {
        "type": "Polygon",
        "coordinates": [
          [
            [
              17.386171171171174,
              78.4882656607523
            ],
            [
              17.386261261261264,
              78.4882656607523
            ],
            [
              17.386261261261264,
              78.48836006328365
            ],
            [
              17.386171171171174,
              78.48836006328365
            ],
            [
              17.386171171171174,
              78.4882656607523
            ]
          ]
        ]
      },
      "properties": {
        "tile_id": 440,
        "score": 0,
        "disease": null,
        "severity": "none",
        "last_seen": null,
        "detection_count": 0,
        "center_lat": 17.38621621621622,
        "center_lng": 78.48831286201798
      }
    },
    {
      "type": "Feature",
      "geometry": {
        "type": "Polygon",
        "coordinates": [
          [
            [
              17.386171171171174,
              78.48836006328365
            ],
            [
              17.386261261261264,
              78.48836006328365
            ],
            [
              17.386261261261264,
              78.488454465815
            ],
            [
              17.386171171171174,
              78.488454465815
            ],
            [
              17.386171171171174,
              78.48836006328365
            ]
          ]
        ]
      },
      "properties": {
        "tile_id": 441,
        "score": 0,
        "disease": null,
        "severity": "none",
        "last_seen": null,
        "detection_count": 0,
        "center_lat": 17.38621621621622,
        "center_lng": 78.48840726454932
      }
    },
    {
      "type": "Feature",
      "geometry": {
        "type": "Polygon",
        "coordinates": [
          [
            [
              17.386171171171174,
              78.488454465815
            ],
            [
              17.386261261261264,
              78.488454465815
            ],
            [
              17.386261261261264,
              78.48854886834634
            ],
            [
              17.386171171171174,
              78.48854886834634
            ],
            [
              17.386171171171174,
              78.488454465815
            ]
          ]
        ]
      },
      "properties": {
        "tile_id": 442,
        "score": 0,
        "disease": null,
        "severity": "none",
        "last_seen": null,
        "detection_count": 0,
        "center_lat": 17.38621621621622,
        "center_lng": 78.48850166708067
      }
    },
    {
      "type": "Feature",
      "geometry": {
        "type": "Polygon",
        "coordinates": [
          [
            [
              17.386171171171174,
              78.48854886834634
            ],
            [
              17.386261261261264,
              78.48854886834634
            ],
            [
              17.386261261261264,
              78.48864327087769
            ],
            [
              17.386171171171174,
              78.48864327087769
            ],
            [
              17.386171171171174,
              78.48854886834634
            ]
          ]
        ]
      },
      "properties": {
        "tile_id": 443,
        "score": 0,
        "disease": null,
        "severity": "none",
        "last_seen": null,
        "detection_count": 0,
        "center_lat": 17.38621621621622,
        "center_lng": 78.48859606961202
      }
    },
    {
      "type": "Feature",
      "geometry": {
        "type": "Polygon",
        "coordinates": [
          [
            [
              17.386171171171174,
              78.48864327087769
            ],
            [
              17.386261261261264,
              78.48864327087769
            ],
            [
              17.386261261261264,
              78.48873767340903
            ],
            [
              17.386171171171174,
              78.48873767340903
            ],
            [
              17.386171171171174,
              78.48864327087769
            ]
          ]
        ]
      },
      "properties": {
        "tile_id": 444,
        "score": 0,
        "disease": null,
        "severity": "none",
        "last_seen": null,
        "detection_count": 0,
        "center_lat": 17.38621621621622,
        "center_lng": 78.48869047214336
      }
    },
    {
      "type": "Feature",
      "geometry": {
        "type": "Polygon",
        "coordinates": [
          [
            [
              17.386171171171174,
              78.48873767340903
            ],
            [
              17.386261261261264,
              78.48873767340903
            ],
            [
              17.386261261261264,
              78.48883207594038
            ],
            [
              17.386171171171174,
              78.48883207594038
            ],
            [
              17.386171171171174,
              78.48873767340903
            ]
          ]
        ]
      },
      "properties": {
        "tile_id": 445,
        "score": 0,
        "disease": null,
        "severity": "none",
        "last_seen": null,
        "detection_count": 0,
        "center_lat": 17.38621621621622,
        "center_lng": 78.4887848746747
      }
    },
    {
      "type": "Feature",
      "geometry": {
        "type": "Polygon",
        "coordinates": [
          [
            [
              17.386171171171174,
              78.48883207594038
            ],
            [
              17.386261261261264,
              78.48883207594038
            ],
            [
              17.386261261261264,
              78.48892647847173
            ],
            [
              17.386171171171174,
              78.48892647847173
            ],
            [
              17.386171171171174,
              78.48883207594038
            ]
          ]
        ]
      },
      "properties": {
        "tile_id": 446,
        "score": 0,
        "disease": null,
        "severity": "none",
        "last_seen": null,
        "detection_count": 0,
        "center_lat": 17.38621621621622,
        "center_lng": 78.48887927720605
      }
    },
    {
      "type": "Feature",
      "geometry": {
        "type": "Polygon",
        "coordinates": [
          [
            [
              17.386171171171174,
              78.48892647847173
            ],
            [
              17.386261261261264,
              78.48892647847173
            ],
            [
              17.386261261261264,
              78.48902088100307
            ],
            [
              17.386171171171174,
              78.48902088100307
            ],
            [
              17.386171171171174,
              78.48892647847173
            ]
          ]
        ]
      },
      "properties": {
        "tile_id": 447,
        "score": 0,
        "disease": null,
        "severity": "none",
        "last_seen": null,
        "detection_count": 0,
        "center_lat": 17.38621621621622,
        "center_lng": 78.4889736797374
      }
    },
    {
      "type": "Feature",
      "geometry": {
        "type": "Polygon",
        "coordinates": [
          [
            [
              17.386261261261264,
              78.486
            ],
            [
              17.386351351351355,
              78.486
            ],
            [
              17.386351351351355,
              78.48609440253135
            ],
            [
              17.386261261261264,
              78.48609440253135
            ],
            [
              17.386261261261264,
              78.486
            ]
          ]
        ]
      },
      "properties": {
        "tile_id": 448,
        "score": 0,
        "disease": null,
        "severity": "none",
        "last_seen": null,
        "detection_count": 0,
        "center_lat": 17.38630630630631,
        "center_lng": 78.48604720126568
      }
    },
    {
      "type": "Feature",
      "geometry": {
        "type": "Polygon",
        "coordinates": [
          [
            [
              17.386261261261264,
              78.48609440253135
            ],
            [
              17.386351351351355,
              78.48609440253135
            ],
            [
              17.386351351351355,
              78.4861888050627
            ],
            [
              17.386261261261264,
              78.4861888050627
            ],
            [
              17.386261261261264,
              78.48609440253135
            ]
          ]
        ]
      },
      "properties": {
        "tile_id": 449,
        "score": 0,
        "disease": null,
        "severity": "none",
        "last_seen": null,
        "detection_count": 0,
        "center_lat": 17.38630630630631,
        "center_lng": 78.48614160379702
      }
    },
    {
      "type": "Feature",
      "geometry": {
        "type": "Polygon",
        "coordinates": [
          [
            [
              17.386261261261264,
              78.4861888050627
            ],
            [
              17.386351351351355,
              78.4861888050627
            ],
            [
              17.386351351351355,
              78.48628320759404
            ],
            [
              17.386261261261264,
              78.48628320759404
            ],
            [
              17.386261261261264,
              78.4861888050627
            ]
          ]
        ]
      },
      "properties": {
        "tile_id": 450,
        "score": 0,
        "disease": null,
        "severity": "none",
        "last_seen": null,
        "detection_count": 0,
        "center_lat": 17.38630630630631,
        "center_lng": 78.48623600632837
      }
    },
    {
      "type": "Feature",
      "geometry": {
        "type": "Polygon",
        "coordinates": [
          [
            [
              17.386261261261264,
              78.48628320759404
            ],
            [
              17.386351351351355,
              78.48628320759404
            ],
            [
              17.386351351351355,
              78.48637761012539
            ],
            [
              17.386261261261264,
              78.48637761012539
            ],
            [
              17.386261261261264,
              78.48628320759404
            ]
          ]
        ]
      },
      "properties": {
        "tile_id": 451,
        "score": 0,
        "disease": null,
        "severity": "none",
        "last_seen": null,
        "detection_count": 0,
        "center_lat": 17.38630630630631,
        "center_lng": 78.48633040885971
      }
    },
    {
      "type": "Feature",
      "geometry": {
        "type": "Polygon",
        "coordinates": [
          [
            [
              17.386261261261264,
              78.48637761012539
            ],
            [
              17.386351351351355,
              78.48637761012539
            ],
            [
              17.386351351351355,
              78.48647201265673
            ],
            [
              17.386261261261264,
              78.48647201265673
            ],
            [
              17.386261261261264,
              78.48637761012539
            ]
          ]
        ]
      },
      "properties": {
        "tile_id": 452,
        "score": 0,
        "disease": null,
        "severity": "none",
        "last_seen": null,
        "detection_count": 0,
        "center_lat": 17.38630630630631,
        "center_lng": 78.48642481139106
      }
    },
    {
      "type": "Feature",
      "geometry": {
        "type": "Polygon",
        "coordinates": [
          [
            [
              17.386261261261264,
              78.48647201265673
            ],
            [
              17.386351351351355,
              78.48647201265673
            ],
            [
              17.386351351351355,
              78.48656641518808
            ],
            [
              17.386261261261264,
              78.48656641518808
            ],
            [
              17.386261261261264,
              78.48647201265673
            ]
          ]
        ]
      },
      "properties": {
        "tile_id": 453,
        "score": 0,
        "disease": null,
        "severity": "none",
        "last_seen": null,
        "detection_count": 0,
        "center_lat": 17.38630630630631,
        "center_lng": 78.4865192139224
      }
    },
    {
      "type": "Feature",
      "geometry": {
        "type": "Polygon",
        "coordinates": [
          [
            [
              17.386261261261264,
              78.48656641518808
            ],
            [
              17.386351351351355,
              78.48656641518808
            ],
            [
              17.386351351351355,
              78.48666081771943
            ],
            [
              17.386261261261264,
              78.48666081771943
            ],
            [
              17.386261261261264,
              78.48656641518808
            ]
          ]
        ]
      },
      "properties": {
        "tile_id": 454,
        "score": 0,
        "disease": null,
        "severity": "none",
        "last_seen": null,
        "detection_count": 0,
        "center_lat": 17.38630630630631,
        "center_lng": 78.48661361645375
      }
    },
    {
      "type": "Feature",
      "geometry": {
        "type": "Polygon",
        "coordinates": [
          [
            [
              17.386261261261264,
              78.48666081771943
            ],
            [
              17.386351351351355,
              78.48666081771943
            ],
            [
              17.386351351351355,
              78.48675522025077
            ],
            [
              17.386261261261264,
              78.48675522025077
            ],
            [
              17.386261261261264,
              78.48666081771943
            ]
          ]
        ]
      },
      "properties": {
        "tile_id": 455,
        "score": 0,
        "disease": null,
        "severity": "none",
        "last_seen": null,
        "detection_count": 0,
        "center_lat": 17.38630630630631,
        "center_lng": 78.4867080189851
      }
    },
    {
      "type": "Feature",
      "geometry": {
        "type": "Polygon",
        "coordinates": [
          [
            [
              17.386261261261264,
              78.48675522025077
            ],
            [
              17.386351351351355,
              78.48675522025077
            ],
            [
              17.386351351351355,
              78.48684962278212
            ],
            [
              17.386261261261264,
              78.48684962278212
            ],
            [
              17.386261261261264,
              78.48675522025077
            ]
          ]
        ]
      },
      "properties": {
        "tile_id": 456,
        "score": 0,
        "disease": null,
        "severity": "none",
        "last_seen": null,
        "detection_count": 0,
        "center_lat": 17.38630630630631,
        "center_lng": 78.48680242151644
      }
    },
    {
      "type": "Feature",
      "geometry": {
        "type": "Polygon",
        "coordinates": [
          [
            [
              17.386261261261264,
              78.48684962278212
            ],
            [
              17.386351351351355,
              78.48684962278212
            ],
            [
              17.386351351351355,
              78.48694402531346
            ],
            [
              17.386261261261264,
              78.48694402531346
            ],
            [
              17.386261261261264,
              78.48684962278212
            ]
          ]
        ]
      },
      "properties": {
        "tile_id": 457,
        "score": 0,
        "disease": null,
        "severity": "none",
        "last_seen": null,
        "detection_count": 0,
        "center_lat": 17.38630630630631,
        "center_lng": 78.48689682404779
      }
    },
    {
      "type": "Feature",
      "geometry": {
        "type": "Polygon",
        "coordinates": [
          [
            [
              17.386261261261264,
              78.48694402531346
            ],
            [
              17.386351351351355,
              78.48694402531346
            ],
            [
              17.386351351351355,
              78.48703842784481
            ],
            [
              17.386261261261264,
              78.48703842784481
            ],
            [
              17.386261261261264,
              78.48694402531346
            ]
          ]
        ]
      },
      "properties": {
        "tile_id": 458,
        "score": 0,
        "disease": null,
        "severity": "none",
        "last_seen": null,
        "detection_count": 0,
        "center_lat": 17.38630630630631,
        "center_lng": 78.48699122657914
      }
    },
    {
      "type": "Feature",
      "geometry": {
        "type": "Polygon",
        "coordinates": [
          [
            [
              17.386261261261264,
              78.48703842784481
            ],
            [
              17.386351351351355,
              78.48703842784481
            ],
            [
              17.386351351351355,
              78.48713283037615
            ],
            [
              17.386261261261264,
              78.48713283037615
            ],
            [
              17.386261261261264,
              78.48703842784481
            ]
          ]
        ]
      },
      "properties": {
        "tile_id": 459,
        "score": 0,
        "disease": null,
        "severity": "none",
        "last_seen": null,
        "detection_count": 0,
        "center_lat": 17.38630630630631,
        "center_lng": 78.48708562911048
      }
    },
    {
      "type": "Feature",
      "geometry": {
        "type": "Polygon",
        "coordinates": [
          [
            [
              17.386261261261264,
              78.48713283037615
            ],
            [
              17.386351351351355,
              78.48713283037615
            ],
            [
              17.386351351351355,
              78.4872272329075
            ],
            [
              17.386261261261264,
              78.4872272329075
            ],
            [
              17.386261261261264,
              78.48713283037615
            ]
          ]
        ]
      },
      "properties": {
        "tile_id": 460,
        "score": 0,
        "disease": null,
        "severity": "none",
        "last_seen": null,
        "detection_count": 0,
        "center_lat": 17.38630630630631,
        "center_lng": 78.48718003164183
      }
    },
    {
      "type": "Feature",
      "geometry": {
        "type": "Polygon",
        "coordinates": [
          [
            [
              17.386261261261264,
              78.4872272329075
            ],
            [
              17.386351351351355,
              78.4872272329075
            ],
            [
              17.386351351351355,
              78.48732163543885
            ],
            [
              17.386261261261264,
              78.48732163543885
            ],
            [
              17.386261261261264,
              78.4872272329075
            ]
          ]
        ]
      },
      "properties": {
        "tile_id": 461,
        "score": 0,
        "disease": null,
        "severity": "none",
        "last_seen": null,
        "detection_count": 0,
        "center_lat": 17.38630630630631,
        "center_lng": 78.48727443417317
      }
    },
    {
      "type": "Feature",
      "geometry": {
        "type": "Polygon",
        "coordinates": [
          [
            [
              17.386261261261264,
              78.48732163543885
            ],
            [
              17.386351351351355,
              78.48732163543885
            ],
            [
              17.386351351351355,
              78.48741603797019
            ],
            [
              17.386261261261264,
              78.48741603797019
            ],
            [
              17.386261261261264,
              78.48732163543885
            ]
          ]
        ]
      },
      "properties": {
        "tile_id": 462,
        "score": 0,
        "disease": null,
        "severity": "none",
        "last_seen": null,
        "detection_count": 0,
        "center_lat": 17.38630630630631,
        "center_lng": 78.48736883670452
      }
    },
    {
      "type": "Feature",
      "geometry": {
        "type": "Polygon",
        "coordinates": [
          [
            [
              17.386261261261264,
              78.48741603797019
            ],
            [
              17.386351351351355,
              78.48741603797019
            ],
            [
              17.386351351351355,
              78.48751044050154
            ],
            [
              17.386261261261264,
              78.48751044050154
            ],
            [
              17.386261261261264,
              78.48741603797019
            ]
          ]
        ]
      },
      "properties": {
        "tile_id": 463,
        "score": 0,
        "disease": null,
        "severity": "none",
        "last_seen": null,
        "detection_count": 0,
        "center_lat": 17.38630630630631,
        "center_lng": 78.48746323923586
      }
    },
    {
      "type": "Feature",
      "geometry": {
        "type": "Polygon",
        "coordinates": [
          [
            [
              17.386261261261264,
              78.48751044050154
            ],
            [
              17.386351351351355,
              78.48751044050154
            ],
            [
              17.386351351351355,
              78.48760484303288
            ],
            [
              17.386261261261264,
              78.48760484303288
            ],
            [
              17.386261261261264,
              78.48751044050154
            ]
          ]
        ]
      },
      "properties": {
        "tile_id": 464,
        "score": 0,
        "disease": null,
        "severity": "none",
        "last_seen": null,
        "detection_count": 0,
        "center_lat": 17.38630630630631,
        "center_lng": 78.48755764176721
      }
    },
    {
      "type": "Feature",
      "geometry": {
        "type": "Polygon",
        "coordinates": [
          [
            [
              17.386261261261264,
              78.48760484303288
            ],
            [
              17.386351351351355,
              78.48760484303288
            ],
            [
              17.386351351351355,
              78.48769924556423
            ],
            [
              17.386261261261264,
              78.48769924556423
            ],
            [
              17.386261261261264,
              78.48760484303288
            ]
          ]
        ]
      },
      "properties": {
        "tile_id": 465,
        "score": 0,
        "disease": null,
        "severity": "none",
        "last_seen": null,
        "detection_count": 0,
        "center_lat": 17.38630630630631,
        "center_lng": 78.48765204429856
      }
    },
    {
      "type": "Feature",
      "geometry": {
        "type": "Polygon",
        "coordinates": [
          [
            [
              17.386261261261264,
              78.48769924556423
            ],
            [
              17.386351351351355,
              78.48769924556423
            ],
            [
              17.386351351351355,
              78.48779364809558
            ],
            [
              17.386261261261264,
              78.48779364809558
            ],
            [
              17.386261261261264,
              78.48769924556423
            ]
          ]
        ]
      },
      "properties": {
        "tile_id": 466,
        "score": 0,
        "disease": null,
        "severity": "none",
        "last_seen": null,
        "detection_count": 0,
        "center_lat": 17.38630630630631,
        "center_lng": 78.4877464468299
      }
    },
    {
      "type": "Feature",
      "geometry": {
        "type": "Polygon",
        "coordinates": [
          [
            [
              17.386261261261264,
              78.48779364809558
            ],
            [
              17.386351351351355,
              78.48779364809558
            ],
            [
              17.386351351351355,
              78.48788805062692
            ],
            [
              17.386261261261264,
              78.48788805062692
            ],
            [
              17.386261261261264,
              78.48779364809558
            ]
          ]
        ]
      },
      "properties": {
        "tile_id": 467,
        "score": 0,
        "disease": null,
        "severity": "none",
        "last_seen": null,
        "detection_count": 0,
        "center_lat": 17.38630630630631,
        "center_lng": 78.48784084936125
      }
    },
    {
      "type": "Feature",
      "geometry": {
        "type": "Polygon",
        "coordinates": [
          [
            [
              17.386261261261264,
              78.48788805062692
            ],
            [
              17.386351351351355,
              78.48788805062692
            ],
            [
              17.386351351351355,
              78.48798245315827
            ],
            [
              17.386261261261264,
              78.48798245315827
            ],
            [
              17.386261261261264,
              78.48788805062692
            ]
          ]
        ]
      },
      "properties": {
        "tile_id": 468,
        "score": 0,
        "disease": null,
        "severity": "none",
        "last_seen": null,
        "detection_count": 0,
        "center_lat": 17.38630630630631,
        "center_lng": 78.4879352518926
      }
    },
    {
      "type": "Feature",
      "geometry": {
        "type": "Polygon",
        "coordinates": [
          [
            [
              17.386261261261264,
              78.48798245315827
            ],
            [
              17.386351351351355,
              78.48798245315827
            ],
            [
              17.386351351351355,
              78.48807685568961
            ],
            [
              17.386261261261264,
              78.48807685568961
            ],
            [
              17.386261261261264,
              78.48798245315827
            ]
          ]
        ]
      },
      "properties": {
        "tile_id": 469,
        "score": 0,
        "disease": null,
        "severity": "none",
        "last_seen": null,
        "detection_count": 0,
        "center_lat": 17.38630630630631,
        "center_lng": 78.48802965442394
      }
    },
    {
      "type": "Feature",
      "geometry": {
        "type": "Polygon",
        "coordinates": [
          [
            [
              17.386261261261264,
              78.48807685568961
            ],
            [
              17.386351351351355,
              78.48807685568961
            ],
            [
              17.386351351351355,
              78.48817125822096
            ],
            [
              17.386261261261264,
              78.48817125822096
            ],
            [
              17.386261261261264,
              78.48807685568961
            ]
          ]
        ]
      },
      "properties": {
        "tile_id": 470,
        "score": 0,
        "disease": null,
        "severity": "none",
        "last_seen": null,
        "detection_count": 0,
        "center_lat": 17.38630630630631,
        "center_lng": 78.48812405695529
      }
    },
    {
      "type": "Feature",
      "geometry": {
        "type": "Polygon",
        "coordinates": [
          [
            [
              17.386261261261264,
              78.48817125822096
            ],
            [
              17.386351351351355,
              78.48817125822096
            ],
            [
              17.386351351351355,
              78.4882656607523
            ],
            [
              17.386261261261264,
              78.4882656607523
            ],
            [
              17.386261261261264,
              78.48817125822096
            ]
          ]
        ]
      },
      "properties": {
        "tile_id": 471,
        "score": 0,
        "disease": null,
        "severity": "none",
        "last_seen": null,
        "detection_count": 0,
        "center_lat": 17.38630630630631,
        "center_lng": 78.48821845948663
      }
    },
    {
      "type": "Feature",
      "geometry": {
        "type": "Polygon",
        "coordinates": [
          [
            [
              17.386261261261264,
              78.4882656607523
            ],
            [
              17.386351351351355,
              78.4882656607523
            ],
            [
              17.386351351351355,
              78.48836006328365
            ],
            [
              17.386261261261264,
              78.48836006328365
            ],
            [
              17.386261261261264,
              78.4882656607523
            ]
          ]
        ]
      },
      "properties": {
        "tile_id": 472,
        "score": 0,
        "disease": null,
        "severity": "none",
        "last_seen": null,
        "detection_count": 0,
        "center_lat": 17.38630630630631,
        "center_lng": 78.48831286201798
      }
    },
    {
      "type": "Feature",
      "geometry": {
        "type": "Polygon",
        "coordinates": [
          [
            [
              17.386261261261264,
              78.48836006328365
            ],
            [
              17.386351351351355,
              78.48836006328365
            ],
            [
              17.386351351351355,
              78.488454465815
            ],
            [
              17.386261261261264,
              78.488454465815
            ],
            [
              17.386261261261264,
              78.48836006328365
            ]
          ]
        ]
      },
      "properties": {
        "tile_id": 473,
        "score": 0,
        "disease": null,
        "severity": "none",
        "last_seen": null,
        "detection_count": 0,
        "center_lat": 17.38630630630631,
        "center_lng": 78.48840726454932
      }
    },
    {
      "type": "Feature",
      "geometry": {
        "type": "Polygon",
        "coordinates": [
          [
            [
              17.386261261261264,
              78.488454465815
            ],
            [
              17.386351351351355,
              78.488454465815
            ],
            [
              17.386351351351355,
              78.48854886834634
            ],
            [
              17.386261261261264,
              78.48854886834634
            ],
            [
              17.386261261261264,
              78.488454465815
            ]
          ]
        ]
      },
      "properties": {
        "tile_id": 474,
        "score": 0,
        "disease": null,
        "severity": "none",
        "last_seen": null,
        "detection_count": 0,
        "center_lat": 17.38630630630631,
        "center_lng": 78.48850166708067
      }
    },
    {
      "type": "Feature",
      "geometry": {
        "type": "Polygon",
        "coordinates": [
          [
            [
              17.386261261261264,
              78.48854886834634
            ],
            [
              17.386351351351355,
              78.48854886834634
            ],
            [
              17.386351351351355,
              78.48864327087769
            ],
            [
              17.386261261261264,
              78.48864327087769
            ],
            [
              17.386261261261264,
              78.48854886834634
            ]
          ]
        ]
      },
      "properties": {
        "tile_id": 475,
        "score": 0,
        "disease": null,
        "severity": "none",
        "last_seen": null,
        "detection_count": 0,
        "center_lat": 17.38630630630631,
        "center_lng": 78.48859606961202
      }
    },
    {
      "type": "Feature",
      "geometry": {
        "type": "Polygon",
        "coordinates": [
          [
            [
              17.386261261261264,
              78.48864327087769
            ],
            [
              17.386351351351355,
              78.48864327087769
            ],
            [
              17.386351351351355,
              78.48873767340903
            ],
            [
              17.386261261261264,
              78.48873767340903
            ],
            [
              17.386261261261264,
              78.48864327087769
            ]
          ]
        ]
      },
      "properties": {
        "tile_id": 476,
        "score": 0,
        "disease": null,
        "severity": "none",
        "last_seen": null,
        "detection_count": 0,
        "center_lat": 17.38630630630631,
        "center_lng": 78.48869047214336
      }
    },
    {
      "type": "Feature",
      "geometry": {
        "type": "Polygon",
        "coordinates": [
          [
            [
              17.386261261261264,
              78.48873767340903
            ],
            [
              17.386351351351355,
              78.48873767340903
            ],
            [
              17.386351351351355,
              78.48883207594038
            ],
            [
              17.386261261261264,
              78.48883207594038
            ],
            [
              17.386261261261264,
              78.48873767340903
            ]
          ]
        ]
      },
      "properties": {
        "tile_id": 477,
        "score": 0,
        "disease": null,
        "severity": "none",
        "last_seen": null,
        "detection_count": 0,
        "center_lat": 17.38630630630631,
        "center_lng": 78.4887848746747
      }
    },
    {
      "type": "Feature",
      "geometry": {
        "type": "Polygon",
        "coordinates": [
          [
            [
              17.386261261261264,
              78.48883207594038
            ],
            [
              17.386351351351355,
              78.48883207594038
            ],
            [
              17.386351351351355,
              78.48892647847173
            ],
            [
              17.386261261261264,
              78.48892647847173
            ],
            [
              17.386261261261264,
              78.48883207594038
            ]
          ]
        ]
      },
      "properties": {
        "tile_id": 478,
        "score": 0,
        "disease": null,
        "severity": "none",
        "last_seen": null,
        "detection_count": 0,
        "center_lat": 17.38630630630631,
        "center_lng": 78.48887927720605
      }
    },
    {
      "type": "Feature",
      "geometry": {
        "type": "Polygon",
        "coordinates": [
          [
            [
              17.386261261261264,
              78.48892647847173
            ],
            [
              17.386351351351355,
              78.48892647847173
            ],
            [
              17.386351351351355,
              78.48902088100307
            ],
            [
              17.386261261261264,
              78.48902088100307
            ],
            [
              17.386261261261264,
              78.48892647847173
            ]
          ]
        ]
      },
      "properties": {
        "tile_id": 479,
        "score": 0,
        "disease": null,
        "severity": "none",
        "last_seen": null,
        "detection_count": 0,
        "center_lat": 17.38630630630631,
        "center_lng": 78.4889736797374
      }
    },
    {
      "type": "Feature",
      "geometry": {
        "type": "Polygon",
        "coordinates": [
          [
            [
              17.386351351351355,
              78.486
            ],
            [
              17.386441441441445,
              78.486
            ],
            [
              17.386441441441445,
              78.48609440253135
            ],
            [
              17.386351351351355,
              78.48609440253135
            ],
            [
              17.386351351351355,
              78.486
            ]
          ]
        ]
      },
      "properties": {
        "tile_id": 480,
        "score": 0,
        "disease": null,
        "severity": "none",
        "last_seen": null,
        "detection_count": 0,
        "center_lat": 17.3863963963964,
        "center_lng": 78.48604720126568
      }
    },
    {
      "type": "Feature",
      "geometry": {
        "type": "Polygon",
        "coordinates": [
          [
            [
              17.386351351351355,
              78.48609440253135
            ],
            [
              17.386441441441445,
              78.48609440253135
            ],
            [
              17.386441441441445,
              78.4861888050627
            ],
            [
              17.386351351351355,
              78.4861888050627
            ],
            [
              17.386351351351355,
              78.48609440253135
            ]
          ]
        ]
      },
      "properties": {
        "tile_id": 481,
        "score": 0,
        "disease": null,
        "severity": "none",
        "last_seen": null,
        "detection_count": 0,
        "center_lat": 17.3863963963964,
        "center_lng": 78.48614160379702
      }
    },
    {
      "type": "Feature",
      "geometry": {
        "type": "Polygon",
        "coordinates": [
          [
            [
              17.386351351351355,
              78.4861888050627
            ],
            [
              17.386441441441445,
              78.4861888050627
            ],
            [
              17.386441441441445,
              78.48628320759404
            ],
            [
              17.386351351351355,
              78.48628320759404
            ],
            [
              17.386351351351355,
              78.4861888050627
            ]
          ]
        ]
      },
      "properties": {
        "tile_id": 482,
        "score": 0,
        "disease": null,
        "severity": "none",
        "last_seen": null,
        "detection_count": 0,
        "center_lat": 17.3863963963964,
        "center_lng": 78.48623600632837
      }
    },
    {
      "type": "Feature",
      "geometry": {
        "type": "Polygon",
        "coordinates": [
          [
            [
              17.386351351351355,
              78.48628320759404
            ],
            [
              17.386441441441445,
              78.48628320759404
            ],
            [
              17.386441441441445,
              78.48637761012539
            ],
            [
              17.386351351351355,
              78.48637761012539
            ],
            [
              17.386351351351355,
              78.48628320759404
            ]
          ]
        ]
      },
      "properties": {
        "tile_id": 483,
        "score": 0,
        "disease": null,
        "severity": "none",
        "last_seen": null,
        "detection_count": 0,
        "center_lat": 17.3863963963964,
        "center_lng": 78.48633040885971
      }
    },
    {
      "type": "Feature",
      "geometry": {
        "type": "Polygon",
        "coordinates": [
          [
            [
              17.386351351351355,
              78.48637761012539
            ],
            [
              17.386441441441445,
              78.48637761012539
            ],
            [
              17.386441441441445,
              78.48647201265673
            ],
            [
              17.386351351351355,
              78.48647201265673
            ],
            [
              17.386351351351355,
              78.48637761012539
            ]
          ]
        ]
      },
      "properties": {
        "tile_id": 484,
        "score": 0,
        "disease": null,
        "severity": "none",
        "last_seen": null,
        "detection_count": 0,
        "center_lat": 17.3863963963964,
        "center_lng": 78.48642481139106
      }
    },
    {
      "type": "Feature",
      "geometry": {
        "type": "Polygon",
        "coordinates": [
          [
            [
              17.386351351351355,
              78.48647201265673
            ],
            [
              17.386441441441445,
              78.48647201265673
            ],
            [
              17.386441441441445,
              78.48656641518808
            ],
            [
              17.386351351351355,
              78.48656641518808
            ],
            [
              17.386351351351355,
              78.48647201265673
            ]
          ]
        ]
      },
      "properties": {
        "tile_id": 485,
        "score": 0,
        "disease": null,
        "severity": "none",
        "last_seen": null,
        "detection_count": 0,
        "center_lat": 17.3863963963964,
        "center_lng": 78.4865192139224
      }
    },
    {
      "type": "Feature",
      "geometry": {
        "type": "Polygon",
        "coordinates": [
          [
            [
              17.386351351351355,
              78.48656641518808
            ],
            [
              17.386441441441445,
              78.48656641518808
            ],
            [
              17.386441441441445,
              78.48666081771943
            ],
            [
              17.386351351351355,
              78.48666081771943
            ],
            [
              17.386351351351355,
              78.48656641518808
            ]
          ]
        ]
      },
      "properties": {
        "tile_id": 486,
        "score": 0,
        "disease": null,
        "severity": "none",
        "last_seen": null,
        "detection_count": 0,
        "center_lat": 17.3863963963964,
        "center_lng": 78.48661361645375
      }
    },
    {
      "type": "Feature",
      "geometry": {
        "type": "Polygon",
        "coordinates": [
          [
            [
              17.386351351351355,
              78.48666081771943
            ],
            [
              17.386441441441445,
              78.48666081771943
            ],
            [
              17.386441441441445,
              78.48675522025077
            ],
            [
              17.386351351351355,
              78.48675522025077
            ],
            [
              17.386351351351355,
              78.48666081771943
            ]
          ]
        ]
      },
      "properties": {
        "tile_id": 487,
        "score": 0,
        "disease": null,
        "severity": "none",
        "last_seen": null,
        "detection_count": 0,
        "center_lat": 17.3863963963964,
        "center_lng": 78.4867080189851
      }
    },
    {
      "type": "Feature",
      "geometry": {
        "type": "Polygon",
        "coordinates": [
          [
            [
              17.386351351351355,
              78.48675522025077
            ],
            [
              17.386441441441445,
              78.48675522025077
            ],
            [
              17.386441441441445,
              78.48684962278212
            ],
            [
              17.386351351351355,
              78.48684962278212
            ],
            [
              17.386351351351355,
              78.48675522025077
            ]
          ]
        ]
      },
      "properties": {
        "tile_id": 488,
        "score": 0,
        "disease": null,
        "severity": "none",
        "last_seen": null,
        "detection_count": 0,
        "center_lat": 17.3863963963964,
        "center_lng": 78.48680242151644
      }
    },
    {
      "type": "Feature",
      "geometry": {
        "type": "Polygon",
        "coordinates": [
          [
            [
              17.386351351351355,
              78.48684962278212
            ],
            [
              17.386441441441445,
              78.48684962278212
            ],
            [
              17.386441441441445,
              78.48694402531346
            ],
            [
              17.386351351351355,
              78.48694402531346
            ],
            [
              17.386351351351355,
              78.48684962278212
            ]
          ]
        ]
      },
      "properties": {
        "tile_id": 489,
        "score": 0,
        "disease": null,
        "severity": "none",
        "last_seen": null,
        "detection_count": 0,
        "center_lat": 17.3863963963964,
        "center_lng": 78.48689682404779
      }
    },
    {
      "type": "Feature",
      "geometry": {
        "type": "Polygon",
        "coordinates": [
          [
            [
              17.386351351351355,
              78.48694402531346
            ],
            [
              17.386441441441445,
              78.48694402531346
            ],
            [
              17.386441441441445,
              78.48703842784481
            ],
            [
              17.386351351351355,
              78.48703842784481
            ],
            [
              17.386351351351355,
              78.48694402531346
            ]
          ]
        ]
      },
      "properties": {
        "tile_id": 490,
        "score": 0,
        "disease": null,
        "severity": "none",
        "last_seen": null,
        "detection_count": 0,
        "center_lat": 17.3863963963964,
        "center_lng": 78.48699122657914
      }
    },
    {
      "type": "Feature",
      "geometry": {
        "type": "Polygon",
        "coordinates": [
          [
            [
              17.386351351351355,
              78.48703842784481
            ],
            [
              17.386441441441445,
              78.48703842784481
            ],
            [
              17.386441441441445,
              78.48713283037615
            ],
            [
              17.386351351351355,
              78.48713283037615
            ],
            [
              17.386351351351355,
              78.48703842784481
            ]
          ]
        ]
      },
      "properties": {
        "tile_id": 491,
        "score": 0,
        "disease": null,
        "severity": "none",
        "last_seen": null,
        "detection_count": 0,
        "center_lat": 17.3863963963964,
        "center_lng": 78.48708562911048
      }
    },
    {
      "type": "Feature",
      "geometry": {
        "type": "Polygon",
        "coordinates": [
          [
            [
              17.386351351351355,
              78.48713283037615
            ],
            [
              17.386441441441445,
              78.48713283037615
            ],
            [
              17.386441441441445,
              78.4872272329075
            ],
            [
              17.386351351351355,
              78.4872272329075
            ],
            [
              17.386351351351355,
              78.48713283037615
            ]
          ]
        ]
      },
      "properties": {
        "tile_id": 492,
        "score": 0,
        "disease": null,
        "severity": "none",
        "last_seen": null,
        "detection_count": 0,
        "center_lat": 17.3863963963964,
        "center_lng": 78.48718003164183
      }
    },
    {
      "type": "Feature",
      "geometry": {
        "type": "Polygon",
        "coordinates": [
          [
            [
              17.386351351351355,
              78.4872272329075
            ],
            [
              17.386441441441445,
              78.4872272329075
            ],
            [
              17.386441441441445,
              78.48732163543885
            ],
            [
              17.386351351351355,
              78.48732163543885
            ],
            [
              17.386351351351355,
              78.4872272329075
            ]
          ]
        ]
      },
      "properties": {
        "tile_id": 493,
        "score": 0,
        "disease": null,
        "severity": "none",
        "last_seen": null,
        "detection_count": 0,
        "center_lat": 17.3863963963964,
        "center_lng": 78.48727443417317
      }
    },
    {
      "type": "Feature",
      "geometry": {
        "type": "Polygon",
        "coordinates": [
          [
            [
              17.386351351351355,
              78.48732163543885
            ],
            [
              17.386441441441445,
              78.48732163543885
            ],
            [
              17.386441441441445,
              78.48741603797019
            ],
            [
              17.386351351351355,
              78.48741603797019
            ],
            [
              17.386351351351355,
              78.48732163543885
            ]
          ]
        ]
      },
      "properties": {
        "tile_id": 494,
        "score": 0,
        "disease": null,
        "severity": "none",
        "last_seen": null,
        "detection_count": 0,
        "center_lat": 17.3863963963964,
        "center_lng": 78.48736883670452
      }
    },
    {
      "type": "Feature",
      "geometry": {
        "type": "Polygon",
        "coordinates": [
          [
            [
              17.386351351351355,
              78.48741603797019
            ],
            [
              17.386441441441445,
              78.48741603797019
            ],
            [
              17.386441441441445,
              78.48751044050154
            ],
            [
              17.386351351351355,
              78.48751044050154
            ],
            [
              17.386351351351355,
              78.48741603797019
            ]
          ]
        ]
      },
      "properties": {
        "tile_id": 495,
        "score": 0,
        "disease": null,
        "severity": "none",
        "last_seen": null,
        "detection_count": 0,
        "center_lat": 17.3863963963964,
        "center_lng": 78.48746323923586
      }
    },
    {
      "type": "Feature",
      "geometry": {
        "type": "Polygon",
        "coordinates": [
          [
            [
              17.386351351351355,
              78.48751044050154
            ],
            [
              17.386441441441445,
              78.48751044050154
            ],
            [
              17.386441441441445,
              78.48760484303288
            ],
            [
              17.386351351351355,
              78.48760484303288
            ],
            [
              17.386351351351355,
              78.48751044050154
            ]
          ]
        ]
      },
      "properties": {
        "tile_id": 496,
        "score": 0,
        "disease": null,
        "severity": "none",
        "last_seen": null,
        "detection_count": 0,
        "center_lat": 17.3863963963964,
        "center_lng": 78.48755764176721
      }
    },
    {
      "type": "Feature",
      "geometry": {
        "type": "Polygon",
        "coordinates": [
          [
            [
              17.386351351351355,
              78.48760484303288
            ],
            [
              17.386441441441445,
              78.48760484303288
            ],
            [
              17.386441441441445,
              78.48769924556423
            ],
            [
              17.386351351351355,
              78.48769924556423
            ],
            [
              17.386351351351355,
              78.48760484303288
            ]
          ]
        ]
      },
      "properties": {
        "tile_id": 497,
        "score": 0,
        "disease": null,
        "severity": "none",
        "last_seen": null,
        "detection_count": 0,
        "center_lat": 17.3863963963964,
        "center_lng": 78.48765204429856
      }
    },
    {
      "type": "Feature",
      "geometry": {
        "type": "Polygon",
        "coordinates": [
          [
            [
              17.386351351351355,
              78.48769924556423
            ],
            [
              17.386441441441445,
              78.48769924556423
            ],
            [
              17.386441441441445,
              78.48779364809558
            ],
            [
              17.386351351351355,
              78.48779364809558
            ],
            [
              17.386351351351355,
              78.48769924556423
            ]
          ]
        ]
      },
      "properties": {
        "tile_id": 498,
        "score": 0,
        "disease": null,
        "severity": "none",
        "last_seen": null,
        "detection_count": 0,
        "center_lat": 17.3863963963964,
        "center_lng": 78.4877464468299
      }
    },
    {
      "type": "Feature",
      "geometry": {
        "type": "Polygon",
        "coordinates": [
          [
            [
              17.386351351351355,
              78.48779364809558
            ],
            [
              17.386441441441445,
              78.48779364809558
            ],
            [
              17.386441441441445,
              78.48788805062692
            ],
            [
              17.386351351351355,
              78.48788805062692
            ],
            [
              17.386351351351355,
              78.48779364809558
            ]
          ]
        ]
      },
      "properties": {
        "tile_id": 499,
        "score": 0,
        "disease": null,
        "severity": "none",
        "last_seen": null,
        "detection_count": 0,
        "center_lat": 17.3863963963964,
        "center_lng": 78.48784084936125
      }
    },
    {
      "type": "Feature",
      "geometry": {
        "type": "Polygon",
        "coordinates": [
          [
            [
              17.386351351351355,
              78.48788805062692
            ],
            [
              17.386441441441445,
              78.48788805062692
            ],
            [
              17.386441441441445,
              78.48798245315827
            ],
            [
              17.386351351351355,
              78.48798245315827
            ],
            [
              17.386351351351355,
              78.48788805062692
            ]
          ]
        ]
      },
      "properties": {
        "tile_id": 500,
        "score": 0,
        "disease": null,
        "severity": "none",
        "last_seen": null,
        "detection_count": 0,
        "center_lat": 17.3863963963964,
        "center_lng": 78.4879352518926
      }
    },
    {
      "type": "Feature",
      "geometry": {
        "type": "Polygon",
        "coordinates": [
          [
            [
              17.386351351351355,
              78.48798245315827
            ],
            [
              17.386441441441445,
              78.48798245315827
            ],
            [
              17.386441441441445,
              78.48807685568961
            ],
            [
              17.386351351351355,
              78.48807685568961
            ],
            [
              17.386351351351355,
              78.48798245315827
            ]
          ]
        ]
      },
      "properties": {
        "tile_id": 501,
        "score": 0,
        "disease": null,
        "severity": "none",
        "last_seen": null,
        "detection_count": 0,
        "center_lat": 17.3863963963964,
        "center_lng": 78.48802965442394
      }
    },
    {
      "type": "Feature",
      "geometry": {
        "type": "Polygon",
        "coordinates": [
          [
            [
              17.386351351351355,
              78.48807685568961
            ],
            [
              17.386441441441445,
              78.48807685568961
            ],
            [
              17.386441441441445,
              78.48817125822096
            ],
            [
              17.386351351351355,
              78.48817125822096
            ],
            [
              17.386351351351355,
              78.48807685568961
            ]
          ]
        ]
      },
      "properties": {
        "tile_id": 502,
        "score": 0,
        "disease": null,
        "severity": "none",
        "last_seen": null,
        "detection_count": 0,
        "center_lat": 17.3863963963964,
        "center_lng": 78.48812405695529
      }
    },
    {
      "type": "Feature",
      "geometry": {
        "type": "Polygon",
        "coordinates": [
          [
            [
              17.386351351351355,
              78.48817125822096
            ],
            [
              17.386441441441445,
              78.48817125822096
            ],
            [
              17.386441441441445,
              78.4882656607523
            ],
            [
              17.386351351351355,
              78.4882656607523
            ],
            [
              17.386351351351355,
              78.48817125822096
            ]
          ]
        ]
      },
      "properties": {
        "tile_id": 503,
        "score": 0,
        "disease": null,
        "severity": "none",
        "last_seen": null,
        "detection_count": 0,
        "center_lat": 17.3863963963964,
        "center_lng": 78.48821845948663
      }
    },
    {
      "type": "Feature",
      "geometry": {
        "type": "Polygon",
        "coordinates": [
          [
            [
              17.386351351351355,
              78.4882656607523
            ],
            [
              17.386441441441445,
              78.4882656607523
            ],
            [
              17.386441441441445,
              78.48836006328365
            ],
            [
              17.386351351351355,
              78.48836006328365
            ],
            [
              17.386351351351355,
              78.4882656607523
            ]
          ]
        ]
      },
      "properties": {
        "tile_id": 504,
        "score": 0,
        "disease": null,
        "severity": "none",
        "last_seen": null,
        "detection_count": 0,
        "center_lat": 17.3863963963964,
        "center_lng": 78.48831286201798
      }
    },
    {
      "type": "Feature",
      "geometry": {
        "type": "Polygon",
        "coordinates": [
          [
            [
              17.386351351351355,
              78.48836006328365
            ],
            [
              17.386441441441445,
              78.48836006328365
            ],
            [
              17.386441441441445,
              78.488454465815
            ],
            [
              17.386351351351355,
              78.488454465815
            ],
            [
              17.386351351351355,
              78.48836006328365
            ]
          ]
        ]
      },
      "properties": {
        "tile_id": 505,
        "score": 0,
        "disease": null,
        "severity": "none",
        "last_seen": null,
        "detection_count": 0,
        "center_lat": 17.3863963963964,
        "center_lng": 78.48840726454932
      }
    },
    {
      "type": "Feature",
      "geometry": {
        "type": "Polygon",
        "coordinates": [
          [
            [
              17.386351351351355,
              78.488454465815
            ],
            [
              17.386441441441445,
              78.488454465815
            ],
            [
              17.386441441441445,
              78.48854886834634
            ],
            [
              17.386351351351355,
              78.48854886834634
            ],
            [
              17.386351351351355,
              78.488454465815
            ]
          ]
        ]
      },
      "properties": {
        "tile_id": 506,
        "score": 0,
        "disease": null,
        "severity": "none",
        "last_seen": null,
        "detection_count": 0,
        "center_lat": 17.3863963963964,
        "center_lng": 78.48850166708067
      }
    },
    {
      "type": "Feature",
      "geometry": {
        "type": "Polygon",
        "coordinates": [
          [
            [
              17.386351351351355,
              78.48854886834634
            ],
            [
              17.386441441441445,
              78.48854886834634
            ],
            [
              17.386441441441445,
              78.48864327087769
            ],
            [
              17.386351351351355,
              78.48864327087769
            ],
            [
              17.386351351351355,
              78.48854886834634
            ]
          ]
        ]
      },
      "properties": {
        "tile_id": 507,
        "score": 0,
        "disease": null,
        "severity": "none",
        "last_seen": null,
        "detection_count": 0,
        "center_lat": 17.3863963963964,
        "center_lng": 78.48859606961202
      }
    },
    {
      "type": "Feature",
      "geometry": {
        "type": "Polygon",
        "coordinates": [
          [
            [
              17.386351351351355,
              78.48864327087769
            ],
            [
              17.386441441441445,
              78.48864327087769
            ],
            [
              17.386441441441445,
              78.48873767340903
            ],
            [
              17.386351351351355,
              78.48873767340903
            ],
            [
              17.386351351351355,
              78.48864327087769
            ]
          ]
        ]
      },
      "properties": {
        "tile_id": 508,
        "score": 0,
        "disease": null,
        "severity": "none",
        "last_seen": null,
        "detection_count": 0,
        "center_lat": 17.3863963963964,
        "center_lng": 78.48869047214336
      }
    },
    {
      "type": "Feature",
      "geometry": {
        "type": "Polygon",
        "coordinates": [
          [
            [
              17.386351351351355,
              78.48873767340903
            ],
            [
              17.386441441441445,
              78.48873767340903
            ],
            [
              17.386441441441445,
              78.48883207594038
            ],
            [
              17.386351351351355,
              78.48883207594038
            ],
            [
              17.386351351351355,
              78.48873767340903
            ]
          ]
        ]
      },
      "properties": {
        "tile_id": 509,
        "score": 0,
        "disease": null,
        "severity": "none",
        "last_seen": null,
        "detection_count": 0,
        "center_lat": 17.3863963963964,
        "center_lng": 78.4887848746747
      }
    },
    {
      "type": "Feature",
      "geometry": {
        "type": "Polygon",
        "coordinates": [
          [
            [
              17.386351351351355,
              78.48883207594038
            ],
            [
              17.386441441441445,
              78.48883207594038
            ],
            [
              17.386441441441445,
              78.48892647847173
            ],
            [
              17.386351351351355,
              78.48892647847173
            ],
            [
              17.386351351351355,
              78.48883207594038
            ]
          ]
        ]
      },
      "properties": {
        "tile_id": 510,
        "score": 0,
        "disease": null,
        "severity": "none",
        "last_seen": null,
        "detection_count": 0,
        "center_lat": 17.3863963963964,
        "center_lng": 78.48887927720605
      }
    },
    {
      "type": "Feature",
      "geometry": {
        "type": "Polygon",
        "coordinates": [
          [
            [
              17.386351351351355,
              78.48892647847173
            ],
            [
              17.386441441441445,
              78.48892647847173
            ],
            [
              17.386441441441445,
              78.48902088100307
            ],
            [
              17.386351351351355,
              78.48902088100307
            ],
            [
              17.386351351351355,
              78.48892647847173
            ]
          ]
        ]
      },
      "properties": {
        "tile_id": 511,
        "score": 0,
        "disease": null,
        "severity": "none",
        "last_seen": null,
        "detection_count": 0,
        "center_lat": 17.3863963963964,
        "center_lng": 78.4889736797374
      }
    },
    {
      "type": "Feature",
      "geometry": {
        "type": "Polygon",
        "coordinates": [
          [
            [
              17.386441441441445,
              78.486
            ],
            [
              17.386531531531535,
              78.486
            ],
            [
              17.386531531531535,
              78.48609440253135
            ],
            [
              17.386441441441445,
              78.48609440253135
            ],
            [
              17.386441441441445,
              78.486
            ]
          ]
        ]
      },
      "properties": {
        "tile_id": 512,
        "score": 0,
        "disease": null,
        "severity": "none",
        "last_seen": null,
        "detection_count": 0,
        "center_lat": 17.38648648648649,
        "center_lng": 78.48604720126568
      }
    },
    {
      "type": "Feature",
      "geometry": {
        "type": "Polygon",
        "coordinates": [
          [
            [
              17.386441441441445,
              78.48609440253135
            ],
            [
              17.386531531531535,
              78.48609440253135
            ],
            [
              17.386531531531535,
              78.4861888050627
            ],
            [
              17.386441441441445,
              78.4861888050627
            ],
            [
              17.386441441441445,
              78.48609440253135
            ]
          ]
        ]
      },
      "properties": {
        "tile_id": 513,
        "score": 0,
        "disease": null,
        "severity": "none",
        "last_seen": null,
        "detection_count": 0,
        "center_lat": 17.38648648648649,
        "center_lng": 78.48614160379702
      }
    },
    {
      "type": "Feature",
      "geometry": {
        "type": "Polygon",
        "coordinates": [
          [
            [
              17.386441441441445,
              78.4861888050627
            ],
            [
              17.386531531531535,
              78.4861888050627
            ],
            [
              17.386531531531535,
              78.48628320759404
            ],
            [
              17.386441441441445,
              78.48628320759404
            ],
            [
              17.386441441441445,
              78.4861888050627
            ]
          ]
        ]
      },
      "properties": {
        "tile_id": 514,
        "score": 0,
        "disease": null,
        "severity": "none",
        "last_seen": null,
        "detection_count": 0,
        "center_lat": 17.38648648648649,
        "center_lng": 78.48623600632837
      }
    },
    {
      "type": "Feature",
      "geometry": {
        "type": "Polygon",
        "coordinates": [
          [
            [
              17.386441441441445,
              78.48628320759404
            ],
            [
              17.386531531531535,
              78.48628320759404
            ],
            [
              17.386531531531535,
              78.48637761012539
            ],
            [
              17.386441441441445,
              78.48637761012539
            ],
            [
              17.386441441441445,
              78.48628320759404
            ]
          ]
        ]
      },
      "properties": {
        "tile_id": 515,
        "score": 0,
        "disease": null,
        "severity": "none",
        "last_seen": null,
        "detection_count": 0,
        "center_lat": 17.38648648648649,
        "center_lng": 78.48633040885971
      }
    },
    {
      "type": "Feature",
      "geometry": {
        "type": "Polygon",
        "coordinates": [
          [
            [
              17.386441441441445,
              78.48637761012539
            ],
            [
              17.386531531531535,
              78.48637761012539
            ],
            [
              17.386531531531535,
              78.48647201265673
            ],
            [
              17.386441441441445,
              78.48647201265673
            ],
            [
              17.386441441441445,
              78.48637761012539
            ]
          ]
        ]
      },
      "properties": {
        "tile_id": 516,
        "score": 0,
        "disease": null,
        "severity": "none",
        "last_seen": null,
        "detection_count": 0,
        "center_lat": 17.38648648648649,
        "center_lng": 78.48642481139106
      }
    },
    {
      "type": "Feature",
      "geometry": {
        "type": "Polygon",
        "coordinates": [
          [
            [
              17.386441441441445,
              78.48647201265673
            ],
            [
              17.386531531531535,
              78.48647201265673
            ],
            [
              17.386531531531535,
              78.48656641518808
            ],
            [
              17.386441441441445,
              78.48656641518808
            ],
            [
              17.386441441441445,
              78.48647201265673
            ]
          ]
        ]
      },
      "properties": {
        "tile_id": 517,
        "score": 0,
        "disease": null,
        "severity": "none",
        "last_seen": null,
        "detection_count": 0,
        "center_lat": 17.38648648648649,
        "center_lng": 78.4865192139224
      }
    },
    {
      "type": "Feature",
      "geometry": {
        "type": "Polygon",
        "coordinates": [
          [
            [
              17.386441441441445,
              78.48656641518808
            ],
            [
              17.386531531531535,
              78.48656641518808
            ],
            [
              17.386531531531535,
              78.48666081771943
            ],
            [
              17.386441441441445,
              78.48666081771943
            ],
            [
              17.386441441441445,
              78.48656641518808
            ]
          ]
        ]
      },
      "properties": {
        "tile_id": 518,
        "score": 0,
        "disease": null,
        "severity": "none",
        "last_seen": null,
        "detection_count": 0,
        "center_lat": 17.38648648648649,
        "center_lng": 78.48661361645375
      }
    },
    {
      "type": "Feature",
      "geometry": {
        "type": "Polygon",
        "coordinates": [
          [
            [
              17.386441441441445,
              78.48666081771943
            ],
            [
              17.386531531531535,
              78.48666081771943
            ],
            [
              17.386531531531535,
              78.48675522025077
            ],
            [
              17.386441441441445,
              78.48675522025077
            ],
            [
              17.386441441441445,
              78.48666081771943
            ]
          ]
        ]
      },
      "properties": {
        "tile_id": 519,
        "score": 0,
        "disease": null,
        "severity": "none",
        "last_seen": null,
        "detection_count": 0,
        "center_lat": 17.38648648648649,
        "center_lng": 78.4867080189851
      }
    },
    {
      "type": "Feature",
      "geometry": {
        "type": "Polygon",
        "coordinates": [
          [
            [
              17.386441441441445,
              78.48675522025077
            ],
            [
              17.386531531531535,
              78.48675522025077
            ],
            [
              17.386531531531535,
              78.48684962278212
            ],
            [
              17.386441441441445,
              78.48684962278212
            ],
            [
              17.386441441441445,
              78.48675522025077
            ]
          ]
        ]
      },
      "properties": {
        "tile_id": 520,
        "score": 0,
        "disease": null,
        "severity": "none",
        "last_seen": null,
        "detection_count": 0,
        "center_lat": 17.38648648648649,
        "center_lng": 78.48680242151644
      }
    },
    {
      "type": "Feature",
      "geometry": {
        "type": "Polygon",
        "coordinates": [
          [
            [
              17.386441441441445,
              78.48684962278212
            ],
            [
              17.386531531531535,
              78.48684962278212
            ],
            [
              17.386531531531535,
              78.48694402531346
            ],
            [
              17.386441441441445,
              78.48694402531346
            ],
            [
              17.386441441441445,
              78.48684962278212
            ]
          ]
        ]
      },
      "properties": {
        "tile_id": 521,
        "score": 0,
        "disease": null,
        "severity": "none",
        "last_seen": null,
        "detection_count": 0,
        "center_lat": 17.38648648648649,
        "center_lng": 78.48689682404779
      }
    },
    {
      "type": "Feature",
      "geometry": {
        "type": "Polygon",
        "coordinates": [
          [
            [
              17.386441441441445,
              78.48694402531346
            ],
            [
              17.386531531531535,
              78.48694402531346
            ],
            [
              17.386531531531535,
              78.48703842784481
            ],
            [
              17.386441441441445,
              78.48703842784481
            ],
            [
              17.386441441441445,
              78.48694402531346
            ]
          ]
        ]
      },
      "properties": {
        "tile_id": 522,
        "score": 0,
        "disease": null,
        "severity": "none",
        "last_seen": null,
        "detection_count": 0,
        "center_lat": 17.38648648648649,
        "center_lng": 78.48699122657914
      }
    },
    {
      "type": "Feature",
      "geometry": {
        "type": "Polygon",
        "coordinates": [
          [
            [
              17.386441441441445,
              78.48703842784481
            ],
            [
              17.386531531531535,
              78.48703842784481
            ],
            [
              17.386531531531535,
              78.48713283037615
            ],
            [
              17.386441441441445,
              78.48713283037615
            ],
            [
              17.386441441441445,
              78.48703842784481
            ]
          ]
        ]
      },
      "properties": {
        "tile_id": 523,
        "score": 0,
        "disease": null,
        "severity": "none",
        "last_seen": null,
        "detection_count": 0,
        "center_lat": 17.38648648648649,
        "center_lng": 78.48708562911048
      }
    },
    {
      "type": "Feature",
      "geometry": {
        "type": "Polygon",
        "coordinates": [
          [
            [
              17.386441441441445,
              78.48713283037615
            ],
            [
              17.386531531531535,
              78.48713283037615
            ],
            [
              17.386531531531535,
              78.4872272329075
            ],
            [
              17.386441441441445,
              78.4872272329075
            ],
            [
              17.386441441441445,
              78.48713283037615
            ]
          ]
        ]
      },
      "properties": {
        "tile_id": 524,
        "score": 0,
        "disease": null,
        "severity": "none",
        "last_seen": null,
        "detection_count": 0,
        "center_lat": 17.38648648648649,
        "center_lng": 78.48718003164183
      }
    },
    {
      "type": "Feature",
      "geometry": {
        "type": "Polygon",
        "coordinates": [
          [
            [
              17.386441441441445,
              78.4872272329075
            ],
            [
              17.386531531531535,
              78.4872272329075
            ],
            [
              17.386531531531535,
              78.48732163543885
            ],
            [
              17.386441441441445,
              78.48732163543885
            ],
            [
              17.386441441441445,
              78.4872272329075
            ]
          ]
        ]
      },
      "properties": {
        "tile_id": 525,
        "score": 0,
        "disease": null,
        "severity": "none",
        "last_seen": null,
        "detection_count": 0,
        "center_lat": 17.38648648648649,
        "center_lng": 78.48727443417317
      }
    },
    {
      "type": "Feature",
      "geometry": {
        "type": "Polygon",
        "coordinates": [
          [
            [
              17.386441441441445,
              78.48732163543885
            ],
            [
              17.386531531531535,
              78.48732163543885
            ],
            [
              17.386531531531535,
              78.48741603797019
            ],
            [
              17.386441441441445,
              78.48741603797019
            ],
            [
              17.386441441441445,
              78.48732163543885
            ]
          ]
        ]
      },
      "properties": {
        "tile_id": 526,
        "score": 0,
        "disease": null,
        "severity": "none",
        "last_seen": null,
        "detection_count": 0,
        "center_lat": 17.38648648648649,
        "center_lng": 78.48736883670452
      }
    },
    {
      "type": "Feature",
      "geometry": {
        "type": "Polygon",
        "coordinates": [
          [
            [
              17.386441441441445,
              78.48741603797019
            ],
            [
              17.386531531531535,
              78.48741603797019
            ],
            [
              17.386531531531535,
              78.48751044050154
            ],
            [
              17.386441441441445,
              78.48751044050154
            ],
            [
              17.386441441441445,
              78.48741603797019
            ]
          ]
        ]
      },
      "properties": {
        "tile_id": 527,
        "score": 0,
        "disease": null,
        "severity": "none",
        "last_seen": null,
        "detection_count": 0,
        "center_lat": 17.38648648648649,
        "center_lng": 78.48746323923586
      }
    },
    {
      "type": "Feature",
      "geometry": {
        "type": "Polygon",
        "coordinates": [
          [
            [
              17.386441441441445,
              78.48751044050154
            ],
            [
              17.386531531531535,
              78.48751044050154
            ],
            [
              17.386531531531535,
              78.48760484303288
            ],
            [
              17.386441441441445,
              78.48760484303288
            ],
            [
              17.386441441441445,
              78.48751044050154
            ]
          ]
        ]
      },
      "properties": {
        "tile_id": 528,
        "score": 0,
        "disease": null,
        "severity": "none",
        "last_seen": null,
        "detection_count": 0,
        "center_lat": 17.38648648648649,
        "center_lng": 78.48755764176721
      }
    },
    {
      "type": "Feature",
      "geometry": {
        "type": "Polygon",
        "coordinates": [
          [
            [
              17.386441441441445,
              78.48760484303288
            ],
            [
              17.386531531531535,
              78.48760484303288
            ],
            [
              17.386531531531535,
              78.48769924556423
            ],
            [
              17.386441441441445,
              78.48769924556423
            ],
            [
              17.386441441441445,
              78.48760484303288
            ]
          ]
        ]
      },
      "properties": {
        "tile_id": 529,
        "score": 0,
        "disease": null,
        "severity": "none",
        "last_seen": null,
        "detection_count": 0,
        "center_lat": 17.38648648648649,
        "center_lng": 78.48765204429856
      }
    },
    {
      "type": "Feature",
      "geometry": {
        "type": "Polygon",
        "coordinates": [
          [
            [
              17.386441441441445,
              78.48769924556423
            ],
            [
              17.386531531531535,
              78.48769924556423
            ],
            [
              17.386531531531535,
              78.48779364809558
            ],
            [
              17.386441441441445,
              78.48779364809558
            ],
            [
              17.386441441441445,
              78.48769924556423
            ]
          ]
        ]
      },
      "properties": {
        "tile_id": 530,
        "score": 0,
        "disease": null,
        "severity": "none",
        "last_seen": null,
        "detection_count": 0,
        "center_lat": 17.38648648648649,
        "center_lng": 78.4877464468299
      }
    },
    {
      "type": "Feature",
      "geometry": {
        "type": "Polygon",
        "coordinates": [
          [
            [
              17.386441441441445,
              78.48779364809558
            ],
            [
              17.386531531531535,
              78.48779364809558
            ],
            [
              17.386531531531535,
              78.48788805062692
            ],
            [
              17.386441441441445,
              78.48788805062692
            ],
            [
              17.386441441441445,
              78.48779364809558
            ]
          ]
        ]
      },
      "properties": {
        "tile_id": 531,
        "score": 0,
        "disease": null,
        "severity": "none",
        "last_seen": null,
        "detection_count": 0,
        "center_lat": 17.38648648648649,
        "center_lng": 78.48784084936125
      }
    },
    {
      "type": "Feature",
      "geometry": {
        "type": "Polygon",
        "coordinates": [
          [
            [
              17.386441441441445,
              78.48788805062692
            ],
            [
              17.386531531531535,
              78.48788805062692
            ],
            [
              17.386531531531535,
              78.48798245315827
            ],
            [
              17.386441441441445,
              78.48798245315827
            ],
            [
              17.386441441441445,
              78.48788805062692
            ]
          ]
        ]
      },
      "properties": {
        "tile_id": 532,
        "score": 0,
        "disease": null,
        "severity": "none",
        "last_seen": null,
        "detection_count": 0,
        "center_lat": 17.38648648648649,
        "center_lng": 78.4879352518926
      }
    },
    {
      "type": "Feature",
      "geometry": {
        "type": "Polygon",
        "coordinates": [
          [
            [
              17.386441441441445,
              78.48798245315827
            ],
            [
              17.386531531531535,
              78.48798245315827
            ],
            [
              17.386531531531535,
              78.48807685568961
            ],
            [
              17.386441441441445,
              78.48807685568961
            ],
            [
              17.386441441441445,
              78.48798245315827
            ]
          ]
        ]
      },
      "properties": {
        "tile_id": 533,
        "score": 0,
        "disease": null,
        "severity": "none",
        "last_seen": null,
        "detection_count": 0,
        "center_lat": 17.38648648648649,
        "center_lng": 78.48802965442394
      }
    },
    {
      "type": "Feature",
      "geometry": {
        "type": "Polygon",
        "coordinates": [
          [
            [
              17.386441441441445,
              78.48807685568961
            ],
            [
              17.386531531531535,
              78.48807685568961
            ],
            [
              17.386531531531535,
              78.48817125822096
            ],
            [
              17.386441441441445,
              78.48817125822096
            ],
            [
              17.386441441441445,
              78.48807685568961
            ]
          ]
        ]
      },
      "properties": {
        "tile_id": 534,
        "score": 0,
        "disease": null,
        "severity": "none",
        "last_seen": null,
        "detection_count": 0,
        "center_lat": 17.38648648648649,
        "center_lng": 78.48812405695529
      }
    },
    {
      "type": "Feature",
      "geometry": {
        "type": "Polygon",
        "coordinates": [
          [
            [
              17.386441441441445,
              78.48817125822096
            ],
            [
              17.386531531531535,
              78.48817125822096
            ],
            [
              17.386531531531535,
              78.4882656607523
            ],
            [
              17.386441441441445,
              78.4882656607523
            ],
            [
              17.386441441441445,
              78.48817125822096
            ]
          ]
        ]
      },
      "properties": {
        "tile_id": 535,
        "score": 0,
        "disease": null,
        "severity": "none",
        "last_seen": null,
        "detection_count": 0,
        "center_lat": 17.38648648648649,
        "center_lng": 78.48821845948663
      }
    },
    {
      "type": "Feature",
      "geometry": {
        "type": "Polygon",
        "coordinates": [
          [
            [
              17.386441441441445,
              78.4882656607523
            ],
            [
              17.386531531531535,
              78.4882656607523
            ],
            [
              17.386531531531535,
              78.48836006328365
            ],
            [
              17.386441441441445,
              78.48836006328365
            ],
            [
              17.386441441441445,
              78.4882656607523
            ]
          ]
        ]
      },
      "properties": {
        "tile_id": 536,
        "score": 0,
        "disease": null,
        "severity": "none",
        "last_seen": null,
        "detection_count": 0,
        "center_lat": 17.38648648648649,
        "center_lng": 78.48831286201798
      }
    },
    {
      "type": "Feature",
      "geometry": {
        "type": "Polygon",
        "coordinates": [
          [
            [
              17.386441441441445,
              78.48836006328365
            ],
            [
              17.386531531531535,
              78.48836006328365
            ],
            [
              17.386531531531535,
              78.488454465815
            ],
            [
              17.386441441441445,
              78.488454465815
            ],
            [
              17.386441441441445,
              78.48836006328365
            ]
          ]
        ]
      },
      "properties": {
        "tile_id": 537,
        "score": 0,
        "disease": null,
        "severity": "none",
        "last_seen": null,
        "detection_count": 0,
        "center_lat": 17.38648648648649,
        "center_lng": 78.48840726454932
      }
    },
    {
      "type": "Feature",
      "geometry": {
        "type": "Polygon",
        "coordinates": [
          [
            [
              17.386441441441445,
              78.488454465815
            ],
            [
              17.386531531531535,
              78.488454465815
            ],
            [
              17.386531531531535,
              78.48854886834634
            ],
            [
              17.386441441441445,
              78.48854886834634
            ],
            [
              17.386441441441445,
              78.488454465815
            ]
          ]
        ]
      },
      "properties": {
        "tile_id": 538,
        "score": 0,
        "disease": null,
        "severity": "none",
        "last_seen": null,
        "detection_count": 0,
        "center_lat": 17.38648648648649,
        "center_lng": 78.48850166708067
      }
    },
    {
      "type": "Feature",
      "geometry": {
        "type": "Polygon",
        "coordinates": [
          [
            [
              17.386441441441445,
              78.48854886834634
            ],
            [
              17.386531531531535,
              78.48854886834634
            ],
            [
              17.386531531531535,
              78.48864327087769
            ],
            [
              17.386441441441445,
              78.48864327087769
            ],
            [
              17.386441441441445,
              78.48854886834634
            ]
          ]
        ]
      },
      "properties": {
        "tile_id": 539,
        "score": 0,
        "disease": null,
        "severity": "none",
        "last_seen": null,
        "detection_count": 0,
        "center_lat": 17.38648648648649,
        "center_lng": 78.48859606961202
      }
    },
    {
      "type": "Feature",
      "geometry": {
        "type": "Polygon",
        "coordinates": [
          [
            [
              17.386441441441445,
              78.48864327087769
            ],
            [
              17.386531531531535,
              78.48864327087769
            ],
            [
              17.386531531531535,
              78.48873767340903
            ],
            [
              17.386441441441445,
              78.48873767340903
            ],
            [
              17.386441441441445,
              78.48864327087769
            ]
          ]
        ]
      },
      "properties": {
        "tile_id": 540,
        "score": 0,
        "disease": null,
        "severity": "none",
        "last_seen": null,
        "detection_count": 0,
        "center_lat": 17.38648648648649,
        "center_lng": 78.48869047214336
      }
    },
    {
      "type": "Feature",
      "geometry": {
        "type": "Polygon",
        "coordinates": [
          [
            [
              17.386441441441445,
              78.48873767340903
            ],
            [
              17.386531531531535,
              78.48873767340903
            ],
            [
              17.386531531531535,
              78.48883207594038
            ],
            [
              17.386441441441445,
              78.48883207594038
            ],
            [
              17.386441441441445,
              78.48873767340903
            ]
          ]
        ]
      },
      "properties": {
        "tile_id": 541,
        "score": 0,
        "disease": null,
        "severity": "none",
        "last_seen": null,
        "detection_count": 0,
        "center_lat": 17.38648648648649,
        "center_lng": 78.4887848746747
      }
    },
    {
      "type": "Feature",
      "geometry": {
        "type": "Polygon",
        "coordinates": [
          [
            [
              17.386441441441445,
              78.48883207594038
            ],
            [
              17.386531531531535,
              78.48883207594038
            ],
            [
              17.386531531531535,
              78.48892647847173
            ],
            [
              17.386441441441445,
              78.48892647847173
            ],
            [
              17.386441441441445,
              78.48883207594038
            ]
          ]
        ]
      },
      "properties": {
        "tile_id": 542,
        "score": 0,
        "disease": null,
        "severity": "none",
        "last_seen": null,
        "detection_count": 0,
        "center_lat": 17.38648648648649,
        "center_lng": 78.48887927720605
      }
    },
    {
      "type": "Feature",
      "geometry": {
        "type": "Polygon",
        "coordinates": [
          [
            [
              17.386441441441445,
              78.48892647847173
            ],
            [
              17.386531531531535,
              78.48892647847173
            ],
            [
              17.386531531531535,
              78.48902088100307
            ],
            [
              17.386441441441445,
              78.48902088100307
            ],
            [
              17.386441441441445,
              78.48892647847173
            ]
          ]
        ]
      },
      "properties": {
        "tile_id": 543,
        "score": 0,
        "disease": null,
        "severity": "none",
        "last_seen": null,
        "detection_count": 0,
        "center_lat": 17.38648648648649,
        "center_lng": 78.4889736797374
      }
    },
    {
      "type": "Feature",
      "geometry": {
        "type": "Polygon",
        "coordinates": [
          [
            [
              17.386531531531535,
              78.486
            ],
            [
              17.386621621621625,
              78.486
            ],
            [
              17.386621621621625,
              78.48609440253135
            ],
            [
              17.386531531531535,
              78.48609440253135
            ],
            [
              17.386531531531535,
              78.486
            ]
          ]
        ]
      },
      "properties": {
        "tile_id": 544,
        "score": 0,
        "disease": null,
        "severity": "none",
        "last_seen": null,
        "detection_count": 0,
        "center_lat": 17.38657657657658,
        "center_lng": 78.48604720126568
      }
    },
    {
      "type": "Feature",
      "geometry": {
        "type": "Polygon",
        "coordinates": [
          [
            [
              17.386531531531535,
              78.48609440253135
            ],
            [
              17.386621621621625,
              78.48609440253135
            ],
            [
              17.386621621621625,
              78.4861888050627
            ],
            [
              17.386531531531535,
              78.4861888050627
            ],
            [
              17.386531531531535,
              78.48609440253135
            ]
          ]
        ]
      },
      "properties": {
        "tile_id": 545,
        "score": 0,
        "disease": null,
        "severity": "none",
        "last_seen": null,
        "detection_count": 0,
        "center_lat": 17.38657657657658,
        "center_lng": 78.48614160379702
      }
    },
    {
      "type": "Feature",
      "geometry": {
        "type": "Polygon",
        "coordinates": [
          [
            [
              17.386531531531535,
              78.4861888050627
            ],
            [
              17.386621621621625,
              78.4861888050627
            ],
            [
              17.386621621621625,
              78.48628320759404
            ],
            [
              17.386531531531535,
              78.48628320759404
            ],
            [
              17.386531531531535,
              78.4861888050627
            ]
          ]
        ]
      },
      "properties": {
        "tile_id": 546,
        "score": 0,
        "disease": null,
        "severity": "none",
        "last_seen": null,
        "detection_count": 0,
        "center_lat": 17.38657657657658,
        "center_lng": 78.48623600632837
      }
    },
    {
      "type": "Feature",
      "geometry": {
        "type": "Polygon",
        "coordinates": [
          [
            [
              17.386531531531535,
              78.48628320759404
            ],
            [
              17.386621621621625,
              78.48628320759404
            ],
            [
              17.386621621621625,
              78.48637761012539
            ],
            [
              17.386531531531535,
              78.48637761012539
            ],
            [
              17.386531531531535,
              78.48628320759404
            ]
          ]
        ]
      },
      "properties": {
        "tile_id": 547,
        "score": 0,
        "disease": null,
        "severity": "none",
        "last_seen": null,
        "detection_count": 0,
        "center_lat": 17.38657657657658,
        "center_lng": 78.48633040885971
      }
    },
    {
      "type": "Feature",
      "geometry": {
        "type": "Polygon",
        "coordinates": [
          [
            [
              17.386531531531535,
              78.48637761012539
            ],
            [
              17.386621621621625,
              78.48637761012539
            ],
            [
              17.386621621621625,
              78.48647201265673
            ],
            [
              17.386531531531535,
              78.48647201265673
            ],
            [
              17.386531531531535,
              78.48637761012539
            ]
          ]
        ]
      },
      "properties": {
        "tile_id": 548,
        "score": 0,
        "disease": null,
        "severity": "none",
        "last_seen": null,
        "detection_count": 0,
        "center_lat": 17.38657657657658,
        "center_lng": 78.48642481139106
      }
    },
    {
      "type": "Feature",
      "geometry": {
        "type": "Polygon",
        "coordinates": [
          [
            [
              17.386531531531535,
              78.48647201265673
            ],
            [
              17.386621621621625,
              78.48647201265673
            ],
            [
              17.386621621621625,
              78.48656641518808
            ],
            [
              17.386531531531535,
              78.48656641518808
            ],
            [
              17.386531531531535,
              78.48647201265673
            ]
          ]
        ]
      },
      "properties": {
        "tile_id": 549,
        "score": 0,
        "disease": null,
        "severity": "none",
        "last_seen": null,
        "detection_count": 0,
        "center_lat": 17.38657657657658,
        "center_lng": 78.4865192139224
      }
    },
    {
      "type": "Feature",
      "geometry": {
        "type": "Polygon",
        "coordinates": [
          [
            [
              17.386531531531535,
              78.48656641518808
            ],
            [
              17.386621621621625,
              78.48656641518808
            ],
            [
              17.386621621621625,
              78.48666081771943
            ],
            [
              17.386531531531535,
              78.48666081771943
            ],
            [
              17.386531531531535,
              78.48656641518808
            ]
          ]
        ]
      },
      "properties": {
        "tile_id": 550,
        "score": 0,
        "disease": null,
        "severity": "none",
        "last_seen": null,
        "detection_count": 0,
        "center_lat": 17.38657657657658,
        "center_lng": 78.48661361645375
      }
    },
    {
      "type": "Feature",
      "geometry": {
        "type": "Polygon",
        "coordinates": [
          [
            [
              17.386531531531535,
              78.48666081771943
            ],
            [
              17.386621621621625,
              78.48666081771943
            ],
            [
              17.386621621621625,
              78.48675522025077
            ],
            [
              17.386531531531535,
              78.48675522025077
            ],
            [
              17.386531531531535,
              78.48666081771943
            ]
          ]
        ]
      },
      "properties": {
        "tile_id": 551,
        "score": 0,
        "disease": null,
        "severity": "none",
        "last_seen": null,
        "detection_count": 0,
        "center_lat": 17.38657657657658,
        "center_lng": 78.4867080189851
      }
    },
    {
      "type": "Feature",
      "geometry": {
        "type": "Polygon",
        "coordinates": [
          [
            [
              17.386531531531535,
              78.48675522025077
            ],
            [
              17.386621621621625,
              78.48675522025077
            ],
            [
              17.386621621621625,
              78.48684962278212
            ],
            [
              17.386531531531535,
              78.48684962278212
            ],
            [
              17.386531531531535,
              78.48675522025077
            ]
          ]
        ]
      },
      "properties": {
        "tile_id": 552,
        "score": 0,
        "disease": null,
        "severity": "none",
        "last_seen": null,
        "detection_count": 0,
        "center_lat": 17.38657657657658,
        "center_lng": 78.48680242151644
      }
    },
    {
      "type": "Feature",
      "geometry": {
        "type": "Polygon",
        "coordinates": [
          [
            [
              17.386531531531535,
              78.48684962278212
            ],
            [
              17.386621621621625,
              78.48684962278212
            ],
            [
              17.386621621621625,
              78.48694402531346
            ],
            [
              17.386531531531535,
              78.48694402531346
            ],
            [
              17.386531531531535,
              78.48684962278212
            ]
          ]
        ]
      },
      "properties": {
        "tile_id": 553,
        "score": 0,
        "disease": null,
        "severity": "none",
        "last_seen": null,
        "detection_count": 0,
        "center_lat": 17.38657657657658,
        "center_lng": 78.48689682404779
      }
    },
    {
      "type": "Feature",
      "geometry": {
        "type": "Polygon",
        "coordinates": [
          [
            [
              17.386531531531535,
              78.48694402531346
            ],
            [
              17.386621621621625,
              78.48694402531346
            ],
            [
              17.386621621621625,
              78.48703842784481
            ],
            [
              17.386531531531535,
              78.48703842784481
            ],
            [
              17.386531531531535,
              78.48694402531346
            ]
          ]
        ]
      },
      "properties": {
        "tile_id": 554,
        "score": 0,
        "disease": null,
        "severity": "none",
        "last_seen": null,
        "detection_count": 0,
        "center_lat": 17.38657657657658,
        "center_lng": 78.48699122657914
      }
    },
    {
      "type": "Feature",
      "geometry": {
        "type": "Polygon",
        "coordinates": [
          [
            [
              17.386531531531535,
              78.48703842784481
            ],
            [
              17.386621621621625,
              78.48703842784481
            ],
            [
              17.386621621621625,
              78.48713283037615
            ],
            [
              17.386531531531535,
              78.48713283037615
            ],
            [
              17.386531531531535,
              78.48703842784481
            ]
          ]
        ]
      },
      "properties": {
        "tile_id": 555,
        "score": 0,
        "disease": null,
        "severity": "none",
        "last_seen": null,
        "detection_count": 0,
        "center_lat": 17.38657657657658,
        "center_lng": 78.48708562911048
      }
    },
    {
      "type": "Feature",
      "geometry": {
        "type": "Polygon",
        "coordinates": [
          [
            [
              17.386531531531535,
              78.48713283037615
            ],
            [
              17.386621621621625,
              78.48713283037615
            ],
            [
              17.386621621621625,
              78.4872272329075
            ],
            [
              17.386531531531535,
              78.4872272329075
            ],
            [
              17.386531531531535,
              78.48713283037615
            ]
          ]
        ]
      },
      "properties": {
        "tile_id": 556,
        "score": 0,
        "disease": null,
        "severity": "none",
        "last_seen": null,
        "detection_count": 0,
        "center_lat": 17.38657657657658,
        "center_lng": 78.48718003164183
      }
    },
    {
      "type": "Feature",
      "geometry": {
        "type": "Polygon",
        "coordinates": [
          [
            [
              17.386531531531535,
              78.4872272329075
            ],
            [
              17.386621621621625,
              78.4872272329075
            ],
            [
              17.386621621621625,
              78.48732163543885
            ],
            [
              17.386531531531535,
              78.48732163543885
            ],
            [
              17.386531531531535,
              78.4872272329075
            ]
          ]
        ]
      },
      "properties": {
        "tile_id": 557,
        "score": 0,
        "disease": null,
        "severity": "none",
        "last_seen": null,
        "detection_count": 0,
        "center_lat": 17.38657657657658,
        "center_lng": 78.48727443417317
      }
    },
    {
      "type": "Feature",
      "geometry": {
        "type": "Polygon",
        "coordinates": [
          [
            [
              17.386531531531535,
              78.48732163543885
            ],
            [
              17.386621621621625,
              78.48732163543885
            ],
            [
              17.386621621621625,
              78.48741603797019
            ],
            [
              17.386531531531535,
              78.48741603797019
            ],
            [
              17.386531531531535,
              78.48732163543885
            ]
          ]
        ]
      },
      "properties": {
        "tile_id": 558,
        "score": 0,
        "disease": null,
        "severity": "none",
        "last_seen": null,
        "detection_count": 0,
        "center_lat": 17.38657657657658,
        "center_lng": 78.48736883670452
      }
    },
    {
      "type": "Feature",
      "geometry": {
        "type": "Polygon",
        "coordinates": [
          [
            [
              17.386531531531535,
              78.48741603797019
            ],
            [
              17.386621621621625,
              78.48741603797019
            ],
            [
              17.386621621621625,
              78.48751044050154
            ],
            [
              17.386531531531535,
              78.48751044050154
            ],
            [
              17.386531531531535,
              78.48741603797019
            ]
          ]
        ]
      },
      "properties": {
        "tile_id": 559,
        "score": 0,
        "disease": null,
        "severity": "none",
        "last_seen": null,
        "detection_count": 0,
        "center_lat": 17.38657657657658,
        "center_lng": 78.48746323923586
      }
    },
    {
      "type": "Feature",
      "geometry": {
        "type": "Polygon",
        "coordinates": [
          [
            [
              17.386531531531535,
              78.48751044050154
            ],
            [
              17.386621621621625,
              78.48751044050154
            ],
            [
              17.386621621621625,
              78.48760484303288
            ],
            [
              17.386531531531535,
              78.48760484303288
            ],
            [
              17.386531531531535,
              78.48751044050154
            ]
          ]
        ]
      },
      "properties": {
        "tile_id": 560,
        "score": 0,
        "disease": null,
        "severity": "none",
        "last_seen": null,
        "detection_count": 0,
        "center_lat": 17.38657657657658,
        "center_lng": 78.48755764176721
      }
    },
    {
      "type": "Feature",
      "geometry": {
        "type": "Polygon",
        "coordinates": [
          [
            [
              17.386531531531535,
              78.48760484303288
            ],
            [
              17.386621621621625,
              78.48760484303288
            ],
            [
              17.386621621621625,
              78.48769924556423
            ],
            [
              17.386531531531535,
              78.48769924556423
            ],
            [
              17.386531531531535,
              78.48760484303288
            ]
          ]
        ]
      },
      "properties": {
        "tile_id": 561,
        "score": 0,
        "disease": null,
        "severity": "none",
        "last_seen": null,
        "detection_count": 0,
        "center_lat": 17.38657657657658,
        "center_lng": 78.48765204429856
      }
    },
    {
      "type": "Feature",
      "geometry": {
        "type": "Polygon",
        "coordinates": [
          [
            [
              17.386531531531535,
              78.48769924556423
            ],
            [
              17.386621621621625,
              78.48769924556423
            ],
            [
              17.386621621621625,
              78.48779364809558
            ],
            [
              17.386531531531535,
              78.48779364809558
            ],
            [
              17.386531531531535,
              78.48769924556423
            ]
          ]
        ]
      },
      "properties": {
        "tile_id": 562,
        "score": 0,
        "disease": null,
        "severity": "none",
        "last_seen": null,
        "detection_count": 0,
        "center_lat": 17.38657657657658,
        "center_lng": 78.4877464468299
      }
    },
    {
      "type": "Feature",
      "geometry": {
        "type": "Polygon",
        "coordinates": [
          [
            [
              17.386531531531535,
              78.48779364809558
            ],
            [
              17.386621621621625,
              78.48779364809558
            ],
            [
              17.386621621621625,
              78.48788805062692
            ],
            [
              17.386531531531535,
              78.48788805062692
            ],
            [
              17.386531531531535,
              78.48779364809558
            ]
          ]
        ]
      },
      "properties": {
        "tile_id": 563,
        "score": 0,
        "disease": null,
        "severity": "none",
        "last_seen": null,
        "detection_count": 0,
        "center_lat": 17.38657657657658,
        "center_lng": 78.48784084936125
      }
    },
    {
      "type": "Feature",
      "geometry": {
        "type": "Polygon",
        "coordinates": [
          [
            [
              17.386531531531535,
              78.48788805062692
            ],
            [
              17.386621621621625,
              78.48788805062692
            ],
            [
              17.386621621621625,
              78.48798245315827
            ],
            [
              17.386531531531535,
              78.48798245315827
            ],
            [
              17.386531531531535,
              78.48788805062692
            ]
          ]
        ]
      },
      "properties": {
        "tile_id": 564,
        "score": 0,
        "disease": null,
        "severity": "none",
        "last_seen": null,
        "detection_count": 0,
        "center_lat": 17.38657657657658,
        "center_lng": 78.4879352518926
      }
    },
    {
      "type": "Feature",
      "geometry": {
        "type": "Polygon",
        "coordinates": [
          [
            [
              17.386531531531535,
              78.48798245315827
            ],
            [
              17.386621621621625,
              78.48798245315827
            ],
            [
              17.386621621621625,
              78.48807685568961
            ],
            [
              17.386531531531535,
              78.48807685568961
            ],
            [
              17.386531531531535,
              78.48798245315827
            ]
          ]
        ]
      },
      "properties": {
        "tile_id": 565,
        "score": 0,
        "disease": null,
        "severity": "none",
        "last_seen": null,
        "detection_count": 0,
        "center_lat": 17.38657657657658,
        "center_lng": 78.48802965442394
      }
    },
    {
      "type": "Feature",
      "geometry": {
        "type": "Polygon",
        "coordinates": [
          [
            [
              17.386531531531535,
              78.48807685568961
            ],
            [
              17.386621621621625,
              78.48807685568961
            ],
            [
              17.386621621621625,
              78.48817125822096
            ],
            [
              17.386531531531535,
              78.48817125822096
            ],
            [
              17.386531531531535,
              78.48807685568961
            ]
          ]
        ]
      },
      "properties": {
        "tile_id": 566,
        "score": 0,
        "disease": null,
        "severity": "none",
        "last_seen": null,
        "detection_count": 0,
        "center_lat": 17.38657657657658,
        "center_lng": 78.48812405695529
      }
    },
    {
      "type": "Feature",
      "geometry": {
        "type": "Polygon",
        "coordinates": [
          [
            [
              17.386531531531535,
              78.48817125822096
            ],
            [
              17.386621621621625,
              78.48817125822096
            ],
            [
              17.386621621621625,
              78.4882656607523
            ],
            [
              17.386531531531535,
              78.4882656607523
            ],
            [
              17.386531531531535,
              78.48817125822096
            ]
          ]
        ]
      },
      "properties": {
        "tile_id": 567,
        "score": 0,
        "disease": null,
        "severity": "none",
        "last_seen": null,
        "detection_count": 0,
        "center_lat": 17.38657657657658,
        "center_lng": 78.48821845948663
      }
    },
    {
      "type": "Feature",
      "geometry": {
        "type": "Polygon",
        "coordinates": [
          [
            [
              17.386531531531535,
              78.4882656607523
            ],
            [
              17.386621621621625,
              78.4882656607523
            ],
            [
              17.386621621621625,
              78.48836006328365
            ],
            [
              17.386531531531535,
              78.48836006328365
            ],
            [
              17.386531531531535,
              78.4882656607523
            ]
          ]
        ]
      },
      "properties": {
        "tile_id": 568,
        "score": 0,
        "disease": null,
        "severity": "none",
        "last_seen": null,
        "detection_count": 0,
        "center_lat": 17.38657657657658,
        "center_lng": 78.48831286201798
      }
    },
    {
      "type": "Feature",
      "geometry": {
        "type": "Polygon",
        "coordinates": [
          [
            [
              17.386531531531535,
              78.48836006328365
            ],
            [
              17.386621621621625,
              78.48836006328365
            ],
            [
              17.386621621621625,
              78.488454465815
            ],
            [
              17.386531531531535,
              78.488454465815
            ],
            [
              17.386531531531535,
              78.48836006328365
            ]
          ]
        ]
      },
      "properties": {
        "tile_id": 569,
        "score": 0,
        "disease": null,
        "severity": "none",
        "last_seen": null,
        "detection_count": 0,
        "center_lat": 17.38657657657658,
        "center_lng": 78.48840726454932
      }
    },
    {
      "type": "Feature",
      "geometry": {
        "type": "Polygon",
        "coordinates": [
          [
            [
              17.386531531531535,
              78.488454465815
            ],
            [
              17.386621621621625,
              78.488454465815
            ],
            [
              17.386621621621625,
              78.48854886834634
            ],
            [
              17.386531531531535,
              78.48854886834634
            ],
            [
              17.386531531531535,
              78.488454465815
            ]
          ]
        ]
      },
      "properties": {
        "tile_id": 570,
        "score": 0,
        "disease": null,
        "severity": "none",
        "last_seen": null,
        "detection_count": 0,
        "center_lat": 17.38657657657658,
        "center_lng": 78.48850166708067
      }
    },
    {
      "type": "Feature",
      "geometry": {
        "type": "Polygon",
        "coordinates": [
          [
            [
              17.386531531531535,
              78.48854886834634
            ],
            [
              17.386621621621625,
              78.48854886834634
            ],
            [
              17.386621621621625,
              78.48864327087769
            ],
            [
              17.386531531531535,
              78.48864327087769
            ],
            [
              17.386531531531535,
              78.48854886834634
            ]
          ]
        ]
      },
      "properties": {
        "tile_id": 571,
        "score": 0,
        "disease": null,
        "severity": "none",
        "last_seen": null,
        "detection_count": 0,
        "center_lat": 17.38657657657658,
        "center_lng": 78.48859606961202
      }
    },
    {
      "type": "Feature",
      "geometry": {
        "type": "Polygon",
        "coordinates": [
          [
            [
              17.386531531531535,
              78.48864327087769
            ],
            [
              17.386621621621625,
              78.48864327087769
            ],
            [
              17.386621621621625,
              78.48873767340903
            ],
            [
              17.386531531531535,
              78.48873767340903
            ],
            [
              17.386531531531535,
              78.48864327087769
            ]
          ]
        ]
      },
      "properties": {
        "tile_id": 572,
        "score": 0,
        "disease": null,
        "severity": "none",
        "last_seen": null,
        "detection_count": 0,
        "center_lat": 17.38657657657658,
        "center_lng": 78.48869047214336
      }
    },
    {
      "type": "Feature",
      "geometry": {
        "type": "Polygon",
        "coordinates": [
          [
            [
              17.386531531531535,
              78.48873767340903
            ],
            [
              17.386621621621625,
              78.48873767340903
            ],
            [
              17.386621621621625,
              78.48883207594038
            ],
            [
              17.386531531531535,
              78.48883207594038
            ],
            [
              17.386531531531535,
              78.48873767340903
            ]
          ]
        ]
      },
      "properties": {
        "tile_id": 573,
        "score": 0,
        "disease": null,
        "severity": "none",
        "last_seen": null,
        "detection_count": 0,
        "center_lat": 17.38657657657658,
        "center_lng": 78.4887848746747
      }
    },
    {
      "type": "Feature",
      "geometry": {
        "type": "Polygon",
        "coordinates": [
          [
            [
              17.386531531531535,
              78.48883207594038
            ],
            [
              17.386621621621625,
              78.48883207594038
            ],
            [
              17.386621621621625,
              78.48892647847173
            ],
            [
              17.386531531531535,
              78.48892647847173
            ],
            [
              17.386531531531535,
              78.48883207594038
            ]
          ]
        ]
      },
      "properties": {
        "tile_id": 574,
        "score": 0,
        "disease": null,
        "severity": "none",
        "last_seen": null,
        "detection_count": 0,
        "center_lat": 17.38657657657658,
        "center_lng": 78.48887927720605
      }
    },
    {
      "type": "Feature",
      "geometry": {
        "type": "Polygon",
        "coordinates": [
          [
            [
              17.386531531531535,
              78.48892647847173
            ],
            [
              17.386621621621625,
              78.48892647847173
            ],
            [
              17.386621621621625,
              78.48902088100307
            ],
            [
              17.386531531531535,
              78.48902088100307
            ],
            [
              17.386531531531535,
              78.48892647847173
            ]
          ]
        ]
      },
      "properties": {
        "tile_id": 575,
        "score": 0,
        "disease": null,
        "severity": "none",
        "last_seen": null,
        "detection_count": 0,
        "center_lat": 17.38657657657658,
        "center_lng": 78.4889736797374
      }
    },
    {
      "type": "Feature",
      "geometry": {
        "type": "Polygon",
        "coordinates": [
          [
            [
              17.386621621621625,
              78.486
            ],
            [
              17.386711711711715,
              78.486
            ],
            [
              17.386711711711715,
              78.48609440253135
            ],
            [
              17.386621621621625,
              78.48609440253135
            ],
            [
              17.386621621621625,
              78.486
            ]
          ]
        ]
      },
      "properties": {
        "tile_id": 576,
        "score": 0,
        "disease": null,
        "severity": "none",
        "last_seen": null,
        "detection_count": 0,
        "center_lat": 17.38666666666667,
        "center_lng": 78.48604720126568
      }
    },
    {
      "type": "Feature",
      "geometry": {
        "type": "Polygon",
        "coordinates": [
          [
            [
              17.386621621621625,
              78.48609440253135
            ],
            [
              17.386711711711715,
              78.48609440253135
            ],
            [
              17.386711711711715,
              78.4861888050627
            ],
            [
              17.386621621621625,
              78.4861888050627
            ],
            [
              17.386621621621625,
              78.48609440253135
            ]
          ]
        ]
      },
      "properties": {
        "tile_id": 577,
        "score": 0,
        "disease": null,
        "severity": "none",
        "last_seen": null,
        "detection_count": 0,
        "center_lat": 17.38666666666667,
        "center_lng": 78.48614160379702
      }
    },
    {
      "type": "Feature",
      "geometry": {
        "type": "Polygon",
        "coordinates": [
          [
            [
              17.386621621621625,
              78.4861888050627
            ],
            [
              17.386711711711715,
              78.4861888050627
            ],
            [
              17.386711711711715,
              78.48628320759404
            ],
            [
              17.386621621621625,
              78.48628320759404
            ],
            [
              17.386621621621625,
              78.4861888050627
            ]
          ]
        ]
      },
      "properties": {
        "tile_id": 578,
        "score": 0,
        "disease": null,
        "severity": "none",
        "last_seen": null,
        "detection_count": 0,
        "center_lat": 17.38666666666667,
        "center_lng": 78.48623600632837
      }
    },
    {
      "type": "Feature",
      "geometry": {
        "type": "Polygon",
        "coordinates": [
          [
            [
              17.386621621621625,
              78.48628320759404
            ],
            [
              17.386711711711715,
              78.48628320759404
            ],
            [
              17.386711711711715,
              78.48637761012539
            ],
            [
              17.386621621621625,
              78.48637761012539
            ],
            [
              17.386621621621625,
              78.48628320759404
            ]
          ]
        ]
      },
      "properties": {
        "tile_id": 579,
        "score": 0,
        "disease": null,
        "severity": "none",
        "last_seen": null,
        "detection_count": 0,
        "center_lat": 17.38666666666667,
        "center_lng": 78.48633040885971
      }
    },
    {
      "type": "Feature",
      "geometry": {
        "type": "Polygon",
        "coordinates": [
          [
            [
              17.386621621621625,
              78.48637761012539
            ],
            [
              17.386711711711715,
              78.48637761012539
            ],
            [
              17.386711711711715,
              78.48647201265673
            ],
            [
              17.386621621621625,
              78.48647201265673
            ],
            [
              17.386621621621625,
              78.48637761012539
            ]
          ]
        ]
      },
      "properties": {
        "tile_id": 580,
        "score": 0,
        "disease": null,
        "severity": "none",
        "last_seen": null,
        "detection_count": 0,
        "center_lat": 17.38666666666667,
        "center_lng": 78.48642481139106
      }
    },
    {
      "type": "Feature",
      "geometry": {
        "type": "Polygon",
        "coordinates": [
          [
            [
              17.386621621621625,
              78.48647201265673
            ],
            [
              17.386711711711715,
              78.48647201265673
            ],
            [
              17.386711711711715,
              78.48656641518808
            ],
            [
              17.386621621621625,
              78.48656641518808
            ],
            [
              17.386621621621625,
              78.48647201265673
            ]
          ]
        ]
      },
      "properties": {
        "tile_id": 581,
        "score": 0,
        "disease": null,
        "severity": "none",
        "last_seen": null,
        "detection_count": 0,
        "center_lat": 17.38666666666667,
        "center_lng": 78.4865192139224
      }
    },
    {
      "type": "Feature",
      "geometry": {
        "type": "Polygon",
        "coordinates": [
          [
            [
              17.386621621621625,
              78.48656641518808
            ],
            [
              17.386711711711715,
              78.48656641518808
            ],
            [
              17.386711711711715,
              78.48666081771943
            ],
            [
              17.386621621621625,
              78.48666081771943
            ],
            [
              17.386621621621625,
              78.48656641518808
            ]
          ]
        ]
      },
      "properties": {
        "tile_id": 582,
        "score": 0,
        "disease": null,
        "severity": "none",
        "last_seen": null,
        "detection_count": 0,
        "center_lat": 17.38666666666667,
        "center_lng": 78.48661361645375
      }
    },
    {
      "type": "Feature",
      "geometry": {
        "type": "Polygon",
        "coordinates": [
          [
            [
              17.386621621621625,
              78.48666081771943
            ],
            [
              17.386711711711715,
              78.48666081771943
            ],
            [
              17.386711711711715,
              78.48675522025077
            ],
            [
              17.386621621621625,
              78.48675522025077
            ],
            [
              17.386621621621625,
              78.48666081771943
            ]
          ]
        ]
      },
      "properties": {
        "tile_id": 583,
        "score": 0,
        "disease": null,
        "severity": "none",
        "last_seen": null,
        "detection_count": 0,
        "center_lat": 17.38666666666667,
        "center_lng": 78.4867080189851
      }
    },
    {
      "type": "Feature",
      "geometry": {
        "type": "Polygon",
        "coordinates": [
          [
            [
              17.386621621621625,
              78.48675522025077
            ],
            [
              17.386711711711715,
              78.48675522025077
            ],
            [
              17.386711711711715,
              78.48684962278212
            ],
            [
              17.386621621621625,
              78.48684962278212
            ],
            [
              17.386621621621625,
              78.48675522025077
            ]
          ]
        ]
      },
      "properties": {
        "tile_id": 584,
        "score": 0,
        "disease": null,
        "severity": "none",
        "last_seen": null,
        "detection_count": 0,
        "center_lat": 17.38666666666667,
        "center_lng": 78.48680242151644
      }
    },
    {
      "type": "Feature",
      "geometry": {
        "type": "Polygon",
        "coordinates": [
          [
            [
              17.386621621621625,
              78.48684962278212
            ],
            [
              17.386711711711715,
              78.48684962278212
            ],
            [
              17.386711711711715,
              78.48694402531346
            ],
            [
              17.386621621621625,
              78.48694402531346
            ],
            [
              17.386621621621625,
              78.48684962278212
            ]
          ]
        ]
      },
      "properties": {
        "tile_id": 585,
        "score": 0,
        "disease": null,
        "severity": "none",
        "last_seen": null,
        "detection_count": 0,
        "center_lat": 17.38666666666667,
        "center_lng": 78.48689682404779
      }
    },
    {
      "type": "Feature",
      "geometry": {
        "type": "Polygon",
        "coordinates": [
          [
            [
              17.386621621621625,
              78.48694402531346
            ],
            [
              17.386711711711715,
              78.48694402531346
            ],
            [
              17.386711711711715,
              78.48703842784481
            ],
            [
              17.386621621621625,
              78.48703842784481
            ],
            [
              17.386621621621625,
              78.48694402531346
            ]
          ]
        ]
      },
      "properties": {
        "tile_id": 586,
        "score": 0,
        "disease": null,
        "severity": "none",
        "last_seen": null,
        "detection_count": 0,
        "center_lat": 17.38666666666667,
        "center_lng": 78.48699122657914
      }
    },
    {
      "type": "Feature",
      "geometry": {
        "type": "Polygon",
        "coordinates": [
          [
            [
              17.386621621621625,
              78.48703842784481
            ],
            [
              17.386711711711715,
              78.48703842784481
            ],
            [
              17.386711711711715,
              78.48713283037615
            ],
            [
              17.386621621621625,
              78.48713283037615
            ],
            [
              17.386621621621625,
              78.48703842784481
            ]
          ]
        ]
      },
      "properties": {
        "tile_id": 587,
        "score": 0,
        "disease": null,
        "severity": "none",
        "last_seen": null,
        "detection_count": 0,
        "center_lat": 17.38666666666667,
        "center_lng": 78.48708562911048
      }
    },
    {
      "type": "Feature",
      "geometry": {
        "type": "Polygon",
        "coordinates": [
          [
            [
              17.386621621621625,
              78.48713283037615
            ],
            [
              17.386711711711715,
              78.48713283037615
            ],
            [
              17.386711711711715,
              78.4872272329075
            ],
            [
              17.386621621621625,
              78.4872272329075
            ],
            [
              17.386621621621625,
              78.48713283037615
            ]
          ]
        ]
      },
      "properties": {
        "tile_id": 588,
        "score": 0,
        "disease": null,
        "severity": "none",
        "last_seen": null,
        "detection_count": 0,
        "center_lat": 17.38666666666667,
        "center_lng": 78.48718003164183
      }
    },
    {
      "type": "Feature",
      "geometry": {
        "type": "Polygon",
        "coordinates": [
          [
            [
              17.386621621621625,
              78.4872272329075
            ],
            [
              17.386711711711715,
              78.4872272329075
            ],
            [
              17.386711711711715,
              78.48732163543885
            ],
            [
              17.386621621621625,
              78.48732163543885
            ],
            [
              17.386621621621625,
              78.4872272329075
            ]
          ]
        ]
      },
      "properties": {
        "tile_id": 589,
        "score": 0,
        "disease": null,
        "severity": "none",
        "last_seen": null,
        "detection_count": 0,
        "center_lat": 17.38666666666667,
        "center_lng": 78.48727443417317
      }
    },
    {
      "type": "Feature",
      "geometry": {
        "type": "Polygon",
        "coordinates": [
          [
            [
              17.386621621621625,
              78.48732163543885
            ],
            [
              17.386711711711715,
              78.48732163543885
            ],
            [
              17.386711711711715,
              78.48741603797019
            ],
            [
              17.386621621621625,
              78.48741603797019
            ],
            [
              17.386621621621625,
              78.48732163543885
            ]
          ]
        ]
      },
      "properties": {
        "tile_id": 590,
        "score": 0,
        "disease": null,
        "severity": "none",
        "last_seen": null,
        "detection_count": 0,
        "center_lat": 17.38666666666667,
        "center_lng": 78.48736883670452
      }
    },
    {
      "type": "Feature",
      "geometry": {
        "type": "Polygon",
        "coordinates": [
          [
            [
              17.386621621621625,
              78.48741603797019
            ],
            [
              17.386711711711715,
              78.48741603797019
            ],
            [
              17.386711711711715,
              78.48751044050154
            ],
            [
              17.386621621621625,
              78.48751044050154
            ],
            [
              17.386621621621625,
              78.48741603797019
            ]
          ]
        ]
      },
      "properties": {
        "tile_id": 591,
        "score": 0,
        "disease": null,
        "severity": "none",
        "last_seen": null,
        "detection_count": 0,
        "center_lat": 17.38666666666667,
        "center_lng": 78.48746323923586
      }
    },
    {
      "type": "Feature",
      "geometry": {
        "type": "Polygon",
        "coordinates": [
          [
            [
              17.386621621621625,
              78.48751044050154
            ],
            [
              17.386711711711715,
              78.48751044050154
            ],
            [
              17.386711711711715,
              78.48760484303288
            ],
            [
              17.386621621621625,
              78.48760484303288
            ],
            [
              17.386621621621625,
              78.48751044050154
            ]
          ]
        ]
      },
      "properties": {
        "tile_id": 592,
        "score": 0,
        "disease": null,
        "severity": "none",
        "last_seen": null,
        "detection_count": 0,
        "center_lat": 17.38666666666667,
        "center_lng": 78.48755764176721
      }
    },
    {
      "type": "Feature",
      "geometry": {
        "type": "Polygon",
        "coordinates": [
          [
            [
              17.386621621621625,
              78.48760484303288
            ],
            [
              17.386711711711715,
              78.48760484303288
            ],
            [
              17.386711711711715,
              78.48769924556423
            ],
            [
              17.386621621621625,
              78.48769924556423
            ],
            [
              17.386621621621625,
              78.48760484303288
            ]
          ]
        ]
      },
      "properties": {
        "tile_id": 593,
        "score": 0,
        "disease": null,
        "severity": "none",
        "last_seen": null,
        "detection_count": 0,
        "center_lat": 17.38666666666667,
        "center_lng": 78.48765204429856
      }
    },
    {
      "type": "Feature",
      "geometry": {
        "type": "Polygon",
        "coordinates": [
          [
            [
              17.386621621621625,
              78.48769924556423
            ],
            [
              17.386711711711715,
              78.48769924556423
            ],
            [
              17.386711711711715,
              78.48779364809558
            ],
            [
              17.386621621621625,
              78.48779364809558
            ],
            [
              17.386621621621625,
              78.48769924556423
            ]
          ]
        ]
      },
      "properties": {
        "tile_id": 594,
        "score": 0,
        "disease": null,
        "severity": "none",
        "last_seen": null,
        "detection_count": 0,
        "center_lat": 17.38666666666667,
        "center_lng": 78.4877464468299
      }
    },
    {
      "type": "Feature",
      "geometry": {
        "type": "Polygon",
        "coordinates": [
          [
            [
              17.386621621621625,
              78.48779364809558
            ],
            [
              17.386711711711715,
              78.48779364809558
            ],
            [
              17.386711711711715,
              78.48788805062692
            ],
            [
              17.386621621621625,
              78.48788805062692
            ],
            [
              17.386621621621625,
              78.48779364809558
            ]
          ]
        ]
      },
      "properties": {
        "tile_id": 595,
        "score": 0,
        "disease": null,
        "severity": "none",
        "last_seen": null,
        "detection_count": 0,
        "center_lat": 17.38666666666667,
        "center_lng": 78.48784084936125
      }
    },
    {
      "type": "Feature",
      "geometry": {
        "type": "Polygon",
        "coordinates": [
          [
            [
              17.386621621621625,
              78.48788805062692
            ],
            [
              17.386711711711715,
              78.48788805062692
            ],
            [
              17.386711711711715,
              78.48798245315827
            ],
            [
              17.386621621621625,
              78.48798245315827
            ],
            [
              17.386621621621625,
              78.48788805062692
            ]
          ]
        ]
      },
      "properties": {
        "tile_id": 596,
        "score": 0,
        "disease": null,
        "severity": "none",
        "last_seen": null,
        "detection_count": 0,
        "center_lat": 17.38666666666667,
        "center_lng": 78.4879352518926
      }
    },
    {
      "type": "Feature",
      "geometry": {
        "type": "Polygon",
        "coordinates": [
          [
            [
              17.386621621621625,
              78.48798245315827
            ],
            [
              17.386711711711715,
              78.48798245315827
            ],
            [
              17.386711711711715,
              78.48807685568961
            ],
            [
              17.386621621621625,
              78.48807685568961
            ],
            [
              17.386621621621625,
              78.48798245315827
            ]
          ]
        ]
      },
      "properties": {
        "tile_id": 597,
        "score": 0,
        "disease": null,
        "severity": "none",
        "last_seen": null,
        "detection_count": 0,
        "center_lat": 17.38666666666667,
        "center_lng": 78.48802965442394
      }
    },
    {
      "type": "Feature",
      "geometry": {
        "type": "Polygon",
        "coordinates": [
          [
            [
              17.386621621621625,
              78.48807685568961
            ],
            [
              17.386711711711715,
              78.48807685568961
            ],
            [
              17.386711711711715,
              78.48817125822096
            ],
            [
              17.386621621621625,
              78.48817125822096
            ],
            [
              17.386621621621625,
              78.48807685568961
            ]
          ]
        ]
      },
      "properties": {
        "tile_id": 598,
        "score": 0,
        "disease": null,
        "severity": "none",
        "last_seen": null,
        "detection_count": 0,
        "center_lat": 17.38666666666667,
        "center_lng": 78.48812405695529
      }
    },
    {
      "type": "Feature",
      "geometry": {
        "type": "Polygon",
        "coordinates": [
          [
            [
              17.386621621621625,
              78.48817125822096
            ],
            [
              17.386711711711715,
              78.48817125822096
            ],
            [
              17.386711711711715,
              78.4882656607523
            ],
            [
              17.386621621621625,
              78.4882656607523
            ],
            [
              17.386621621621625,
              78.48817125822096
            ]
          ]
        ]
      },
      "properties": {
        "tile_id": 599,
        "score": 0,
        "disease": null,
        "severity": "none",
        "last_seen": null,
        "detection_count": 0,
        "center_lat": 17.38666666666667,
        "center_lng": 78.48821845948663
      }
    },
    {
      "type": "Feature",
      "geometry": {
        "type": "Polygon",
        "coordinates": [
          [
            [
              17.386621621621625,
              78.4882656607523
            ],
            [
              17.386711711711715,
              78.4882656607523
            ],
            [
              17.386711711711715,
              78.48836006328365
            ],
            [
              17.386621621621625,
              78.48836006328365
            ],
            [
              17.386621621621625,
              78.4882656607523
            ]
          ]
        ]
      },
      "properties": {
        "tile_id": 600,
        "score": 0,
        "disease": null,
        "severity": "none",
        "last_seen": null,
        "detection_count": 0,
        "center_lat": 17.38666666666667,
        "center_lng": 78.48831286201798
      }
    },
    {
      "type": "Feature",
      "geometry": {
        "type": "Polygon",
        "coordinates": [
          [
            [
              17.386621621621625,
              78.48836006328365
            ],
            [
              17.386711711711715,
              78.48836006328365
            ],
            [
              17.386711711711715,
              78.488454465815
            ],
            [
              17.386621621621625,
              78.488454465815
            ],
            [
              17.386621621621625,
              78.48836006328365
            ]
          ]
        ]
      },
      "properties": {
        "tile_id": 601,
        "score": 0,
        "disease": null,
        "severity": "none",
        "last_seen": null,
        "detection_count": 0,
        "center_lat": 17.38666666666667,
        "center_lng": 78.48840726454932
      }
    },
    {
      "type": "Feature",
      "geometry": {
        "type": "Polygon",
        "coordinates": [
          [
            [
              17.386621621621625,
              78.488454465815
            ],
            [
              17.386711711711715,
              78.488454465815
            ],
            [
              17.386711711711715,
              78.48854886834634
            ],
            [
              17.386621621621625,
              78.48854886834634
            ],
            [
              17.386621621621625,
              78.488454465815
            ]
          ]
        ]
      },
      "properties": {
        "tile_id": 602,
        "score": 0,
        "disease": null,
        "severity": "none",
        "last_seen": null,
        "detection_count": 0,
        "center_lat": 17.38666666666667,
        "center_lng": 78.48850166708067
      }
    },
    {
      "type": "Feature",
      "geometry": {
        "type": "Polygon",
        "coordinates": [
          [
            [
              17.386621621621625,
              78.48854886834634
            ],
            [
              17.386711711711715,
              78.48854886834634
            ],
            [
              17.386711711711715,
              78.48864327087769
            ],
            [
              17.386621621621625,
              78.48864327087769
            ],
            [
              17.386621621621625,
              78.48854886834634
            ]
          ]
        ]
      },
      "properties": {
        "tile_id": 603,
        "score": 0,
        "disease": null,
        "severity": "none",
        "last_seen": null,
        "detection_count": 0,
        "center_lat": 17.38666666666667,
        "center_lng": 78.48859606961202
      }
    },
    {
      "type": "Feature",
      "geometry": {
        "type": "Polygon",
        "coordinates": [
          [
            [
              17.386621621621625,
              78.48864327087769
            ],
            [
              17.386711711711715,
              78.48864327087769
            ],
            [
              17.386711711711715,
              78.48873767340903
            ],
            [
              17.386621621621625,
              78.48873767340903
            ],
            [
              17.386621621621625,
              78.48864327087769
            ]
          ]
        ]
      },
      "properties": {
        "tile_id": 604,
        "score": 0,
        "disease": null,
        "severity": "none",
        "last_seen": null,
        "detection_count": 0,
        "center_lat": 17.38666666666667,
        "center_lng": 78.48869047214336
      }
    },
    {
      "type": "Feature",
      "geometry": {
        "type": "Polygon",
        "coordinates": [
          [
            [
              17.386621621621625,
              78.48873767340903
            ],
            [
              17.386711711711715,
              78.48873767340903
            ],
            [
              17.386711711711715,
              78.48883207594038
            ],
            [
              17.386621621621625,
              78.48883207594038
            ],
            [
              17.386621621621625,
              78.48873767340903
            ]
          ]
        ]
      },
      "properties": {
        "tile_id": 605,
        "score": 0,
        "disease": null,
        "severity": "none",
        "last_seen": null,
        "detection_count": 0,
        "center_lat": 17.38666666666667,
        "center_lng": 78.4887848746747
      }
    },
    {
      "type": "Feature",
      "geometry": {
        "type": "Polygon",
        "coordinates": [
          [
            [
              17.386621621621625,
              78.48883207594038
            ],
            [
              17.386711711711715,
              78.48883207594038
            ],
            [
              17.386711711711715,
              78.48892647847173
            ],
            [
              17.386621621621625,
              78.48892647847173
            ],
            [
              17.386621621621625,
              78.48883207594038
            ]
          ]
        ]
      },
      "properties": {
        "tile_id": 606,
        "score": 0,
        "disease": null,
        "severity": "none",
        "last_seen": null,
        "detection_count": 0,
        "center_lat": 17.38666666666667,
        "center_lng": 78.48887927720605
      }
    },
    {
      "type": "Feature",
      "geometry": {
        "type": "Polygon",
        "coordinates": [
          [
            [
              17.386621621621625,
              78.48892647847173
            ],
            [
              17.386711711711715,
              78.48892647847173
            ],
            [
              17.386711711711715,
              78.48902088100307
            ],
            [
              17.386621621621625,
              78.48902088100307
            ],
            [
              17.386621621621625,
              78.48892647847173
            ]
          ]
        ]
      },
      "properties": {
        "tile_id": 607,
        "score": 0,
        "disease": null,
        "severity": "none",
        "last_seen": null,
        "detection_count": 0,
        "center_lat": 17.38666666666667,
        "center_lng": 78.4889736797374
      }
    },
    {
      "type": "Feature",
      "geometry": {
        "type": "Polygon",
        "coordinates": [
          [
            [
              17.386711711711715,
              78.486
            ],
            [
              17.386801801801806,
              78.486
            ],
            [
              17.386801801801806,
              78.48609440253135
            ],
            [
              17.386711711711715,
              78.48609440253135
            ],
            [
              17.386711711711715,
              78.486
            ]
          ]
        ]
      },
      "properties": {
        "tile_id": 608,
        "score": 0,
        "disease": null,
        "severity": "none",
        "last_seen": null,
        "detection_count": 0,
        "center_lat": 17.38675675675676,
        "center_lng": 78.48604720126568
      }
    },
    {
      "type": "Feature",
      "geometry": {
        "type": "Polygon",
        "coordinates": [
          [
            [
              17.386711711711715,
              78.48609440253135
            ],
            [
              17.386801801801806,
              78.48609440253135
            ],
            [
              17.386801801801806,
              78.4861888050627
            ],
            [
              17.386711711711715,
              78.4861888050627
            ],
            [
              17.386711711711715,
              78.48609440253135
            ]
          ]
        ]
      },
      "properties": {
        "tile_id": 609,
        "score": 0,
        "disease": null,
        "severity": "none",
        "last_seen": null,
        "detection_count": 0,
        "center_lat": 17.38675675675676,
        "center_lng": 78.48614160379702
      }
    },
    {
      "type": "Feature",
      "geometry": {
        "type": "Polygon",
        "coordinates": [
          [
            [
              17.386711711711715,
              78.4861888050627
            ],
            [
              17.386801801801806,
              78.4861888050627
            ],
            [
              17.386801801801806,
              78.48628320759404
            ],
            [
              17.386711711711715,
              78.48628320759404
            ],
            [
              17.386711711711715,
              78.4861888050627
            ]
          ]
        ]
      },
      "properties": {
        "tile_id": 610,
        "score": 0,
        "disease": null,
        "severity": "none",
        "last_seen": null,
        "detection_count": 0,
        "center_lat": 17.38675675675676,
        "center_lng": 78.48623600632837
      }
    },
    {
      "type": "Feature",
      "geometry": {
        "type": "Polygon",
        "coordinates": [
          [
            [
              17.386711711711715,
              78.48628320759404
            ],
            [
              17.386801801801806,
              78.48628320759404
            ],
            [
              17.386801801801806,
              78.48637761012539
            ],
            [
              17.386711711711715,
              78.48637761012539
            ],
            [
              17.386711711711715,
              78.48628320759404
            ]
          ]
        ]
      },
      "properties": {
        "tile_id": 611,
        "score": 0,
        "disease": null,
        "severity": "none",
        "last_seen": null,
        "detection_count": 0,
        "center_lat": 17.38675675675676,
        "center_lng": 78.48633040885971
      }
    },
    {
      "type": "Feature",
      "geometry": {
        "type": "Polygon",
        "coordinates": [
          [
            [
              17.386711711711715,
              78.48637761012539
            ],
            [
              17.386801801801806,
              78.48637761012539
            ],
            [
              17.386801801801806,
              78.48647201265673
            ],
            [
              17.386711711711715,
              78.48647201265673
            ],
            [
              17.386711711711715,
              78.48637761012539
            ]
          ]
        ]
      },
      "properties": {
        "tile_id": 612,
        "score": 0,
        "disease": null,
        "severity": "none",
        "last_seen": null,
        "detection_count": 0,
        "center_lat": 17.38675675675676,
        "center_lng": 78.48642481139106
      }
    },
    {
      "type": "Feature",
      "geometry": {
        "type": "Polygon",
        "coordinates": [
          [
            [
              17.386711711711715,
              78.48647201265673
            ],
            [
              17.386801801801806,
              78.48647201265673
            ],
            [
              17.386801801801806,
              78.48656641518808
            ],
            [
              17.386711711711715,
              78.48656641518808
            ],
            [
              17.386711711711715,
              78.48647201265673
            ]
          ]
        ]
      },
      "properties": {
        "tile_id": 613,
        "score": 0,
        "disease": null,
        "severity": "none",
        "last_seen": null,
        "detection_count": 0,
        "center_lat": 17.38675675675676,
        "center_lng": 78.4865192139224
      }
    },
    {
      "type": "Feature",
      "geometry": {
        "type": "Polygon",
        "coordinates": [
          [
            [
              17.386711711711715,
              78.48656641518808
            ],
            [
              17.386801801801806,
              78.48656641518808
            ],
            [
              17.386801801801806,
              78.48666081771943
            ],
            [
              17.386711711711715,
              78.48666081771943
            ],
            [
              17.386711711711715,
              78.48656641518808
            ]
          ]
        ]
      },
      "properties": {
        "tile_id": 614,
        "score": 0,
        "disease": null,
        "severity": "none",
        "last_seen": null,
        "detection_count": 0,
        "center_lat": 17.38675675675676,
        "center_lng": 78.48661361645375
      }
    },
    {
      "type": "Feature",
      "geometry": {
        "type": "Polygon",
        "coordinates": [
          [
            [
              17.386711711711715,
              78.48666081771943
            ],
            [
              17.386801801801806,
              78.48666081771943
            ],
            [
              17.386801801801806,
              78.48675522025077
            ],
            [
              17.386711711711715,
              78.48675522025077
            ],
            [
              17.386711711711715,
              78.48666081771943
            ]
          ]
        ]
      },
      "properties": {
        "tile_id": 615,
        "score": 0,
        "disease": null,
        "severity": "none",
        "last_seen": null,
        "detection_count": 0,
        "center_lat": 17.38675675675676,
        "center_lng": 78.4867080189851
      }
    },
    {
      "type": "Feature",
      "geometry": {
        "type": "Polygon",
        "coordinates": [
          [
            [
              17.386711711711715,
              78.48675522025077
            ],
            [
              17.386801801801806,
              78.48675522025077
            ],
            [
              17.386801801801806,
              78.48684962278212
            ],
            [
              17.386711711711715,
              78.48684962278212
            ],
            [
              17.386711711711715,
              78.48675522025077
            ]
          ]
        ]
      },
      "properties": {
        "tile_id": 616,
        "score": 0,
        "disease": null,
        "severity": "none",
        "last_seen": null,
        "detection_count": 0,
        "center_lat": 17.38675675675676,
        "center_lng": 78.48680242151644
      }
    },
    {
      "type": "Feature",
      "geometry": {
        "type": "Polygon",
        "coordinates": [
          [
            [
              17.386711711711715,
              78.48684962278212
            ],
            [
              17.386801801801806,
              78.48684962278212
            ],
            [
              17.386801801801806,
              78.48694402531346
            ],
            [
              17.386711711711715,
              78.48694402531346
            ],
            [
              17.386711711711715,
              78.48684962278212
            ]
          ]
        ]
      },
      "properties": {
        "tile_id": 617,
        "score": 0,
        "disease": null,
        "severity": "none",
        "last_seen": null,
        "detection_count": 0,
        "center_lat": 17.38675675675676,
        "center_lng": 78.48689682404779
      }
    },
    {
      "type": "Feature",
      "geometry": {
        "type": "Polygon",
        "coordinates": [
          [
            [
              17.386711711711715,
              78.48694402531346
            ],
            [
              17.386801801801806,
              78.48694402531346
            ],
            [
              17.386801801801806,
              78.48703842784481
            ],
            [
              17.386711711711715,
              78.48703842784481
            ],
            [
              17.386711711711715,
              78.48694402531346
            ]
          ]
        ]
      },
      "properties": {
        "tile_id": 618,
        "score": 0,
        "disease": null,
        "severity": "none",
        "last_seen": null,
        "detection_count": 0,
        "center_lat": 17.38675675675676,
        "center_lng": 78.48699122657914
      }
    },
    {
      "type": "Feature",
      "geometry": {
        "type": "Polygon",
        "coordinates": [
          [
            [
              17.386711711711715,
              78.48703842784481
            ],
            [
              17.386801801801806,
              78.48703842784481
            ],
            [
              17.386801801801806,
              78.48713283037615
            ],
            [
              17.386711711711715,
              78.48713283037615
            ],
            [
              17.386711711711715,
              78.48703842784481
            ]
          ]
        ]
      },
      "properties": {
        "tile_id": 619,
        "score": 0,
        "disease": null,
        "severity": "none",
        "last_seen": null,
        "detection_count": 0,
        "center_lat": 17.38675675675676,
        "center_lng": 78.48708562911048
      }
    },
    {
      "type": "Feature",
      "geometry": {
        "type": "Polygon",
        "coordinates": [
          [
            [
              17.386711711711715,
              78.48713283037615
            ],
            [
              17.386801801801806,
              78.48713283037615
            ],
            [
              17.386801801801806,
              78.4872272329075
            ],
            [
              17.386711711711715,
              78.4872272329075
            ],
            [
              17.386711711711715,
              78.48713283037615
            ]
          ]
        ]
      },
      "properties": {
        "tile_id": 620,
        "score": 0,
        "disease": null,
        "severity": "none",
        "last_seen": null,
        "detection_count": 0,
        "center_lat": 17.38675675675676,
        "center_lng": 78.48718003164183
      }
    },
    {
      "type": "Feature",
      "geometry": {
        "type": "Polygon",
        "coordinates": [
          [
            [
              17.386711711711715,
              78.4872272329075
            ],
            [
              17.386801801801806,
              78.4872272329075
            ],
            [
              17.386801801801806,
              78.48732163543885
            ],
            [
              17.386711711711715,
              78.48732163543885
            ],
            [
              17.386711711711715,
              78.4872272329075
            ]
          ]
        ]
      },
      "properties": {
        "tile_id": 621,
        "score": 0,
        "disease": null,
        "severity": "none",
        "last_seen": null,
        "detection_count": 0,
        "center_lat": 17.38675675675676,
        "center_lng": 78.48727443417317
      }
    },
    {
      "type": "Feature",
      "geometry": {
        "type": "Polygon",
        "coordinates": [
          [
            [
              17.386711711711715,
              78.48732163543885
            ],
            [
              17.386801801801806,
              78.48732163543885
            ],
            [
              17.386801801801806,
              78.48741603797019
            ],
            [
              17.386711711711715,
              78.48741603797019
            ],
            [
              17.386711711711715,
              78.48732163543885
            ]
          ]
        ]
      },
      "properties": {
        "tile_id": 622,
        "score": 0,
        "disease": null,
        "severity": "none",
        "last_seen": null,
        "detection_count": 0,
        "center_lat": 17.38675675675676,
        "center_lng": 78.48736883670452
      }
    },
    {
      "type": "Feature",
      "geometry": {
        "type": "Polygon",
        "coordinates": [
          [
            [
              17.386711711711715,
              78.48741603797019
            ],
            [
              17.386801801801806,
              78.48741603797019
            ],
            [
              17.386801801801806,
              78.48751044050154
            ],
            [
              17.386711711711715,
              78.48751044050154
            ],
            [
              17.386711711711715,
              78.48741603797019
            ]
          ]
        ]
      },
      "properties": {
        "tile_id": 623,
        "score": 0,
        "disease": null,
        "severity": "none",
        "last_seen": null,
        "detection_count": 0,
        "center_lat": 17.38675675675676,
        "center_lng": 78.48746323923586
      }
    },
    {
      "type": "Feature",
      "geometry": {
        "type": "Polygon",
        "coordinates": [
          [
            [
              17.386711711711715,
              78.48751044050154
            ],
            [
              17.386801801801806,
              78.48751044050154
            ],
            [
              17.386801801801806,
              78.48760484303288
            ],
            [
              17.386711711711715,
              78.48760484303288
            ],
            [
              17.386711711711715,
              78.48751044050154
            ]
          ]
        ]
      },
      "properties": {
        "tile_id": 624,
        "score": 0,
        "disease": null,
        "severity": "none",
        "last_seen": null,
        "detection_count": 0,
        "center_lat": 17.38675675675676,
        "center_lng": 78.48755764176721
      }
    },
    {
      "type": "Feature",
      "geometry": {
        "type": "Polygon",
        "coordinates": [
          [
            [
              17.386711711711715,
              78.48760484303288
            ],
            [
              17.386801801801806,
              78.48760484303288
            ],
            [
              17.386801801801806,
              78.48769924556423
            ],
            [
              17.386711711711715,
              78.48769924556423
            ],
            [
              17.386711711711715,
              78.48760484303288
            ]
          ]
        ]
      },
      "properties": {
        "tile_id": 625,
        "score": 0,
        "disease": null,
        "severity": "none",
        "last_seen": null,
        "detection_count": 0,
        "center_lat": 17.38675675675676,
        "center_lng": 78.48765204429856
      }
    },
    {
      "type": "Feature",
      "geometry": {
        "type": "Polygon",
        "coordinates": [
          [
            [
              17.386711711711715,
              78.48769924556423
            ],
            [
              17.386801801801806,
              78.48769924556423
            ],
            [
              17.386801801801806,
              78.48779364809558
            ],
            [
              17.386711711711715,
              78.48779364809558
            ],
            [
              17.386711711711715,
              78.48769924556423
            ]
          ]
        ]
      },
      "properties": {
        "tile_id": 626,
        "score": 0,
        "disease": null,
        "severity": "none",
        "last_seen": null,
        "detection_count": 0,
        "center_lat": 17.38675675675676,
        "center_lng": 78.4877464468299
      }
    },
    {
      "type": "Feature",
      "geometry": {
        "type": "Polygon",
        "coordinates": [
          [
            [
              17.386711711711715,
              78.48779364809558
            ],
            [
              17.386801801801806,
              78.48779364809558
            ],
            [
              17.386801801801806,
              78.48788805062692
            ],
            [
              17.386711711711715,
              78.48788805062692
            ],
            [
              17.386711711711715,
              78.48779364809558
            ]
          ]
        ]
      },
      "properties": {
        "tile_id": 627,
        "score": 0,
        "disease": null,
        "severity": "none",
        "last_seen": null,
        "detection_count": 0,
        "center_lat": 17.38675675675676,
        "center_lng": 78.48784084936125
      }
    },
    {
      "type": "Feature",
      "geometry": {
        "type": "Polygon",
        "coordinates": [
          [
            [
              17.386711711711715,
              78.48788805062692
            ],
            [
              17.386801801801806,
              78.48788805062692
            ],
            [
              17.386801801801806,
              78.48798245315827
            ],
            [
              17.386711711711715,
              78.48798245315827
            ],
            [
              17.386711711711715,
              78.48788805062692
            ]
          ]
        ]
      },
      "properties": {
        "tile_id": 628,
        "score": 0,
        "disease": null,
        "severity": "none",
        "last_seen": null,
        "detection_count": 0,
        "center_lat": 17.38675675675676,
        "center_lng": 78.4879352518926
      }
    },
    {
      "type": "Feature",
      "geometry": {
        "type": "Polygon",
        "coordinates": [
          [
            [
              17.386711711711715,
              78.48798245315827
            ],
            [
              17.386801801801806,
              78.48798245315827
            ],
            [
              17.386801801801806,
              78.48807685568961
            ],
            [
              17.386711711711715,
              78.48807685568961
            ],
            [
              17.386711711711715,
              78.48798245315827
            ]
          ]
        ]
      },
      "properties": {
        "tile_id": 629,
        "score": 0,
        "disease": null,
        "severity": "none",
        "last_seen": null,
        "detection_count": 0,
        "center_lat": 17.38675675675676,
        "center_lng": 78.48802965442394
      }
    },
    {
      "type": "Feature",
      "geometry": {
        "type": "Polygon",
        "coordinates": [
          [
            [
              17.386711711711715,
              78.48807685568961
            ],
            [
              17.386801801801806,
              78.48807685568961
            ],
            [
              17.386801801801806,
              78.48817125822096
            ],
            [
              17.386711711711715,
              78.48817125822096
            ],
            [
              17.386711711711715,
              78.48807685568961
            ]
          ]
        ]
      },
      "properties": {
        "tile_id": 630,
        "score": 0,
        "disease": null,
        "severity": "none",
        "last_seen": null,
        "detection_count": 0,
        "center_lat": 17.38675675675676,
        "center_lng": 78.48812405695529
      }
    },
    {
      "type": "Feature",
      "geometry": {
        "type": "Polygon",
        "coordinates": [
          [
            [
              17.386711711711715,
              78.48817125822096
            ],
            [
              17.386801801801806,
              78.48817125822096
            ],
            [
              17.386801801801806,
              78.4882656607523
            ],
            [
              17.386711711711715,
              78.4882656607523
            ],
            [
              17.386711711711715,
              78.48817125822096
            ]
          ]
        ]
      },
      "properties": {
        "tile_id": 631,
        "score": 6,
        "disease": "hispa",
        "severity": "mild",
        "last_seen": "2026-02-14T10:03:00.000Z",
        "detection_count": 1,
        "center_lat": 17.38675675675676,
        "center_lng": 78.48821845948663
      }
    },
    {
      "type": "Feature",
      "geometry": {
        "type": "Polygon",
        "coordinates": [
          [
            [
              17.386711711711715,
              78.4882656607523
            ],
            [
              17.386801801801806,
              78.4882656607523
            ],
            [
              17.386801801801806,
              78.48836006328365
            ],
            [
              17.386711711711715,
              78.48836006328365
            ],
            [
              17.386711711711715,
              78.4882656607523
            ]
          ]
        ]
      },
      "properties": {
        "tile_id": 632,
        "score": 0,
        "disease": null,
        "severity": "none",
        "last_seen": null,
        "detection_count": 0,
        "center_lat": 17.38675675675676,
        "center_lng": 78.48831286201798
      }
    },
    {
      "type": "Feature",
      "geometry": {
        "type": "Polygon",
        "coordinates": [
          [
            [
              17.386711711711715,
              78.48836006328365
            ],
            [
              17.386801801801806,
              78.48836006328365
            ],
            [
              17.386801801801806,
              78.488454465815
            ],
            [
              17.386711711711715,
              78.488454465815
            ],
            [
              17.386711711711715,
              78.48836006328365
            ]
          ]
        ]
      },
      "properties": {
        "tile_id": 633,
        "score": 0,
        "disease": null,
        "severity": "none",
        "last_seen": null,
        "detection_count": 0,
        "center_lat": 17.38675675675676,
        "center_lng": 78.48840726454932
      }
    },
    {
      "type": "Feature",
      "geometry": {
        "type": "Polygon",
        "coordinates": [
          [
            [
              17.386711711711715,
              78.488454465815
            ],
            [
              17.386801801801806,
              78.488454465815
            ],
            [
              17.386801801801806,
              78.48854886834634
            ],
            [
              17.386711711711715,
              78.48854886834634
            ],
            [
              17.386711711711715,
              78.488454465815
            ]
          ]
        ]
      },
      "properties": {
        "tile_id": 634,
        "score": 0,
        "disease": null,
        "severity": "none",
        "last_seen": null,
        "detection_count": 0,
        "center_lat": 17.38675675675676,
        "center_lng": 78.48850166708067
      }
    },
    {
      "type": "Feature",
      "geometry": {
        "type": "Polygon",
        "coordinates": [
          [
            [
              17.386711711711715,
              78.48854886834634
            ],
            [
              17.386801801801806,
              78.48854886834634
            ],
            [
              17.386801801801806,
              78.48864327087769
            ],
            [
              17.386711711711715,
              78.48864327087769
            ],
            [
              17.386711711711715,
              78.48854886834634
            ]
          ]
        ]
      },
      "properties": {
        "tile_id": 635,
        "score": 0,
        "disease": null,
        "severity": "none",
        "last_seen": null,
        "detection_count": 0,
        "center_lat": 17.38675675675676,
        "center_lng": 78.48859606961202
      }
    },
    {
      "type": "Feature",
      "geometry": {
        "type": "Polygon",
        "coordinates": [
          [
            [
              17.386711711711715,
              78.48864327087769
            ],
            [
              17.386801801801806,
              78.48864327087769
            ],
            [
              17.386801801801806,
              78.48873767340903
            ],
            [
              17.386711711711715,
              78.48873767340903
            ],
            [
              17.386711711711715,
              78.48864327087769
            ]
          ]
        ]
      },
      "properties": {
        "tile_id": 636,
        "score": 0,
        "disease": null,
        "severity": "none",
        "last_seen": null,
        "detection_count": 0,
        "center_lat": 17.38675675675676,
        "center_lng": 78.48869047214336
      }
    },
    {
      "type": "Feature",
      "geometry": {
        "type": "Polygon",
        "coordinates": [
          [
            [
              17.386711711711715,
              78.48873767340903
            ],
            [
              17.386801801801806,
              78.48873767340903
            ],
            [
              17.386801801801806,
              78.48883207594038
            ],
            [
              17.386711711711715,
              78.48883207594038
            ],
            [
              17.386711711711715,
              78.48873767340903
            ]
          ]
        ]
      },
      "properties": {
        "tile_id": 637,
        "score": 0,
        "disease": null,
        "severity": "none",
        "last_seen": null,
        "detection_count": 0,
        "center_lat": 17.38675675675676,
        "center_lng": 78.4887848746747
      }
    },
    {
      "type": "Feature",
      "geometry": {
        "type": "Polygon",
        "coordinates": [
          [
            [
              17.386711711711715,
              78.48883207594038
            ],
            [
              17.386801801801806,
              78.48883207594038
            ],
            [
              17.386801801801806,
              78.48892647847173
            ],
            [
              17.386711711711715,
              78.48892647847173
            ],
            [
              17.386711711711715,
              78.48883207594038
            ]
          ]
        ]
      },
      "properties": {
        "tile_id": 638,
        "score": 0,
        "disease": null,
        "severity": "none",
        "last_seen": null,
        "detection_count": 0,
        "center_lat": 17.38675675675676,
        "center_lng": 78.48887927720605
      }
    },
    {
      "type": "Feature",
      "geometry": {
        "type": "Polygon",
        "coordinates": [
          [
            [
              17.386711711711715,
              78.48892647847173
            ],
            [
              17.386801801801806,
              78.48892647847173
            ],
            [
              17.386801801801806,
              78.48902088100307
            ],
            [
              17.386711711711715,
              78.48902088100307
            ],
            [
              17.386711711711715,
              78.48892647847173
            ]
          ]
        ]
      },
      "properties": {
        "tile_id": 639,
        "score": 0,
        "disease": null,
        "severity": "none",
        "last_seen": null,
        "detection_count": 0,
        "center_lat": 17.38675675675676,
        "center_lng": 78.4889736797374
      }
    },
    {
      "type": "Feature",
      "geometry": {
        "type": "Polygon",
        "coordinates": [
          [
            [
              17.386801801801806,
              78.486
            ],
            [
              17.386891891891896,
              78.486
            ],
            [
              17.386891891891896,
              78.48609440253135
            ],
            [
              17.386801801801806,
              78.48609440253135
            ],
            [
              17.386801801801806,
              78.486
            ]
          ]
        ]
      },
      "properties": {
        "tile_id": 640,
        "score": 0,
        "disease": null,
        "severity": "none",
        "last_seen": null,
        "detection_count": 0,
        "center_lat": 17.38684684684685,
        "center_lng": 78.48604720126568
      }
    },
    {
      "type": "Feature",
      "geometry": {
        "type": "Polygon",
        "coordinates": [
          [
            [
              17.386801801801806,
              78.48609440253135
            ],
            [
              17.386891891891896,
              78.48609440253135
            ],
            [
              17.386891891891896,
              78.4861888050627
            ],
            [
              17.386801801801806,
              78.4861888050627
            ],
            [
              17.386801801801806,
              78.48609440253135
            ]
          ]
        ]
      },
      "properties": {
        "tile_id": 641,
        "score": 0,
        "disease": null,
        "severity": "none",
        "last_seen": null,
        "detection_count": 0,
        "center_lat": 17.38684684684685,
        "center_lng": 78.48614160379702
      }
    },
    {
      "type": "Feature",
      "geometry": {
        "type": "Polygon",
        "coordinates": [
          [
            [
              17.386801801801806,
              78.4861888050627
            ],
            [
              17.386891891891896,
              78.4861888050627
            ],
            [
              17.386891891891896,
              78.48628320759404
            ],
            [
              17.386801801801806,
              78.48628320759404
            ],
            [
              17.386801801801806,
              78.4861888050627
            ]
          ]
        ]
      },
      "properties": {
        "tile_id": 642,
        "score": 0,
        "disease": null,
        "severity": "none",
        "last_seen": null,
        "detection_count": 0,
        "center_lat": 17.38684684684685,
        "center_lng": 78.48623600632837
      }
    },
    {
      "type": "Feature",
      "geometry": {
        "type": "Polygon",
        "coordinates": [
          [
            [
              17.386801801801806,
              78.48628320759404
            ],
            [
              17.386891891891896,
              78.48628320759404
            ],
            [
              17.386891891891896,
              78.48637761012539
            ],
            [
              17.386801801801806,
              78.48637761012539
            ],
            [
              17.386801801801806,
              78.48628320759404
            ]
          ]
        ]
      },
      "properties": {
        "tile_id": 643,
        "score": 0,
        "disease": null,
        "severity": "none",
        "last_seen": null,
        "detection_count": 0,
        "center_lat": 17.38684684684685,
        "center_lng": 78.48633040885971
      }
    },
    {
      "type": "Feature",
      "geometry": {
        "type": "Polygon",
        "coordinates": [
          [
            [
              17.386801801801806,
              78.48637761012539
            ],
            [
              17.386891891891896,
              78.48637761012539
            ],
            [
              17.386891891891896,
              78.48647201265673
            ],
            [
              17.386801801801806,
              78.48647201265673
            ],
            [
              17.386801801801806,
              78.48637761012539
            ]
          ]
        ]
      },
      "properties": {
        "tile_id": 644,
        "score": 0,
        "disease": null,
        "severity": "none",
        "last_seen": null,
        "detection_count": 0,
        "center_lat": 17.38684684684685,
        "center_lng": 78.48642481139106
      }
    },
    {
      "type": "Feature",
      "geometry": {
        "type": "Polygon",
        "coordinates": [
          [
            [
              17.386801801801806,
              78.48647201265673
            ],
            [
              17.386891891891896,
              78.48647201265673
            ],
            [
              17.386891891891896,
              78.48656641518808
            ],
            [
              17.386801801801806,
              78.48656641518808
            ],
            [
              17.386801801801806,
              78.48647201265673
            ]
          ]
        ]
      },
      "properties": {
        "tile_id": 645,
        "score": 0,
        "disease": null,
        "severity": "none",
        "last_seen": null,
        "detection_count": 0,
        "center_lat": 17.38684684684685,
        "center_lng": 78.4865192139224
      }
    },
    {
      "type": "Feature",
      "geometry": {
        "type": "Polygon",
        "coordinates": [
          [
            [
              17.386801801801806,
              78.48656641518808
            ],
            [
              17.386891891891896,
              78.48656641518808
            ],
            [
              17.386891891891896,
              78.48666081771943
            ],
            [
              17.386801801801806,
              78.48666081771943
            ],
            [
              17.386801801801806,
              78.48656641518808
            ]
          ]
        ]
      },
      "properties": {
        "tile_id": 646,
        "score": 0,
        "disease": null,
        "severity": "none",
        "last_seen": null,
        "detection_count": 0,
        "center_lat": 17.38684684684685,
        "center_lng": 78.48661361645375
      }
    },
    {
      "type": "Feature",
      "geometry": {
        "type": "Polygon",
        "coordinates": [
          [
            [
              17.386801801801806,
              78.48666081771943
            ],
            [
              17.386891891891896,
              78.48666081771943
            ],
            [
              17.386891891891896,
              78.48675522025077
            ],
            [
              17.386801801801806,
              78.48675522025077
            ],
            [
              17.386801801801806,
              78.48666081771943
            ]
          ]
        ]
      },
      "properties": {
        "tile_id": 647,
        "score": 0,
        "disease": null,
        "severity": "none",
        "last_seen": null,
        "detection_count": 0,
        "center_lat": 17.38684684684685,
        "center_lng": 78.4867080189851
      }
    },
    {
      "type": "Feature",
      "geometry": {
        "type": "Polygon",
        "coordinates": [
          [
            [
              17.386801801801806,
              78.48675522025077
            ],
            [
              17.386891891891896,
              78.48675522025077
            ],
            [
              17.386891891891896,
              78.48684962278212
            ],
            [
              17.386801801801806,
              78.48684962278212
            ],
            [
              17.386801801801806,
              78.48675522025077
            ]
          ]
        ]
      },
      "properties": {
        "tile_id": 648,
        "score": 0,
        "disease": null,
        "severity": "none",
        "last_seen": null,
        "detection_count": 0,
        "center_lat": 17.38684684684685,
        "center_lng": 78.48680242151644
      }
    },
    {
      "type": "Feature",
      "geometry": {
        "type": "Polygon",
        "coordinates": [
          [
            [
              17.386801801801806,
              78.48684962278212
            ],
            [
              17.386891891891896,
              78.48684962278212
            ],
            [
              17.386891891891896,
              78.48694402531346
            ],
            [
              17.386801801801806,
              78.48694402531346
            ],
            [
              17.386801801801806,
              78.48684962278212
            ]
          ]
        ]
      },
      "properties": {
        "tile_id": 649,
        "score": 0,
        "disease": null,
        "severity": "none",
        "last_seen": null,
        "detection_count": 0,
        "center_lat": 17.38684684684685,
        "center_lng": 78.48689682404779
      }
    },
    {
      "type": "Feature",
      "geometry": {
        "type": "Polygon",
        "coordinates": [
          [
            [
              17.386801801801806,
              78.48694402531346
            ],
            [
              17.386891891891896,
              78.48694402531346
            ],
            [
              17.386891891891896,
              78.48703842784481
            ],
            [
              17.386801801801806,
              78.48703842784481
            ],
            [
              17.386801801801806,
              78.48694402531346
            ]
          ]
        ]
      },
      "properties": {
        "tile_id": 650,
        "score": 0,
        "disease": null,
        "severity": "none",
        "last_seen": null,
        "detection_count": 0,
        "center_lat": 17.38684684684685,
        "center_lng": 78.48699122657914
      }
    },
    {
      "type": "Feature",
      "geometry": {
        "type": "Polygon",
        "coordinates": [
          [
            [
              17.386801801801806,
              78.48703842784481
            ],
            [
              17.386891891891896,
              78.48703842784481
            ],
            [
              17.386891891891896,
              78.48713283037615
            ],
            [
              17.386801801801806,
              78.48713283037615
            ],
            [
              17.386801801801806,
              78.48703842784481
            ]
          ]
        ]
      },
      "properties": {
        "tile_id": 651,
        "score": 0,
        "disease": null,
        "severity": "none",
        "last_seen": null,
        "detection_count": 0,
        "center_lat": 17.38684684684685,
        "center_lng": 78.48708562911048
      }
    },
    {
      "type": "Feature",
      "geometry": {
        "type": "Polygon",
        "coordinates": [
          [
            [
              17.386801801801806,
              78.48713283037615
            ],
            [
              17.386891891891896,
              78.48713283037615
            ],
            [
              17.386891891891896,
              78.4872272329075
            ],
            [
              17.386801801801806,
              78.4872272329075
            ],
            [
              17.386801801801806,
              78.48713283037615
            ]
          ]
        ]
      },
      "properties": {
        "tile_id": 652,
        "score": 0,
        "disease": null,
        "severity": "none",
        "last_seen": null,
        "detection_count": 0,
        "center_lat": 17.38684684684685,
        "center_lng": 78.48718003164183
      }
    },
    {
      "type": "Feature",
      "geometry": {
        "type": "Polygon",
        "coordinates": [
          [
            [
              17.386801801801806,
              78.4872272329075
            ],
            [
              17.386891891891896,
              78.4872272329075
            ],
            [
              17.386891891891896,
              78.48732163543885
            ],
            [
              17.386801801801806,
              78.48732163543885
            ],
            [
              17.386801801801806,
              78.4872272329075
            ]
          ]
        ]
      },
      "properties": {
        "tile_id": 653,
        "score": 0,
        "disease": null,
        "severity": "none",
        "last_seen": null,
        "detection_count": 0,
        "center_lat": 17.38684684684685,
        "center_lng": 78.48727443417317
      }
    },
    {
      "type": "Feature",
      "geometry": {
        "type": "Polygon",
        "coordinates": [
          [
            [
              17.386801801801806,
              78.48732163543885
            ],
            [
              17.386891891891896,
              78.48732163543885
            ],
            [
              17.386891891891896,
              78.48741603797019
            ],
            [
              17.386801801801806,
              78.48741603797019
            ],
            [
              17.386801801801806,
              78.48732163543885
            ]
          ]
        ]
      },
      "properties": {
        "tile_id": 654,
        "score": 0,
        "disease": null,
        "severity": "none",
        "last_seen": null,
        "detection_count": 0,
        "center_lat": 17.38684684684685,
        "center_lng": 78.48736883670452
      }
    },
    {
      "type": "Feature",
      "geometry": {
        "type": "Polygon",
        "coordinates": [
          [
            [
              17.386801801801806,
              78.48741603797019
            ],
            [
              17.386891891891896,
              78.48741603797019
            ],
            [
              17.386891891891896,
              78.48751044050154
            ],
            [
              17.386801801801806,
              78.48751044050154
            ],
            [
              17.386801801801806,
              78.48741603797019
            ]
          ]
        ]
      },
      "properties": {
        "tile_id": 655,
        "score": 0,
        "disease": null,
        "severity": "none",
        "last_seen": null,
        "detection_count": 0,
        "center_lat": 17.38684684684685,
        "center_lng": 78.48746323923586
      }
    },
    {
      "type": "Feature",
      "geometry": {
        "type": "Polygon",
        "coordinates": [
          [
            [
              17.386801801801806,
              78.48751044050154
            ],
            [
              17.386891891891896,
              78.48751044050154
            ],
            [
              17.386891891891896,
              78.48760484303288
            ],
            [
              17.386801801801806,
              78.48760484303288
            ],
            [
              17.386801801801806,
              78.48751044050154
            ]
          ]
        ]
      },
      "properties": {
        "tile_id": 656,
        "score": 0,
        "disease": null,
        "severity": "none",
        "last_seen": null,
        "detection_count": 0,
        "center_lat": 17.38684684684685,
        "center_lng": 78.48755764176721
      }
    },
    {
      "type": "Feature",
      "geometry": {
        "type": "Polygon",
        "coordinates": [
          [
            [
              17.386801801801806,
              78.48760484303288
            ],
            [
              17.386891891891896,
              78.48760484303288
            ],
            [
              17.386891891891896,
              78.48769924556423
            ],
            [
              17.386801801801806,
              78.48769924556423
            ],
            [
              17.386801801801806,
              78.48760484303288
            ]
          ]
        ]
      },
      "properties": {
        "tile_id": 657,
        "score": 0,
        "disease": null,
        "severity": "none",
        "last_seen": null,
        "detection_count": 0,
        "center_lat": 17.38684684684685,
        "center_lng": 78.48765204429856
      }
    },
    {
      "type": "Feature",
      "geometry": {
        "type": "Polygon",
        "coordinates": [
          [
            [
              17.386801801801806,
              78.48769924556423
            ],
            [
              17.386891891891896,
              78.48769924556423
            ],
            [
              17.386891891891896,
              78.48779364809558
            ],
            [
              17.386801801801806,
              78.48779364809558
            ],
            [
              17.386801801801806,
              78.48769924556423
            ]
          ]
        ]
      },
      "properties": {
        "tile_id": 658,
        "score": 0,
        "disease": null,
        "severity": "none",
        "last_seen": null,
        "detection_count": 0,
        "center_lat": 17.38684684684685,
        "center_lng": 78.4877464468299
      }
    },
    {
      "type": "Feature",
      "geometry": {
        "type": "Polygon",
        "coordinates": [
          [
            [
              17.386801801801806,
              78.48779364809558
            ],
            [
              17.386891891891896,
              78.48779364809558
            ],
            [
              17.386891891891896,
              78.48788805062692
            ],
            [
              17.386801801801806,
              78.48788805062692
            ],
            [
              17.386801801801806,
              78.48779364809558
            ]
          ]
        ]
      },
      "properties": {
        "tile_id": 659,
        "score": 0,
        "disease": null,
        "severity": "none",
        "last_seen": null,
        "detection_count": 0,
        "center_lat": 17.38684684684685,
        "center_lng": 78.48784084936125
      }
    },
    {
      "type": "Feature",
      "geometry": {
        "type": "Polygon",
        "coordinates": [
          [
            [
              17.386801801801806,
              78.48788805062692
            ],
            [
              17.386891891891896,
              78.48788805062692
            ],
            [
              17.386891891891896,
              78.48798245315827
            ],
            [
              17.386801801801806,
              78.48798245315827
            ],
            [
              17.386801801801806,
              78.48788805062692
            ]
          ]
        ]
      },
      "properties": {
        "tile_id": 660,
        "score": 0,
        "disease": null,
        "severity": "none",
        "last_seen": null,
        "detection_count": 0,
        "center_lat": 17.38684684684685,
        "center_lng": 78.4879352518926
      }
    },
    {
      "type": "Feature",
      "geometry": {
        "type": "Polygon",
        "coordinates": [
          [
            [
              17.386801801801806,
              78.48798245315827
            ],
            [
              17.386891891891896,
              78.48798245315827
            ],
            [
              17.386891891891896,
              78.48807685568961
            ],
            [
              17.386801801801806,
              78.48807685568961
            ],
            [
              17.386801801801806,
              78.48798245315827
            ]
          ]
        ]
      },
      "properties": {
        "tile_id": 661,
        "score": 0,
        "disease": null,
        "severity": "none",
        "last_seen": null,
        "detection_count": 0,
        "center_lat": 17.38684684684685,
        "center_lng": 78.48802965442394
      }
    },
    {
      "type": "Feature",
      "geometry": {
        "type": "Polygon",
        "coordinates": [
          [
            [
              17.386801801801806,
              78.48807685568961
            ],
            [
              17.386891891891896,
              78.48807685568961
            ],
            [
              17.386891891891896,
              78.48817125822096
            ],
            [
              17.386801801801806,
              78.48817125822096
            ],
            [
              17.386801801801806,
              78.48807685568961
            ]
          ]
        ]
      },
      "properties": {
        "tile_id": 662,
        "score": 0,
        "disease": null,
        "severity": "none",
        "last_seen": null,
        "detection_count": 0,
        "center_lat": 17.38684684684685,
        "center_lng": 78.48812405695529
      }
    },
    {
      "type": "Feature",
      "geometry": {
        "type": "Polygon",
        "coordinates": [
          [
            [
              17.386801801801806,
              78.48817125822096
            ],
            [
              17.386891891891896,
              78.48817125822096
            ],
            [
              17.386891891891896,
              78.4882656607523
            ],
            [
              17.386801801801806,
              78.4882656607523
            ],
            [
              17.386801801801806,
              78.48817125822096
            ]
          ]
        ]
      },
      "properties": {
        "tile_id": 663,
        "score": 0,
        "disease": null,
        "severity": "none",
        "last_seen": null,
        "detection_count": 0,
        "center_lat": 17.38684684684685,
        "center_lng": 78.48821845948663
      }
    },
    {
      "type": "Feature",
      "geometry": {
        "type": "Polygon",
        "coordinates": [
          [
            [
              17.386801801801806,
              78.4882656607523
            ],
            [
              17.386891891891896,
              78.4882656607523
            ],
            [
              17.386891891891896,
              78.48836006328365
            ],
            [
              17.386801801801806,
              78.48836006328365
            ],
            [
              17.386801801801806,
              78.4882656607523
            ]
          ]
        ]
      },
      "properties": {
        "tile_id": 664,
        "score": 0,
        "disease": null,
        "severity": "none",
        "last_seen": null,
        "detection_count": 0,
        "center_lat": 17.38684684684685,
        "center_lng": 78.48831286201798
      }
    },
    {
      "type": "Feature",
      "geometry": {
        "type": "Polygon",
        "coordinates": [
          [
            [
              17.386801801801806,
              78.48836006328365
            ],
            [
              17.386891891891896,
              78.48836006328365
            ],
            [
              17.386891891891896,
              78.488454465815
            ],
            [
              17.386801801801806,
              78.488454465815
            ],
            [
              17.386801801801806,
              78.48836006328365
            ]
          ]
        ]
      },
      "properties": {
        "tile_id": 665,
        "score": 0,
        "disease": null,
        "severity": "none",
        "last_seen": null,
        "detection_count": 0,
        "center_lat": 17.38684684684685,
        "center_lng": 78.48840726454932
      }
    },
    {
      "type": "Feature",
      "geometry": {
        "type": "Polygon",
        "coordinates": [
          [
            [
              17.386801801801806,
              78.488454465815
            ],
            [
              17.386891891891896,
              78.488454465815
            ],
            [
              17.386891891891896,
              78.48854886834634
            ],
            [
              17.386801801801806,
              78.48854886834634
            ],
            [
              17.386801801801806,
              78.488454465815
            ]
          ]
        ]
      },
      "properties": {
        "tile_id": 666,
        "score": 0,
        "disease": null,
        "severity": "none",
        "last_seen": null,
        "detection_count": 0,
        "center_lat": 17.38684684684685,
        "center_lng": 78.48850166708067
      }
    },
    {
      "type": "Feature",
      "geometry": {
        "type": "Polygon",
        "coordinates": [
          [
            [
              17.386801801801806,
              78.48854886834634
            ],
            [
              17.386891891891896,
              78.48854886834634
            ],
            [
              17.386891891891896,
              78.48864327087769
            ],
            [
              17.386801801801806,
              78.48864327087769
            ],
            [
              17.386801801801806,
              78.48854886834634
            ]
          ]
        ]
      },
      "properties": {
        "tile_id": 667,
        "score": 0,
        "disease": null,
        "severity": "none",
        "last_seen": null,
        "detection_count": 0,
        "center_lat": 17.38684684684685,
        "center_lng": 78.48859606961202
      }
    },
    {
      "type": "Feature",
      "geometry": {
        "type": "Polygon",
        "coordinates": [
          [
            [
              17.386801801801806,
              78.48864327087769
            ],
            [
              17.386891891891896,
              78.48864327087769
            ],
            [
              17.386891891891896,
              78.48873767340903
            ],
            [
              17.386801801801806,
              78.48873767340903
            ],
            [
              17.386801801801806,
              78.48864327087769
            ]
          ]
        ]
      },
      "properties": {
        "tile_id": 668,
        "score": 0,
        "disease": null,
        "severity": "none",
        "last_seen": null,
        "detection_count": 0,
        "center_lat": 17.38684684684685,
        "center_lng": 78.48869047214336
      }
    },
    {
      "type": "Feature",
      "geometry": {
        "type": "Polygon",
        "coordinates": [
          [
            [
              17.386801801801806,
              78.48873767340903
            ],
            [
              17.386891891891896,
              78.48873767340903
            ],
            [
              17.386891891891896,
              78.48883207594038
            ],
            [
              17.386801801801806,
              78.48883207594038
            ],
            [
              17.386801801801806,
              78.48873767340903
            ]
          ]
        ]
      },
      "properties": {
        "tile_id": 669,
        "score": 0,
        "disease": null,
        "severity": "none",
        "last_seen": null,
        "detection_count": 0,
        "center_lat": 17.38684684684685,
        "center_lng": 78.4887848746747
      }
    },
    {
      "type": "Feature",
      "geometry": {
        "type": "Polygon",
        "coordinates": [
          [
            [
              17.386801801801806,
              78.48883207594038
            ],
            [
              17.386891891891896,
              78.48883207594038
            ],
            [
              17.386891891891896,
              78.48892647847173
            ],
            [
              17.386801801801806,
              78.48892647847173
            ],
            [
              17.386801801801806,
              78.48883207594038
            ]
          ]
        ]
      },
      "properties": {
        "tile_id": 670,
        "score": 0,
        "disease": null,
        "severity": "none",
        "last_seen": null,
        "detection_count": 0,
        "center_lat": 17.38684684684685,
        "center_lng": 78.48887927720605
      }
    },
    {
      "type": "Feature",
      "geometry": {
        "type": "Polygon",
        "coordinates": [
          [
            [
              17.386801801801806,
              78.48892647847173
            ],
            [
              17.386891891891896,
              78.48892647847173
            ],
            [
              17.386891891891896,
              78.48902088100307
            ],
            [
              17.386801801801806,
              78.48902088100307
            ],
            [
              17.386801801801806,
              78.48892647847173
            ]
          ]
        ]
      },
      "properties": {
        "tile_id": 671,
        "score": 0,
        "disease": null,
        "severity": "none",
        "last_seen": null,
        "detection_count": 0,
        "center_lat": 17.38684684684685,
        "center_lng": 78.4889736797374
      }
    },
    {
      "type": "Feature",
      "geometry": {
        "type": "Polygon",
        "coordinates": [
          [
            [
              17.386891891891896,
              78.486
            ],
            [
              17.386981981981986,
              78.486
            ],
            [
              17.386981981981986,
              78.48609440253135
            ],
            [
              17.386891891891896,
              78.48609440253135
            ],
            [
              17.386891891891896,
              78.486
            ]
          ]
        ]
      },
      "properties": {
        "tile_id": 672,
        "score": 0,
        "disease": null,
        "severity": "none",
        "last_seen": null,
        "detection_count": 0,
        "center_lat": 17.38693693693694,
        "center_lng": 78.48604720126568
      }
    },
    {
      "type": "Feature",
      "geometry": {
        "type": "Polygon",
        "coordinates": [
          [
            [
              17.386891891891896,
              78.48609440253135
            ],
            [
              17.386981981981986,
              78.48609440253135
            ],
            [
              17.386981981981986,
              78.4861888050627
            ],
            [
              17.386891891891896,
              78.4861888050627
            ],
            [
              17.386891891891896,
              78.48609440253135
            ]
          ]
        ]
      },
      "properties": {
        "tile_id": 673,
        "score": 0,
        "disease": null,
        "severity": "none",
        "last_seen": null,
        "detection_count": 0,
        "center_lat": 17.38693693693694,
        "center_lng": 78.48614160379702
      }
    },
    {
      "type": "Feature",
      "geometry": {
        "type": "Polygon",
        "coordinates": [
          [
            [
              17.386891891891896,
              78.4861888050627
            ],
            [
              17.386981981981986,
              78.4861888050627
            ],
            [
              17.386981981981986,
              78.48628320759404
            ],
            [
              17.386891891891896,
              78.48628320759404
            ],
            [
              17.386891891891896,
              78.4861888050627
            ]
          ]
        ]
      },
      "properties": {
        "tile_id": 674,
        "score": 0,
        "disease": null,
        "severity": "none",
        "last_seen": null,
        "detection_count": 0,
        "center_lat": 17.38693693693694,
        "center_lng": 78.48623600632837
      }
    },
    {
      "type": "Feature",
      "geometry": {
        "type": "Polygon",
        "coordinates": [
          [
            [
              17.386891891891896,
              78.48628320759404
            ],
            [
              17.386981981981986,
              78.48628320759404
            ],
            [
              17.386981981981986,
              78.48637761012539
            ],
            [
              17.386891891891896,
              78.48637761012539
            ],
            [
              17.386891891891896,
              78.48628320759404
            ]
          ]
        ]
      },
      "properties": {
        "tile_id": 675,
        "score": 0,
        "disease": null,
        "severity": "none",
        "last_seen": null,
        "detection_count": 0,
        "center_lat": 17.38693693693694,
        "center_lng": 78.48633040885971
      }
    },
    {
      "type": "Feature",
      "geometry": {
        "type": "Polygon",
        "coordinates": [
          [
            [
              17.386891891891896,
              78.48637761012539
            ],
            [
              17.386981981981986,
              78.48637761012539
            ],
            [
              17.386981981981986,
              78.48647201265673
            ],
            [
              17.386891891891896,
              78.48647201265673
            ],
            [
              17.386891891891896,
              78.48637761012539
            ]
          ]
        ]
      },
      "properties": {
        "tile_id": 676,
        "score": 0,
        "disease": null,
        "severity": "none",
        "last_seen": null,
        "detection_count": 0,
        "center_lat": 17.38693693693694,
        "center_lng": 78.48642481139106
      }
    },
    {
      "type": "Feature",
      "geometry": {
        "type": "Polygon",
        "coordinates": [
          [
            [
              17.386891891891896,
              78.48647201265673
            ],
            [
              17.386981981981986,
              78.48647201265673
            ],
            [
              17.386981981981986,
              78.48656641518808
            ],
            [
              17.386891891891896,
              78.48656641518808
            ],
            [
              17.386891891891896,
              78.48647201265673
            ]
          ]
        ]
      },
      "properties": {
        "tile_id": 677,
        "score": 0,
        "disease": null,
        "severity": "none",
        "last_seen": null,
        "detection_count": 0,
        "center_lat": 17.38693693693694,
        "center_lng": 78.4865192139224
      }
    },
    {
      "type": "Feature",
      "geometry": {
        "type": "Polygon",
        "coordinates": [
          [
            [
              17.386891891891896,
              78.48656641518808
            ],
            [
              17.386981981981986,
              78.48656641518808
            ],
            [
              17.386981981981986,
              78.48666081771943
            ],
            [
              17.386891891891896,
              78.48666081771943
            ],
            [
              17.386891891891896,
              78.48656641518808
            ]
          ]
        ]
      },
      "properties": {
        "tile_id": 678,
        "score": 0,
        "disease": null,
        "severity": "none",
        "last_seen": null,
        "detection_count": 0,
        "center_lat": 17.38693693693694,
        "center_lng": 78.48661361645375
      }
    },
    {
      "type": "Feature",
      "geometry": {
        "type": "Polygon",
        "coordinates": [
          [
            [
              17.386891891891896,
              78.48666081771943
            ],
            [
              17.386981981981986,
              78.48666081771943
            ],
            [
              17.386981981981986,
              78.48675522025077
            ],
            [
              17.386891891891896,
              78.48675522025077
            ],
            [
              17.386891891891896,
              78.48666081771943
            ]
          ]
        ]
      },
      "properties": {
        "tile_id": 679,
        "score": 0,
        "disease": null,
        "severity": "none",
        "last_seen": null,
        "detection_count": 0,
        "center_lat": 17.38693693693694,
        "center_lng": 78.4867080189851
      }
    },
    {
      "type": "Feature",
      "geometry": {
        "type": "Polygon",
        "coordinates": [
          [
            [
              17.386891891891896,
              78.48675522025077
            ],
            [
              17.386981981981986,
              78.48675522025077
            ],
            [
              17.386981981981986,
              78.48684962278212
            ],
            [
              17.386891891891896,
              78.48684962278212
            ],
            [
              17.386891891891896,
              78.48675522025077
            ]
          ]
        ]
      },
      "properties": {
        "tile_id": 680,
        "score": 0,
        "disease": null,
        "severity": "none",
        "last_seen": null,
        "detection_count": 0,
        "center_lat": 17.38693693693694,
        "center_lng": 78.48680242151644
      }
    },
    {
      "type": "Feature",
      "geometry": {
        "type": "Polygon",
        "coordinates": [
          [
            [
              17.386891891891896,
              78.48684962278212
            ],
            [
              17.386981981981986,
              78.48684962278212
            ],
            [
              17.386981981981986,
              78.48694402531346
            ],
            [
              17.386891891891896,
              78.48694402531346
            ],
            [
              17.386891891891896,
              78.48684962278212
            ]
          ]
        ]
      },
      "properties": {
        "tile_id": 681,
        "score": 0,
        "disease": null,
        "severity": "none",
        "last_seen": null,
        "detection_count": 0,
        "center_lat": 17.38693693693694,
        "center_lng": 78.48689682404779
      }
    },
    {
      "type": "Feature",
      "geometry": {
        "type": "Polygon",
        "coordinates": [
          [
            [
              17.386891891891896,
              78.48694402531346
            ],
            [
              17.386981981981986,
              78.48694402531346
            ],
            [
              17.386981981981986,
              78.48703842784481
            ],
            [
              17.386891891891896,
              78.48703842784481
            ],
            [
              17.386891891891896,
              78.48694402531346
            ]
          ]
        ]
      },
      "properties": {
        "tile_id": 682,
        "score": 0,
        "disease": null,
        "severity": "none",
        "last_seen": null,
        "detection_count": 0,
        "center_lat": 17.38693693693694,
        "center_lng": 78.48699122657914
      }
    },
    {
      "type": "Feature",
      "geometry": {
        "type": "Polygon",
        "coordinates": [
          [
            [
              17.386891891891896,
              78.48703842784481
            ],
            [
              17.386981981981986,
              78.48703842784481
            ],
            [
              17.386981981981986,
              78.48713283037615
            ],
            [
              17.386891891891896,
              78.48713283037615
            ],
            [
              17.386891891891896,
              78.48703842784481
            ]
          ]
        ]
      },
      "properties": {
        "tile_id": 683,
        "score": 0,
        "disease": null,
        "severity": "none",
        "last_seen": null,
        "detection_count": 0,
        "center_lat": 17.38693693693694,
        "center_lng": 78.48708562911048
      }
    },
    {
      "type": "Feature",
      "geometry": {
        "type": "Polygon",
        "coordinates": [
          [
            [
              17.386891891891896,
              78.48713283037615
            ],
            [
              17.386981981981986,
              78.48713283037615
            ],
            [
              17.386981981981986,
              78.4872272329075
            ],
            [
              17.386891891891896,
              78.4872272329075
            ],
            [
              17.386891891891896,
              78.48713283037615
            ]
          ]
        ]
      },
      "properties": {
        "tile_id": 684,
        "score": 0,
        "disease": null,
        "severity": "none",
        "last_seen": null,
        "detection_count": 0,
        "center_lat": 17.38693693693694,
        "center_lng": 78.48718003164183
      }
    },
    {
      "type": "Feature",
      "geometry": {
        "type": "Polygon",
        "coordinates": [
          [
            [
              17.386891891891896,
              78.4872272329075
            ],
            [
              17.386981981981986,
              78.4872272329075
            ],
            [
              17.386981981981986,
              78.48732163543885
            ],
            [
              17.386891891891896,
              78.48732163543885
            ],
            [
              17.386891891891896,
              78.4872272329075
            ]
          ]
        ]
      },
      "properties": {
        "tile_id": 685,
        "score": 0,
        "disease": null,
        "severity": "none",
        "last_seen": null,
        "detection_count": 0,
        "center_lat": 17.38693693693694,
        "center_lng": 78.48727443417317
      }
    },
    {
      "type": "Feature",
      "geometry": {
        "type": "Polygon",
        "coordinates": [
          [
            [
              17.386891891891896,
              78.48732163543885
            ],
            [
              17.386981981981986,
              78.48732163543885
            ],
            [
              17.386981981981986,
              78.48741603797019
            ],
            [
              17.386891891891896,
              78.48741603797019
            ],
            [
              17.386891891891896,
              78.48732163543885
            ]
          ]
        ]
      },
      "properties": {
        "tile_id": 686,
        "score": 0,
        "disease": null,
        "severity": "none",
        "last_seen": null,
        "detection_count": 0,
        "center_lat": 17.38693693693694,
        "center_lng": 78.48736883670452
      }
    },
    {
      "type": "Feature",
      "geometry": {
        "type": "Polygon",
        "coordinates": [
          [
            [
              17.386891891891896,
              78.48741603797019
            ],
            [
              17.386981981981986,
              78.48741603797019
            ],
            [
              17.386981981981986,
              78.48751044050154
            ],
            [
              17.386891891891896,
              78.48751044050154
            ],
            [
              17.386891891891896,
              78.48741603797019
            ]
          ]
        ]
      },
      "properties": {
        "tile_id": 687,
        "score": 0,
        "disease": null,
        "severity": "none",
        "last_seen": null,
        "detection_count": 0,
        "center_lat": 17.38693693693694,
        "center_lng": 78.48746323923586
      }
    },
    {
      "type": "Feature",
      "geometry": {
        "type": "Polygon",
        "coordinates": [
          [
            [
              17.386891891891896,
              78.48751044050154
            ],
            [
              17.386981981981986,
              78.48751044050154
            ],
            [
              17.386981981981986,
              78.48760484303288
            ],
            [
              17.386891891891896,
              78.48760484303288
            ],
            [
              17.386891891891896,
              78.48751044050154
            ]
          ]
        ]
      },
      "properties": {
        "tile_id": 688,
        "score": 0,
        "disease": null,
        "severity": "none",
        "last_seen": null,
        "detection_count": 0,
        "center_lat": 17.38693693693694,
        "center_lng": 78.48755764176721
      }
    },
    {
      "type": "Feature",
      "geometry": {
        "type": "Polygon",
        "coordinates": [
          [
            [
              17.386891891891896,
              78.48760484303288
            ],
            [
              17.386981981981986,
              78.48760484303288
            ],
            [
              17.386981981981986,
              78.48769924556423
            ],
            [
              17.386891891891896,
              78.48769924556423
            ],
            [
              17.386891891891896,
              78.48760484303288
            ]
          ]
        ]
      },
      "properties": {
        "tile_id": 689,
        "score": 0,
        "disease": null,
        "severity": "none",
        "last_seen": null,
        "detection_count": 0,
        "center_lat": 17.38693693693694,
        "center_lng": 78.48765204429856
      }
    },
    {
      "type": "Feature",
      "geometry": {
        "type": "Polygon",
        "coordinates": [
          [
            [
              17.386891891891896,
              78.48769924556423
            ],
            [
              17.386981981981986,
              78.48769924556423
            ],
            [
              17.386981981981986,
              78.48779364809558
            ],
            [
              17.386891891891896,
              78.48779364809558
            ],
            [
              17.386891891891896,
              78.48769924556423
            ]
          ]
        ]
      },
      "properties": {
        "tile_id": 690,
        "score": 0,
        "disease": null,
        "severity": "none",
        "last_seen": null,
        "detection_count": 0,
        "center_lat": 17.38693693693694,
        "center_lng": 78.4877464468299
      }
    },
    {
      "type": "Feature",
      "geometry": {
        "type": "Polygon",
        "coordinates": [
          [
            [
              17.386891891891896,
              78.48779364809558
            ],
            [
              17.386981981981986,
              78.48779364809558
            ],
            [
              17.386981981981986,
              78.48788805062692
            ],
            [
              17.386891891891896,
              78.48788805062692
            ],
            [
              17.386891891891896,
              78.48779364809558
            ]
          ]
        ]
      },
      "properties": {
        "tile_id": 691,
        "score": 0,
        "disease": null,
        "severity": "none",
        "last_seen": null,
        "detection_count": 0,
        "center_lat": 17.38693693693694,
        "center_lng": 78.48784084936125
      }
    },
    {
      "type": "Feature",
      "geometry": {
        "type": "Polygon",
        "coordinates": [
          [
            [
              17.386891891891896,
              78.48788805062692
            ],
            [
              17.386981981981986,
              78.48788805062692
            ],
            [
              17.386981981981986,
              78.48798245315827
            ],
            [
              17.386891891891896,
              78.48798245315827
            ],
            [
              17.386891891891896,
              78.48788805062692
            ]
          ]
        ]
      },
      "properties": {
        "tile_id": 692,
        "score": 0,
        "disease": null,
        "severity": "none",
        "last_seen": null,
        "detection_count": 0,
        "center_lat": 17.38693693693694,
        "center_lng": 78.4879352518926
      }
    },
    {
      "type": "Feature",
      "geometry": {
        "type": "Polygon",
        "coordinates": [
          [
            [
              17.386891891891896,
              78.48798245315827
            ],
            [
              17.386981981981986,
              78.48798245315827
            ],
            [
              17.386981981981986,
              78.48807685568961
            ],
            [
              17.386891891891896,
              78.48807685568961
            ],
            [
              17.386891891891896,
              78.48798245315827
            ]
          ]
        ]
      },
      "properties": {
        "tile_id": 693,
        "score": 0,
        "disease": null,
        "severity": "none",
        "last_seen": null,
        "detection_count": 0,
        "center_lat": 17.38693693693694,
        "center_lng": 78.48802965442394
      }
    },
    {
      "type": "Feature",
      "geometry": {
        "type": "Polygon",
        "coordinates": [
          [
            [
              17.386891891891896,
              78.48807685568961
            ],
            [
              17.386981981981986,
              78.48807685568961
            ],
            [
              17.386981981981986,
              78.48817125822096
            ],
            [
              17.386891891891896,
              78.48817125822096
            ],
            [
              17.386891891891896,
              78.48807685568961
            ]
          ]
        ]
      },
      "properties": {
        "tile_id": 694,
        "score": 0,
        "disease": null,
        "severity": "none",
        "last_seen": null,
        "detection_count": 0,
        "center_lat": 17.38693693693694,
        "center_lng": 78.48812405695529
      }
    },
    {
      "type": "Feature",
      "geometry": {
        "type": "Polygon",
        "coordinates": [
          [
            [
              17.386891891891896,
              78.48817125822096
            ],
            [
              17.386981981981986,
              78.48817125822096
            ],
            [
              17.386981981981986,
              78.4882656607523
            ],
            [
              17.386891891891896,
              78.4882656607523
            ],
            [
              17.386891891891896,
              78.48817125822096
            ]
          ]
        ]
      },
      "properties": {
        "tile_id": 695,
        "score": 0,
        "disease": null,
        "severity": "none",
        "last_seen": null,
        "detection_count": 0,
        "center_lat": 17.38693693693694,
        "center_lng": 78.48821845948663
      }
    },
    {
      "type": "Feature",
      "geometry": {
        "type": "Polygon",
        "coordinates": [
          [
            [
              17.386891891891896,
              78.4882656607523
            ],
            [
              17.386981981981986,
              78.4882656607523
            ],
            [
              17.386981981981986,
              78.48836006328365
            ],
            [
              17.386891891891896,
              78.48836006328365
            ],
            [
              17.386891891891896,
              78.4882656607523
            ]
          ]
        ]
      },
      "properties": {
        "tile_id": 696,
        "score": 0,
        "disease": null,
        "severity": "none",
        "last_seen": null,
        "detection_count": 0,
        "center_lat": 17.38693693693694,
        "center_lng": 78.48831286201798
      }
    },
    {
      "type": "Feature",
      "geometry": {
        "type": "Polygon",
        "coordinates": [
          [
            [
              17.386891891891896,
              78.48836006328365
            ],
            [
              17.386981981981986,
              78.48836006328365
            ],
            [
              17.386981981981986,
              78.488454465815
            ],
            [
              17.386891891891896,
              78.488454465815
            ],
            [
              17.386891891891896,
              78.48836006328365
            ]
          ]
        ]
      },
      "properties": {
        "tile_id": 697,
        "score": 0,
        "disease": null,
        "severity": "none",
        "last_seen": null,
        "detection_count": 0,
        "center_lat": 17.38693693693694,
        "center_lng": 78.48840726454932
      }
    },
    {
      "type": "Feature",
      "geometry": {
        "type": "Polygon",
        "coordinates": [
          [
            [
              17.386891891891896,
              78.488454465815
            ],
            [
              17.386981981981986,
              78.488454465815
            ],
            [
              17.386981981981986,
              78.48854886834634
            ],
            [
              17.386891891891896,
              78.48854886834634
            ],
            [
              17.386891891891896,
              78.488454465815
            ]
          ]
        ]
      },
      "properties": {
        "tile_id": 698,
        "score": 0,
        "disease": null,
        "severity": "none",
        "last_seen": null,
        "detection_count": 0,
        "center_lat": 17.38693693693694,
        "center_lng": 78.48850166708067
      }
    },
    {
      "type": "Feature",
      "geometry": {
        "type": "Polygon",
        "coordinates": [
          [
            [
              17.386891891891896,
              78.48854886834634
            ],
            [
              17.386981981981986,
              78.48854886834634
            ],
            [
              17.386981981981986,
              78.48864327087769
            ],
            [
              17.386891891891896,
              78.48864327087769
            ],
            [
              17.386891891891896,
              78.48854886834634
            ]
          ]
        ]
      },
      "properties": {
        "tile_id": 699,
        "score": 0,
        "disease": null,
        "severity": "none",
        "last_seen": null,
        "detection_count": 0,
        "center_lat": 17.38693693693694,
        "center_lng": 78.48859606961202
      }
    },
    {
      "type": "Feature",
      "geometry": {
        "type": "Polygon",
        "coordinates": [
          [
            [
              17.386891891891896,
              78.48864327087769
            ],
            [
              17.386981981981986,
              78.48864327087769
            ],
            [
              17.386981981981986,
              78.48873767340903
            ],
            [
              17.386891891891896,
              78.48873767340903
            ],
            [
              17.386891891891896,
              78.48864327087769
            ]
          ]
        ]
      },
      "properties": {
        "tile_id": 700,
        "score": 0,
        "disease": null,
        "severity": "none",
        "last_seen": null,
        "detection_count": 0,
        "center_lat": 17.38693693693694,
        "center_lng": 78.48869047214336
      }
    },
    {
      "type": "Feature",
      "geometry": {
        "type": "Polygon",
        "coordinates": [
          [
            [
              17.386891891891896,
              78.48873767340903
            ],
            [
              17.386981981981986,
              78.48873767340903
            ],
            [
              17.386981981981986,
              78.48883207594038
            ],
            [
              17.386891891891896,
              78.48883207594038
            ],
            [
              17.386891891891896,
              78.48873767340903
            ]
          ]
        ]
      },
      "properties": {
        "tile_id": 701,
        "score": 0,
        "disease": null,
        "severity": "none",
        "last_seen": null,
        "detection_count": 0,
        "center_lat": 17.38693693693694,
        "center_lng": 78.4887848746747
      }
    },
    {
      "type": "Feature",
      "geometry": {
        "type": "Polygon",
        "coordinates": [
          [
            [
              17.386891891891896,
              78.48883207594038
            ],
            [
              17.386981981981986,
              78.48883207594038
            ],
            [
              17.386981981981986,
              78.48892647847173
            ],
            [
              17.386891891891896,
              78.48892647847173
            ],
            [
              17.386891891891896,
              78.48883207594038
            ]
          ]
        ]
      },
      "properties": {
        "tile_id": 702,
        "score": 0,
        "disease": null,
        "severity": "none",
        "last_seen": null,
        "detection_count": 0,
        "center_lat": 17.38693693693694,
        "center_lng": 78.48887927720605
      }
    },
    {
      "type": "Feature",
      "geometry": {
        "type": "Polygon",
        "coordinates": [
          [
            [
              17.386891891891896,
              78.48892647847173
            ],
            [
              17.386981981981986,
              78.48892647847173
            ],
            [
              17.386981981981986,
              78.48902088100307
            ],
            [
              17.386891891891896,
              78.48902088100307
            ],
            [
              17.386891891891896,
              78.48892647847173
            ]
          ]
        ]
      },
      "properties": {
        "tile_id": 703,
        "score": 0,
        "disease": null,
        "severity": "none",
        "last_seen": null,
        "detection_count": 0,
        "center_lat": 17.38693693693694,
        "center_lng": 78.4889736797374
      }
    }
  ]
}